video_id,canonical_url,original_url,title,uploader,channel_id,duration_sec,upload_date,view_count,like_count,dislike_count,comment_count,availability,yt_declared_language,categories,tags,subs_manual_langs,auto_caption_source_lang,has_auto_captions,caption_available,has_chapters,chapters_count,chapters_json,description,license,licensed_content,region_restriction,content_rating,made_for_kids,embeddable,public_stats_viewable,upload_status,definition,dimension,projection,live_broadcast_content,default_audio_language,favorite_count,source,fetched_at,fetch_error
5h70tn0asdo,https://www.youtube.com/watch?v=5h70tn0asdo,https://www.youtube.com/watch?v=5h70tn0asdo&list=PLDDuEZQEC_uDcYhabzxMCFCs3vGGSGVX4&index=76&t=0s,Kargin Haghordum sketch 275 (Hayko Mko),KarginTV,UCEHF-l2v0qhi_IXzrfc3uZg,201,20121228,488959,2625,,56.0,public,hy,"[""24""]","[""Kargin Haghordum"", ""Kargin haxordum"", ""Կարգին Հաղորդում"", ""Hayko Mko"", ""Armenian Humor"", ""Հայկո Մկո"", ""Հայկական Հումոր"", ""Hayko"", ""Mko"", ""Հյկո"", ""Մկո"", ""Kargin"", ""Կարգին"", ""Armenia Humor"", ""haykakan humor"", ""Armenian jokes"", ""HD"", ""humor"", ""Հումոր"", ""Kargin haxordum HD"", ""Kargin Haghordum HD"", ""Hayko Mko Kargin Haxordum"", ""jokes""]",,,,False,,,,"Կարգին Հաղորդում  
Hayko Mko Armenian Humor 
Հայկո Մկո Հայկական Հումոր",youtube,True,{},{},False,True,True,processed,hd,2d,rectangular,none,,0,api,2026-08-01T13:53:30+00:00,
RazaN_OT-tA,https://www.youtube.com/watch?v=RazaN_OT-tA,https://www.youtube.com/watch?v=RazaN_OT-tA&list=PLDDuEZQEC_uDcYhabzxMCFCs3vGGSGVX4&index=77&t=0s,Kargin Haghordum - Shef (Hayko Mko),KarginTV,UCEHF-l2v0qhi_IXzrfc3uZg,155,20121228,687045,2833,,45.0,public,hy,"[""24""]","[""Kargin Haghordum"", ""Kargin haxordum"", ""Կարգին Հաղորդում"", ""Hayko Mko"", ""Armenian Humor"", ""Հայկո Մկո"", ""Հայկական Հումոր"", ""Hayko"", ""Mko"", ""Հյկո"", ""Մկո"", ""Kargin"", ""Կարգին"", ""Armenia Humor"", ""haykakan humor"", ""Armenian jokes"", ""HD"", ""humor"", ""Հումոր"", ""Kargin haxordum HD"", ""Kargin Haghordum HD"", ""Hayko Mko Kargin Haxordum"", ""jokes""]",,,,False,,,,"Կարգին Հաղորդում  
Hayko Mko Armenian Humor 
Հայկո Մկո Հայկական Հումոր",youtube,True,{},{},False,True,True,processed,hd,2d,rectangular,none,,0,api,2026-08-01T13:53:30+00:00,
mLGEOvwcAO0,https://www.youtube.com/watch?v=mLGEOvwcAO0,https://www.youtube.com/watch?v=mLGEOvwcAO0&list=PLDDuEZQEC_uDcYhabzxMCFCs3vGGSGVX4&index=78&t=0s,Kargin Haghordum sketch 277 (Hayko Mko),KarginTV,UCEHF-l2v0qhi_IXzrfc3uZg,192,20121228,239027,1296,,28.0,public,hy,"[""24""]","[""Kargin Haghordum"", ""Kargin haxordum"", ""Կարգին Հաղորդում"", ""Hayko Mko"", ""Armenian Humor"", ""Հայկո Մկո"", ""Հայկական Հումոր"", ""Hayko"", ""Mko"", ""Հյկո"", ""Մկո"", ""Kargin"", ""Կարգին"", ""Armenia Humor"", ""haykakan humor"", ""Armenian jokes"", ""HD"", ""humor"", ""Հումոր"", ""Kargin haxordum HD"", ""Kargin Haghordum HD"", ""Hayko Mko Kargin Haxordum"", ""jokes""]",,,,False,,,,"Կարգին Հաղորդում  
Hayko Mko Armenian Humor 
Հայկո Մկո Հայկական Հումոր",youtube,True,{},{},False,True,True,processed,hd,2d,rectangular,none,,0,api,2026-08-01T13:53:30+00:00,
-paMG4kj9gg,https://www.youtube.com/watch?v=-paMG4kj9gg,https://www.youtube.com/watch?v=-paMG4kj9gg&list=PLDDuEZQEC_uDcYhabzxMCFCs3vGGSGVX4&index=79&t=0s,Kargin Haghordum sketch 278 (Hayko Mko),KarginTV,UCEHF-l2v0qhi_IXzrfc3uZg,113,20121228,254250,1933,,20.0,public,hy,"[""24""]","[""Kargin Haghordum"", ""Kargin haxordum"", ""Կարգին Հաղորդում"", ""Hayko Mko"", ""Armenian Humor"", ""Հայկո Մկո"", ""Հայկական Հումոր"", ""Hayko"", ""Mko"", ""Հյկո"", ""Մկո"", ""Kargin"", ""Կարգին"", ""Armenia Humor"", ""haykakan humor"", ""Armenian jokes"", ""HD"", ""humor"", ""Հումոր"", ""Kargin haxordum HD"", ""Kargin Haghordum HD"", ""Hayko Mko Kargin Haxordum"", ""jokes""]",,,,False,,,,"Կարգին Հաղորդում  
Hayko Mko Armenian Humor 
Հայկո Մկո Հայկական Հումոր",youtube,False,{},{},False,True,True,processed,hd,2d,rectangular,none,,0,api,2026-08-01T13:53:30+00:00,
oYbSr-GJ2Zk,https://www.youtube.com/watch?v=oYbSr-GJ2Zk,https://www.youtube.com/watch?v=oYbSr-GJ2Zk&list=PLDDuEZQEC_uDcYhabzxMCFCs3vGGSGVX4&index=80&t=0s,Kargin Haghordum sketch 279 (Hayko Mko),KarginTV,UCEHF-l2v0qhi_IXzrfc3uZg,220,20121228,404022,1929,,42.0,public,hy,"[""24""]","[""Kargin Haghordum"", ""Kargin haxordum"", ""Կարգին Հաղորդում"", ""Hayko Mko"", ""Armenian Humor"", ""Հայկո Մկո"", ""Հայկական Հումոր"", ""Hayko"", ""Mko"", ""Հյկո"", ""Մկո"", ""Kargin"", ""Կարգին"", ""Armenia Humor"", ""haykakan humor"", ""Armenian jokes"", ""HD"", ""humor"", ""Հումոր"", ""Kargin haxordum HD"", ""Kargin Haghordum HD"", ""Hayko Mko Kargin Haxordum"", ""jokes""]",,,,False,,,,"Կարգին Հաղորդում  
Hayko Mko Armenian Humor 
Հայկո Մկո Հայկական Հումոր",youtube,False,{},{},False,True,True,processed,hd,2d,rectangular,none,,0,api,2026-08-01T13:53:30+00:00,
aJv99i6NJZU,https://www.youtube.com/watch?v=aJv99i6NJZU,https://www.youtube.com/watch?v=aJv99i6NJZU&list=PLDDuEZQEC_uDcYhabzxMCFCs3vGGSGVX4&index=81&t=0s,Kargin Haghordum - Stress (Hayko Mko),KarginTV,UCEHF-l2v0qhi_IXzrfc3uZg,207,20121228,586474,3241,,44.0,public,hy,"[""24""]","[""Kargin Haghordum"", ""Kargin haxordum"", ""Կարգին Հաղորդում"", ""Hayko Mko"", ""Armenian Humor"", ""Հայկո Մկո"", ""Հայկական Հումոր"", ""Hayko"", ""Mko"", ""Հյկո"", ""Մկո"", ""Kargin"", ""Կարգին"", ""Armenia Humor"", ""haykakan humor"", ""Armenian jokes"", ""HD"", ""humor"", ""Հումոր"", ""Kargin haxordum HD"", ""Kargin Haghordum HD"", ""Hayko Mko Kargin Haxordum"", ""jokes""]",,,,False,,,,"Կարգին Հաղորդում  
Hayko Mko Armenian Humor 
Հայկո Մկո Հայկական Հումոր",youtube,True,{},{},False,True,True,processed,hd,2d,rectangular,none,,0,api,2026-08-01T13:53:30+00:00,
2nLtQ6V0QZw,https://www.youtube.com/watch?v=2nLtQ6V0QZw,https://www.youtube.com/watch?v=2nLtQ6V0QZw&list=PLDDuEZQEC_uDcYhabzxMCFCs3vGGSGVX4&index=82&t=0s,Kargin Haghordum sketch 281 (Hayko Mko),KarginTV,UCEHF-l2v0qhi_IXzrfc3uZg,139,20121228,62725,295,,3.0,public,hy,"[""24""]","[""Kargin Haghordum"", ""Kargin haxordum"", ""Կարգին Հաղորդում"", ""Hayko Mko"", ""Armenian Humor"", ""Հայկո Մկո"", ""Հայկական Հումոր"", ""Hayko"", ""Mko"", ""Հյկո"", ""Մկո"", ""Kargin"", ""Կարգին"", ""Armenia Humor"", ""haykakan humor"", ""Armenian jokes"", ""HD"", ""humor"", ""Հումոր"", ""Kargin haxordum HD"", ""Kargin Haghordum HD"", ""Hayko Mko Kargin Haxordum"", ""jokes""]",,,,False,,,,"Կարգին Հաղորդում  
Hayko Mko Armenian Humor 
Հայկո Մկո Հայկական Հումոր",youtube,True,{},{},False,True,True,processed,hd,2d,rectangular,none,,0,api,2026-08-01T13:53:30+00:00,
TLD0RhsCHrc,https://www.youtube.com/watch?v=TLD0RhsCHrc,https://www.youtube.com/watch?v=TLD0RhsCHrc&list=PLDDuEZQEC_uDcYhabzxMCFCs3vGGSGVX4&index=96&t=0s,Kargin Haghordum sketch 295 (Hayko Mko),KarginTV,UCEHF-l2v0qhi_IXzrfc3uZg,54,20121228,99231,533,,5.0,public,hy,"[""24""]","[""Kargin Haghordum"", ""Kargin haxordum"", ""Կարգին Հաղորդում"", ""Hayko Mko"", ""Armenian Humor"", ""Հայկո Մկո"", ""Հայկական Հումոր"", ""Hayko"", ""Mko"", ""Հյկո"", ""Մկո"", ""Kargin"", ""Կարգին"", ""Armenia Humor"", ""haykakan humor"", ""Armenian jokes"", ""HD"", ""humor"", ""Հումոր"", ""Kargin haxordum HD"", ""Kargin Haghordum HD"", ""Hayko Mko Kargin Haxordum"", ""jokes""]",,,,False,,,,"Կարգին Հաղորդում  
Hayko Mko Armenian Humor 
Հայկո Մկո Հայկական Հումոր",youtube,True,{},{},False,True,True,processed,hd,2d,rectangular,none,,0,api,2026-08-01T13:53:30+00:00,
ja-t-8MEMKc,https://www.youtube.com/watch?v=ja-t-8MEMKc,https://www.youtube.com/watch?v=ja-t-8MEMKc&list=PLDDuEZQEC_uDcYhabzxMCFCs3vGGSGVX4&index=97&t=0s,Kargin Haghordum sketch 296 (Hayko Mko),KarginTV,UCEHF-l2v0qhi_IXzrfc3uZg,98,20121228,100076,480,,16.0,public,hy,"[""24""]","[""Kargin Haghordum"", ""Kargin haxordum"", ""Կարգին Հաղորդում"", ""Hayko Mko"", ""Armenian Humor"", ""Հայկո Մկո"", ""Հայկական Հումոր"", ""Hayko"", ""Mko"", ""Հյկո"", ""Մկո"", ""Kargin"", ""Կարգին"", ""Armenia Humor"", ""haykakan humor"", ""Armenian jokes"", ""HD"", ""humor"", ""Հումոր"", ""Kargin haxordum HD"", ""Kargin Haghordum HD"", ""Hayko Mko Kargin Haxordum"", ""jokes""]",,,,False,,,,"Կարգին Հաղորդում  
Hayko Mko Armenian Humor 
Հայկո Մկո Հայկական Հումոր",youtube,True,{},{},False,True,True,processed,hd,2d,rectangular,none,,0,api,2026-08-01T13:53:30+00:00,
gX0BVfHJxe8,https://www.youtube.com/watch?v=gX0BVfHJxe8,https://www.youtube.com/watch?v=gX0BVfHJxe8&list=PLDDuEZQEC_uDcYhabzxMCFCs3vGGSGVX4&index=99&t=0s,Kargin Haghordum sketch 298 (Hayko Mko),KarginTV,UCEHF-l2v0qhi_IXzrfc3uZg,77,20121228,313887,1516,,16.0,public,hy,"[""24""]","[""Kargin Haghordum"", ""Kargin haxordum"", ""Կարգին Հաղորդում"", ""Hayko Mko"", ""Armenian Humor"", ""Հայկո Մկո"", ""Հայկական Հումոր"", ""Hayko"", ""Mko"", ""Հյկո"", ""Մկո"", ""Kargin"", ""Կարգին"", ""Armenia Humor"", ""haykakan humor"", ""Armenian jokes"", ""HD"", ""humor"", ""Հումոր"", ""Kargin haxordum HD"", ""Kargin Haghordum HD"", ""Hayko Mko Kargin Haxordum"", ""jokes""]",,,,False,,,,"Կարգին Հաղորդում  
Hayko Mko Armenian Humor 
Հայկո Մկո Հայկական Հումոր",youtube,True,{},{},False,True,True,processed,hd,2d,rectangular,none,,0,api,2026-08-01T13:53:30+00:00,
fsW7XueiNLg,https://www.youtube.com/watch?v=fsW7XueiNLg,https://www.youtube.com/watch?v=fsW7XueiNLg&list=PLDDuEZQEC_uDcYhabzxMCFCs3vGGSGVX4&index=100&t=0s,Kargin Haghordum sketch 299,KarginTV,UCEHF-l2v0qhi_IXzrfc3uZg,260,20121228,446209,2935,,42.0,public,hy,"[""24""]","[""Kargin Haghordum"", ""Kargin haxordum"", ""Կարգին Հաղորդում"", ""Hayko Mko"", ""Armenian Humor"", ""Հայկո Մկո"", ""Հայկական Հումոր"", ""Hayko"", ""Mko"", ""Հյկո"", ""Մկո"", ""Kargin"", ""Կարգին"", ""Armenia Humor"", ""haykakan humor"", ""Armenian jokes"", ""HD"", ""humor"", ""Հումոր"", ""Kargin haxordum HD"", ""Kargin Haghordum HD"", ""Hayko Mko Kargin Haxordum"", ""jokes""]",,,,False,,,,"Կարգին Հաղորդում  
Hayko Mko Armenian Humor 
Հայկո Մկո Հայկական Հումոր",youtube,True,{},{},False,True,True,processed,hd,2d,rectangular,none,,0,api,2026-08-01T13:53:30+00:00,
xQpgwwduLeI,https://www.youtube.com/watch?v=xQpgwwduLeI,https://www.youtube.com/watch?v=xQpgwwduLeI&list=PLDDuEZQEC_uDcYhabzxMCFCs3vGGSGVX4&index=101&t=0s,Kargin Haghordum sketch 300,KarginTV,UCEHF-l2v0qhi_IXzrfc3uZg,83,20121228,126157,927,,12.0,public,hy,"[""24""]","[""Kargin Haghordum"", ""Kargin haxordum"", ""Կարգին Հաղորդում"", ""Hayko Mko"", ""Armenian Humor"", ""Հայկո Մկո"", ""Հայկական Հումոր"", ""Hayko"", ""Mko"", ""Հյկո"", ""Մկո"", ""Kargin"", ""Կարգին"", ""Armenia Humor"", ""haykakan humor"", ""Armenian jokes"", ""HD"", ""humor"", ""Հումոր"", ""Kargin haxordum HD"", ""Kargin Haghordum HD"", ""Hayko Mko Kargin Haxordum"", ""jokes""]",,,,False,,,,"Կարգին Հաղորդում  
Hayko Mko Armenian Humor 
Հայկո Մկո Հայկական Հումոր",youtube,True,{},{},False,True,True,processed,hd,2d,rectangular,none,,0,api,2026-08-01T13:53:30+00:00,
qgUcDdWTOqE,https://www.youtube.com/watch?v=qgUcDdWTOqE,https://www.youtube.com/watch?v=qgUcDdWTOqE&list=PLDDuEZQEC_uDcYhabzxMCFCs3vGGSGVX4&index=102&t=0s,Kargin Haghordum sketch 301 (Hayko Mko),KarginTV,UCEHF-l2v0qhi_IXzrfc3uZg,126,20121228,385113,1573,,23.0,public,hy,"[""24""]","[""Hayko Mko Karginh"", ""Hayko Mko Kargin Haxordum"", ""Harc@"", ""Vorna""]",,,,False,,,,"Կարգին Հաղորդում  
Hayko Mko Armenian Humor 
Հայկո Մկո Հայկական Հումոր",youtube,False,{},{},False,True,True,processed,hd,2d,rectangular,none,,0,api,2026-08-01T13:53:30+00:00,
Pp2eMnH6Zd8,https://www.youtube.com/watch?v=Pp2eMnH6Zd8,https://www.youtube.com/watch?v=Pp2eMnH6Zd8&list=PLDDuEZQEC_uDcYhabzxMCFCs3vGGSGVX4&index=103&t=0s,Kargin Haghordum sketch 302 (Hayko Mko),KarginTV,UCEHF-l2v0qhi_IXzrfc3uZg,280,20121228,194941,1766,,30.0,public,hy,"[""24""]","[""Kargin Haghordum"", ""Kargin haxordum"", ""Կարգին Հաղորդում"", ""Hayko Mko"", ""Armenian Humor"", ""Հայկո Մկո"", ""Հայկական Հումոր"", ""Hayko"", ""Mko"", ""Հյկո"", ""Մկո"", ""Kargin"", ""Կարգին"", ""Armenia Humor"", ""haykakan humor"", ""Armenian jokes"", ""HD"", ""humor"", ""Հումոր"", ""Kargin haxordum HD"", ""Kargin Haghordum HD"", ""Hayko Mko Kargin Haxordum"", ""jokes""]",,,,False,,,,"Կարգին Հաղորդում  
Hayko Mko Armenian Humor 
Հայկո Մկո Հայկական Հումոր",youtube,True,{},{},False,True,True,processed,hd,2d,rectangular,none,,0,api,2026-08-01T13:53:30+00:00,
54CspqHsW2s,https://www.youtube.com/watch?v=54CspqHsW2s,https://www.youtube.com/watch?v=54CspqHsW2s&list=PLDDuEZQEC_uDcYhabzxMCFCs3vGGSGVX4&index=123&t=0s,Kargin Haghordum sketch 322 (Hayko Mko),KarginTV,UCEHF-l2v0qhi_IXzrfc3uZg,87,20121228,279948,1690,,15.0,public,hy,"[""24""]","[""Kargin Haghordum"", ""Kargin haxordum"", ""Կարգին Հաղորդում"", ""Hayko Mko"", ""Armenian Humor"", ""Հայկո Մկո"", ""Հայկական Հումոր"", ""Hayko"", ""Mko"", ""Հյկո"", ""Մկո"", ""Kargin"", ""Կարգին"", ""Armenia Humor"", ""haykakan humor"", ""Armenian jokes"", ""HD"", ""humor"", ""Հումոր"", ""Kargin haxordum HD"", ""Kargin Haghordum HD"", ""Hayko Mko Kargin Haxordum"", ""jokes""]",,,,False,,,,"Կարգին Հաղորդում  
Hayko Mko Armenian Humor 
Հայկո Մկո Հայկական Հումոր",youtube,True,{},{},False,True,True,processed,hd,2d,rectangular,none,,0,api,2026-08-01T13:53:30+00:00,
K6wlN6Nm-Ak,https://www.youtube.com/watch?v=K6wlN6Nm-Ak,https://www.youtube.com/watch?v=K6wlN6Nm-Ak&list=PLDDuEZQEC_uDcYhabzxMCFCs3vGGSGVX4&index=124&t=0s,Kargin Haghordum sketch 323 (Hayko Mko),KarginTV,UCEHF-l2v0qhi_IXzrfc3uZg,228,20121228,585391,2669,,52.0,public,hy,"[""24""]","[""Kargin Haghordum"", ""Kargin haxordum"", ""Կարգին Հաղորդում"", ""Hayko Mko"", ""Armenian Humor"", ""Հայկո Մկո"", ""Հայկական Հումոր"", ""Hayko"", ""Mko"", ""Հյկո"", ""Մկո"", ""Kargin"", ""Կարգին"", ""Armenia Humor"", ""haykakan humor"", ""Armenian jokes"", ""HD"", ""humor"", ""Հումոր"", ""Kargin haxordum HD"", ""Kargin Haghordum HD"", ""Hayko Mko Kargin Haxordum"", ""jokes""]",,,,False,,,,"Կարգին Հաղորդում  
Hayko Mko Armenian Humor 
Հայկո Մկո Հայկական Հումոր",youtube,False,"{""blocked"": [""RU""]}",{},False,True,True,processed,hd,2d,rectangular,none,,0,api,2026-08-01T13:53:30+00:00,
0c7AdcB4YDI,https://www.youtube.com/watch?v=0c7AdcB4YDI,https://www.youtube.com/watch?v=0c7AdcB4YDI&list=PLDDuEZQEC_uDcYhabzxMCFCs3vGGSGVX4&index=125&t=0s,Kargin Haghordum sketch 324 (Hayko Mko),KarginTV,UCEHF-l2v0qhi_IXzrfc3uZg,98,20121228,387831,1926,,29.0,public,hy,"[""24""]","[""Kargin Haghordum"", ""Kargin haxordum"", ""Կարգին Հաղորդում"", ""Hayko Mko"", ""Armenian Humor"", ""Հայկո Մկո"", ""Հայկական Հումոր"", ""Hayko"", ""Mko"", ""Հյկո"", ""Մկո"", ""Kargin"", ""Կարգին"", ""Armenia Humor"", ""haykakan humor"", ""Armenian jokes"", ""HD"", ""humor"", ""Հումոր"", ""Kargin haxordum HD"", ""Kargin Haghordum HD"", ""Hayko Mko Kargin Haxordum"", ""jokes""]",,,,False,,,,"Կարգին Հաղորդում  
Hayko Mko Armenian Humor 
Հայկո Մկո Հայկական Հումոր",youtube,False,{},{},False,True,True,processed,hd,2d,rectangular,none,,0,api,2026-08-01T13:53:30+00:00,
Sgb5J28l0IM,https://www.youtube.com/watch?v=Sgb5J28l0IM,https://www.youtube.com/watch?v=Sgb5J28l0IM&list=PLDDuEZQEC_uDcYhabzxMCFCs3vGGSGVX4&index=126&t=0s,Kargin Haghordum - Brnabarelen (Hayko Mko),KarginTV,UCEHF-l2v0qhi_IXzrfc3uZg,141,20121228,212476,1889,,37.0,public,hy,"[""24""]","[""Kargin Haghordum"", ""Kargin haxordum"", ""Կարգին Հաղորդում"", ""Hayko Mko"", ""Armenian Humor"", ""Հայկո Մկո"", ""Հայկական Հումոր"", ""Hayko"", ""Mko"", ""Հյկո"", ""Մկո"", ""Kargin"", ""Կարգին"", ""Armenia Humor"", ""haykakan humor"", ""Armenian jokes"", ""HD"", ""humor"", ""Հումոր"", ""Kargin haxordum HD"", ""Kargin Haghordum HD"", ""Hayko Mko Kargin Haxordum"", ""jokes""]",,,,False,,,,"Կարգին Հաղորդում  
Hayko Mko Armenian Humor 
Հայկո Մկո Հայկական Հումոր",youtube,True,{},{},False,True,True,processed,hd,2d,rectangular,none,,0,api,2026-08-01T13:53:30+00:00,
z3FMKrxzWhc,https://www.youtube.com/watch?v=z3FMKrxzWhc,https://www.youtube.com/watch?v=z3FMKrxzWhc&list=PLDDuEZQEC_uDcYhabzxMCFCs3vGGSGVX4&index=127&t=0s,Kargin Haghordum sketch 326 (Hayko Mko),KarginTV,UCEHF-l2v0qhi_IXzrfc3uZg,155,20121228,174404,1200,,28.0,public,hy,"[""24""]","[""Kargin Haghordum"", ""Kargin haxordum"", ""Կարգին Հաղորդում"", ""Hayko Mko"", ""Armenian Humor"", ""Հայկո Մկո"", ""Հայկական Հումոր"", ""Hayko"", ""Mko"", ""Հյկո"", ""Մկո"", ""Kargin"", ""Կարգին"", ""Armenia Humor"", ""haykakan humor"", ""Armenian jokes"", ""HD"", ""humor"", ""Հումոր"", ""Kargin haxordum HD"", ""Kargin Haghordum HD"", ""Hayko Mko Kargin Haxordum"", ""jokes""]",,,,False,,,,"Կարգին Հաղորդում  
Hayko Mko Armenian Humor 
Հայկո Մկո Հայկական Հումոր",youtube,True,{},{},False,True,True,processed,hd,2d,rectangular,none,,0,api,2026-08-01T13:53:30+00:00,
o4r6M4zxoUo,https://www.youtube.com/watch?v=o4r6M4zxoUo,https://www.youtube.com/watch?v=o4r6M4zxoUo&list=PLDDuEZQEC_uDcYhabzxMCFCs3vGGSGVX4&index=128&t=0s,Kargin Haghordum sketch 327 (Hayko Mko),KarginTV,UCEHF-l2v0qhi_IXzrfc3uZg,153,20121228,375060,2339,,28.0,public,hy,"[""24""]","[""Kargin Haghordum"", ""Kargin haxordum"", ""Կարգին Հաղորդում"", ""Hayko Mko"", ""Armenian Humor"", ""Հայկո Մկո"", ""Հայկական Հումոր"", ""Hayko"", ""Mko"", ""Հյկո"", ""Մկո"", ""Kargin"", ""Կարգին"", ""Armenia Humor"", ""haykakan humor"", ""Armenian jokes"", ""HD"", ""humor"", ""Հումոր"", ""Kargin haxordum HD"", ""Kargin Haghordum HD"", ""Hayko Mko Kargin Haxordum"", ""jokes""]",,,,False,,,,"Կարգին Հաղորդում  
Hayko Mko Armenian Humor 
Հայկո Մկո Հայկական Հումոր",youtube,True,{},{},False,True,True,processed,hd,2d,rectangular,none,,0,api,2026-08-01T13:53:30+00:00,
7rP-ITVzPOQ,https://www.youtube.com/watch?v=7rP-ITVzPOQ,https://www.youtube.com/watch?v=7rP-ITVzPOQ&list=PLDDuEZQEC_uDcYhabzxMCFCs3vGGSGVX4&index=129&t=0s,Kargin Haghordum sketch 328 (Hayko Mko),KarginTV,UCEHF-l2v0qhi_IXzrfc3uZg,154,20121228,1086319,5653,,135.0,public,hy,"[""24""]","[""Kargin Haghordum"", ""Kargin haxordum"", ""Կարգին Հաղորդում"", ""Hayko Mko"", ""Armenian Humor"", ""Հայկո Մկո"", ""Հայկական Հումոր"", ""Hayko"", ""Mko"", ""Հյկո"", ""Մկո"", ""Kargin"", ""Կարգին"", ""Armenia Humor"", ""haykakan humor"", ""Armenian jokes"", ""HD"", ""humor"", ""Հումոր"", ""Kargin haxordum HD"", ""Kargin Haghordum HD"", ""Hayko Mko Kargin Haxordum"", ""jokes""]",,,,False,,,,"Կարգին Հաղորդում  
Hayko Mko Armenian Humor 
Հայկո Մկո Հայկական Հումոր",youtube,True,{},{},False,True,True,processed,hd,2d,rectangular,none,,0,api,2026-08-01T13:53:30+00:00,
YhChvEsI1-Y,https://www.youtube.com/watch?v=YhChvEsI1-Y,https://www.youtube.com/watch?v=YhChvEsI1-Y&list=PLDDuEZQEC_uDcYhabzxMCFCs3vGGSGVX4&index=130&t=0s,Kargin Haghordum - Jaga Juga (Hayko Mko),KarginTV,UCEHF-l2v0qhi_IXzrfc3uZg,131,20121228,948561,4183,,65.0,public,hy,"[""24""]","[""Kargin Haghordum"", ""Kargin haxordum"", ""Կարգին Հաղորդում"", ""Hayko Mko"", ""Armenian Humor"", ""Հայկո Մկո"", ""Հայկական Հումոր"", ""Hayko"", ""Mko"", ""Հյկո"", ""Մկո"", ""Kargin"", ""Կարգին"", ""Armenia Humor"", ""haykakan humor"", ""Armenian jokes"", ""HD"", ""humor"", ""Հումոր"", ""Kargin haxordum HD"", ""Kargin Haghordum HD"", ""Hayko Mko Kargin Haxordum"", ""jokes""]",,,,False,,,,"Կարգին Հաղորդում  
Hayko Mko Armenian Humor 
Հայկո Մկո Հայկական Հումոր",youtube,True,{},{},False,True,True,processed,hd,2d,rectangular,none,,0,api,2026-08-01T13:53:32+00:00,
KoKuzghICis,https://www.youtube.com/watch?v=KoKuzghICis,https://www.youtube.com/watch?v=KoKuzghICis&list=PLDDuEZQEC_uDcYhabzxMCFCs3vGGSGVX4&index=131&t=0s,Kargin Haghordum sketch 330,KarginTV,UCEHF-l2v0qhi_IXzrfc3uZg,131,20121228,725153,4081,,42.0,public,hy,"[""24""]","[""Kargin Haghordum"", ""Kargin haxordum"", ""Կարգին Հաղորդում"", ""Hayko Mko"", ""Armenian Humor"", ""Հայկո Մկո"", ""Հայկական Հումոր"", ""Hayko"", ""Mko"", ""Հյկո"", ""Մկո"", ""Kargin"", ""Կարգին"", ""Armenia Humor"", ""haykakan humor"", ""Armenian jokes"", ""HD"", ""humor"", ""Հումոր"", ""Kargin haxordum HD"", ""Kargin Haghordum HD"", ""Hayko Mko Kargin Haxordum"", ""jokes""]",,,,False,,,,"Կարգին Հաղորդում  
Hayko Mko Armenian Humor 
Հայկո Մկո Հայկական Հումոր",youtube,True,{},{},False,True,True,processed,hd,2d,rectangular,none,,0,api,2026-08-01T13:53:32+00:00,
mPi-BHQ88uk,https://www.youtube.com/watch?v=mPi-BHQ88uk,https://www.youtube.com/watch?v=mPi-BHQ88uk&list=PLDDuEZQEC_uDcYhabzxMCFCs3vGGSGVX4&index=132&t=0s,Kargin Haghordum - Galuboy (Hayko Mko),KarginTV,UCEHF-l2v0qhi_IXzrfc3uZg,188,20121228,419183,1983,,45.0,public,hy,"[""24""]","[""Kargin Haghordum"", ""Kargin haxordum"", ""Կարգին Հաղորդում"", ""Hayko Mko"", ""Armenian Humor"", ""Հայկո Մկո"", ""Հայկական Հումոր"", ""Hayko"", ""Mko"", ""Հյկո"", ""Մկո"", ""Kargin"", ""Կարգին"", ""Armenia Humor"", ""haykakan humor"", ""Armenian jokes"", ""HD"", ""humor"", ""Հումոր"", ""Kargin haxordum HD"", ""Kargin Haghordum HD"", ""Hayko Mko Kargin Haxordum"", ""jokes""]",,,,False,,,,"Կարգին Հաղորդում  
Hayko Mko Armenian Humor 
Հայկո Մկո Հայկական Հումոր",youtube,True,{},{},False,True,True,processed,hd,2d,rectangular,none,,0,api,2026-08-01T13:53:32+00:00,
5F6CLHl2l70,https://www.youtube.com/watch?v=5F6CLHl2l70,https://www.youtube.com/watch?v=5F6CLHl2l70&list=PLDDuEZQEC_uDcYhabzxMCFCs3vGGSGVX4&index=133&t=0s,Kargin Haghordum - Jorik (Hayko Mko),KarginTV,UCEHF-l2v0qhi_IXzrfc3uZg,185,20121228,1535221,5246,,160.0,public,hy,"[""24""]","[""Kargin Haghordum"", ""Kargin haxordum"", ""Կարգին Հաղորդում"", ""Hayko Mko"", ""Armenian Humor"", ""Հայկո Մկո"", ""Հայկական Հումոր"", ""Hayko"", ""Mko"", ""Հյկո"", ""Մկո"", ""Kargin"", ""Կարգին"", ""Armenia Humor"", ""haykakan humor"", ""Armenian jokes"", ""HD"", ""humor"", ""Հումոր"", ""Kargin haxordum HD"", ""Kargin Haghordum HD"", ""Hayko Mko Kargin Haxordum"", ""jokes""]",,,,False,,,,"Կարգին Հաղորդում  
Hayko Mko Armenian Humor 
Հայկո Մկո Հայկական Հումոր",youtube,True,{},{},False,True,True,processed,hd,2d,rectangular,none,,0,api,2026-08-01T13:53:32+00:00,
j5NeiB-cXX8,https://www.youtube.com/watch?v=j5NeiB-cXX8,https://www.youtube.com/watch?v=j5NeiB-cXX8&list=PLDDuEZQEC_uDcYhabzxMCFCs3vGGSGVX4&index=134&t=0s,Kargin Haghordum sketch 333 (Hayko Mko),KarginTV,UCEHF-l2v0qhi_IXzrfc3uZg,44,20121228,667663,4427,,42.0,public,hy,"[""24""]","[""Kargin Haghordum"", ""Kargin haxordum"", ""Կարգին Հաղորդում"", ""Hayko Mko"", ""Armenian Humor"", ""Հայկո Մկո"", ""Հայկական Հումոր"", ""Hayko"", ""Mko"", ""Հյկո"", ""Մկո"", ""Kargin"", ""Կարգին"", ""Armenia Humor"", ""haykakan humor"", ""Armenian jokes"", ""HD"", ""humor"", ""Հումոր"", ""Kargin haxordum HD"", ""Kargin Haghordum HD"", ""Hayko Mko Kargin Haxordum"", ""jokes""]",,,,False,,,,"Կարգին Հաղորդում  
Hayko Mko Armenian Humor 
Հայկո Մկո Հայկական Հումոր",youtube,True,{},{},False,True,True,processed,hd,2d,rectangular,none,,0,api,2026-08-01T13:53:32+00:00,
bEku95UkuFk,https://www.youtube.com/watch?v=bEku95UkuFk,https://www.youtube.com/watch?v=bEku95UkuFk&list=PLDDuEZQEC_uDcYhabzxMCFCs3vGGSGVX4&index=135&t=0s,Kargin Haghordum sketch 334 (Hayko Mko),KarginTV,UCEHF-l2v0qhi_IXzrfc3uZg,201,20121228,209098,708,,6.0,public,hy,"[""24""]","[""Kargin Haghordum"", ""Kargin haxordum"", ""Կարգին Հաղորդում"", ""Hayko Mko"", ""Armenian Humor"", ""Հայկո Մկո"", ""Հայկական Հումոր"", ""Hayko"", ""Mko"", ""Հյկո"", ""Մկո"", ""Kargin"", ""Կարգին"", ""Armenia Humor"", ""haykakan humor"", ""Armenian jokes"", ""HD"", ""humor"", ""Հումոր"", ""Kargin haxordum HD"", ""Kargin Haghordum HD"", ""Hayko Mko Kargin Haxordum"", ""jokes""]",,,,False,,,,"Կարգին Հաղորդում  
Hayko Mko Armenian Humor 
Հայկո Մկո Հայկական Հումոր",youtube,False,{},{},False,True,True,processed,hd,2d,rectangular,none,,0,api,2026-08-01T13:53:32+00:00,
e_oaM_OaTTU,https://www.youtube.com/watch?v=e_oaM_OaTTU,https://www.youtube.com/watch?v=e_oaM_OaTTU&list=PLDDuEZQEC_uDcYhabzxMCFCs3vGGSGVX4&index=136&t=0s,Kargin Haghordum sketch 335 (Hayko Mko),KarginTV,UCEHF-l2v0qhi_IXzrfc3uZg,175,20121228,651808,3245,,61.0,public,hy,"[""24""]","[""Kargin Haghordum"", ""Kargin haxordum"", ""Կարգին Հաղորդում"", ""Hayko Mko"", ""Armenian Humor"", ""Հայկո Մկո"", ""Հայկական Հումոր"", ""Hayko"", ""Mko"", ""Հյկո"", ""Մկո"", ""Kargin"", ""Կարգին"", ""Armenia Humor"", ""haykakan humor"", ""Armenian jokes"", ""HD"", ""humor"", ""Հումոր"", ""Kargin haxordum HD"", ""Kargin Haghordum HD"", ""Hayko Mko Kargin Haxordum"", ""jokes""]",,,,False,,,,"Կարգին Հաղորդում  
Hayko Mko Armenian Humor 
Հայկո Մկո Հայկական Հումոր",youtube,True,{},{},False,True,True,processed,hd,2d,rectangular,none,,0,api,2026-08-01T13:53:32+00:00,
OInkgOVGUy4,https://www.youtube.com/watch?v=OInkgOVGUy4,https://www.youtube.com/watch?v=OInkgOVGUy4&list=PLDDuEZQEC_uDcYhabzxMCFCs3vGGSGVX4&index=137&t=0s,Kargin Haghordum sketch 336 (Hayko Mko),KarginTV,UCEHF-l2v0qhi_IXzrfc3uZg,201,20121228,442887,2486,,42.0,public,hy,"[""24""]","[""Kargin Haghordum"", ""Kargin haxordum"", ""Կարգին Հաղորդում"", ""Hayko Mko"", ""Armenian Humor"", ""Հայկո Մկո"", ""Հայկական Հումոր"", ""Hayko"", ""Mko"", ""Հյկո"", ""Մկո"", ""Kargin"", ""Կարգին"", ""Armenia Humor"", ""haykakan humor"", ""Armenian jokes"", ""HD"", ""humor"", ""Հումոր"", ""Kargin haxordum HD"", ""Kargin Haghordum HD"", ""Hayko Mko Kargin Haxordum"", ""jokes""]",,,,False,,,,"Կարգին Հաղորդում  
Hayko Mko Armenian Humor 
Հայկո Մկո Հայկական Հումոր",youtube,True,{},{},False,True,True,processed,hd,2d,rectangular,none,,0,api,2026-08-01T13:53:32+00:00,
7ZWLrWrEjJo,https://www.youtube.com/watch?v=7ZWLrWrEjJo,https://www.youtube.com/watch?v=7ZWLrWrEjJo&list=PLDDuEZQEC_uDcYhabzxMCFCs3vGGSGVX4&index=138&t=0s,Kargin Haghordum sketch 337 (Hayko Mko),KarginTV,UCEHF-l2v0qhi_IXzrfc3uZg,114,20121228,456222,2197,,43.0,public,hy,"[""24""]","[""Kargin Haghordum"", ""Kargin haxordum"", ""Կարգին Հաղորդում"", ""Hayko Mko"", ""Armenian Humor"", ""Հայկո Մկո"", ""Հայկական Հումոր"", ""Hayko"", ""Mko"", ""Հյկո"", ""Մկո"", ""Kargin"", ""Կարգին"", ""Armenia Humor"", ""haykakan humor"", ""Armenian jokes"", ""HD"", ""humor"", ""Հումոր"", ""Kargin haxordum HD"", ""Kargin Haghordum HD"", ""Hayko Mko Kargin Haxordum"", ""jokes""]",,,,False,,,,"Կարգին Հաղորդում  
Hayko Mko Armenian Humor 
Հայկո Մկո Հայկական Հումոր",youtube,True,{},{},False,True,True,processed,hd,2d,rectangular,none,,0,api,2026-08-01T13:53:32+00:00,
1kvduqCNtRM,https://www.youtube.com/watch?v=1kvduqCNtRM,https://www.youtube.com/watch?v=1kvduqCNtRM&list=PLDDuEZQEC_uDcYhabzxMCFCs3vGGSGVX4&index=139&t=0s,Kargin Haghordum sketch 338 (Hayko Mko),KarginTV,UCEHF-l2v0qhi_IXzrfc3uZg,177,20121228,1307437,5938,,101.0,public,hy,"[""24""]","[""Kargin Haghordum"", ""Kargin haxordum"", ""Կարգին Հաղորդում"", ""Hayko Mko"", ""Armenian Humor"", ""Հայկո Մկո"", ""Հայկական Հումոր"", ""Hayko"", ""Mko"", ""Հյկո"", ""Մկո"", ""Kargin"", ""Կարգին"", ""Armenia Humor"", ""haykakan humor"", ""Armenian jokes"", ""HD"", ""humor"", ""Հումոր"", ""Kargin haxordum HD"", ""Kargin Haghordum HD"", ""Hayko Mko Kargin Haxordum"", ""jokes""]",,,,False,,,,"Կարգին Հաղորդում  
Hayko Mko Armenian Humor 
Հայկո Մկո Հայկական Հումոր",youtube,False,{},{},False,True,True,processed,hd,2d,rectangular,none,,0,api,2026-08-01T13:53:32+00:00,
HOIkWBoM-us,https://www.youtube.com/watch?v=HOIkWBoM-us,https://www.youtube.com/watch?v=HOIkWBoM-us&list=PLDDuEZQEC_uDcYhabzxMCFCs3vGGSGVX4&index=140&t=0s,Kargin Haghordum sketch 339 (Hayko Mko),KarginTV,UCEHF-l2v0qhi_IXzrfc3uZg,157,20121228,212537,1837,,33.0,public,hy,"[""24""]","[""Kargin Haghordum"", ""Kargin haxordum"", ""Կարգին Հաղորդում"", ""Hayko Mko"", ""Armenian Humor"", ""Հայկո Մկո"", ""Հայկական Հումոր"", ""Hayko"", ""Mko"", ""Հյկո"", ""Մկո"", ""Kargin"", ""Կարգին"", ""Armenia Humor"", ""haykakan humor"", ""Armenian jokes"", ""HD"", ""humor"", ""Հումոր"", ""Kargin haxordum HD"", ""Kargin Haghordum HD"", ""Hayko Mko Kargin Haxordum"", ""jokes""]",,,,False,,,,"Կարգին Հաղորդում  
Hayko Mko Armenian Humor 
Հայկո Մկո Հայկական Հումոր",youtube,False,{},{},False,True,True,processed,hd,2d,rectangular,none,,0,api,2026-08-01T13:53:32+00:00,
w1SgJqDb-DY,https://www.youtube.com/watch?v=w1SgJqDb-DY,https://www.youtube.com/watch?v=w1SgJqDb-DY&list=PLDDuEZQEC_uDcYhabzxMCFCs3vGGSGVX4&index=141&t=0s,Kargin Haghordum sketch 340 (Hayko Mko),KarginTV,UCEHF-l2v0qhi_IXzrfc3uZg,156,20121228,652225,3642,,75.0,public,hy,"[""24""]","[""Kargin Haghordum"", ""Kargin haxordum"", ""Կարգին Հաղորդում"", ""Hayko Mko"", ""Armenian Humor"", ""Հայկո Մկո"", ""Հայկական Հումոր"", ""Hayko"", ""Mko"", ""Հյկո"", ""Մկո"", ""Kargin"", ""Կարգին"", ""Armenia Humor"", ""haykakan humor"", ""Armenian jokes"", ""HD"", ""humor"", ""Հումոր"", ""Kargin haxordum HD"", ""Kargin Haghordum HD"", ""Hayko Mko Kargin Haxordum"", ""jokes""]",,,,False,,,,"Կարգին Հաղորդում  
Hayko Mko Armenian Humor 
Հայկո Մկո Հայկական Հումոր",youtube,True,{},{},False,True,True,processed,hd,2d,rectangular,none,,0,api,2026-08-01T13:53:32+00:00,
ovzDcRiu4mM,https://www.youtube.com/watch?v=ovzDcRiu4mM,https://www.youtube.com/watch?v=ovzDcRiu4mM&list=PLDDuEZQEC_uDcYhabzxMCFCs3vGGSGVX4&index=142&t=0s,Kargin Haghordum sketch 341 (Hayko Mko),KarginTV,UCEHF-l2v0qhi_IXzrfc3uZg,195,20121228,420212,1638,,23.0,public,hy,"[""24""]","[""Kargin Haghordum"", ""Kargin haxordum"", ""Կարգին Հաղորդում"", ""Hayko Mko"", ""Armenian Humor"", ""Հայկո Մկո"", ""Հայկական Հումոր"", ""Hayko"", ""Mko"", ""Հյկո"", ""Մկո"", ""Kargin"", ""Կարգին"", ""Armenia Humor"", ""haykakan humor"", ""Armenian jokes"", ""HD"", ""humor"", ""Հումոր"", ""Kargin haxordum HD"", ""Kargin Haghordum HD"", ""Hayko Mko Kargin Haxordum"", ""jokes""]",,,,False,,,,"Կարգին Հաղորդում  
Hayko Mko Armenian Humor 
Հայկո Մկո Հայկական Հումոր",youtube,False,{},{},False,True,True,processed,hd,2d,rectangular,none,,0,api,2026-08-01T13:53:32+00:00,
1YZw1lwtBEc,https://www.youtube.com/watch?v=1YZw1lwtBEc,https://www.youtube.com/watch?v=1YZw1lwtBEc&list=PLDDuEZQEC_uDcYhabzxMCFCs3vGGSGVX4&index=143&t=0s,Kargin Haghordum sketch 342 (Hayko Mko),KarginTV,UCEHF-l2v0qhi_IXzrfc3uZg,195,20121228,513237,3520,,64.0,public,hy,"[""24""]","[""Kargin Haghordum"", ""Kargin haxordum"", ""Կարգին Հաղորդում"", ""Hayko Mko"", ""Armenian Humor"", ""Հայկո Մկո"", ""Հայկական Հումոր"", ""Hayko"", ""Mko"", ""Հյկո"", ""Մկո"", ""Kargin"", ""Կարգին"", ""Armenia Humor"", ""haykakan humor"", ""Armenian jokes"", ""HD"", ""humor"", ""Հումոր"", ""Kargin haxordum HD"", ""Kargin Haghordum HD"", ""Hayko Mko Kargin Haxordum"", ""jokes""]",,,,False,,,,"Կարգին Հաղորդում  
Hayko Mko Armenian Humor 
Հայկո Մկո Հայկական Հումոր",youtube,False,{},{},False,True,True,processed,hd,2d,rectangular,none,,0,api,2026-08-01T13:53:32+00:00,
LYmYokgBBx4,https://www.youtube.com/watch?v=LYmYokgBBx4,https://www.youtube.com/watch?v=LYmYokgBBx4&list=PLDDuEZQEC_uBeOx5OzaaKZtqjLvC0hO9g&index=2&t=0s,Kargin Haghordum sketch 601 (Hayko Mko),KarginTV,UCEHF-l2v0qhi_IXzrfc3uZg,400,20121229,1220919,5977,,201.0,public,hy,"[""24""]","[""Kargin Haghordum"", ""Kargin haxordum"", ""Կարգին Հաղորդում"", ""Hayko Mko"", ""Armenian Humor"", ""Հայկո Մկո"", ""Հայկական Հումոր"", ""Hayko"", ""Mko"", ""Հյկո"", ""Մկո"", ""Kargin"", ""Կարգին"", ""Armenia Humor"", ""haykakan humor"", ""Armenian jokes"", ""HD"", ""humor"", ""Հումոր"", ""Kargin haxordum HD"", ""Kargin Haghordum HD"", ""Hayko Mko Kargin Haxordum"", ""jokes""]",,,,False,,,,"Կարգին Հաղորդում  
Hayko Mko Armenian Humor 
Հայկո Մկո Հայկական Հումոր",youtube,False,{},{},False,True,True,processed,hd,2d,rectangular,none,,0,api,2026-08-01T13:53:32+00:00,
MFxsb0ftWAQ,https://www.youtube.com/watch?v=MFxsb0ftWAQ,https://www.youtube.com/watch?v=MFxsb0ftWAQ&list=PLDDuEZQEC_uBeOx5OzaaKZtqjLvC0hO9g&index=3&t=0s,Kargin Haghordum sketch 603 (Hayko Mko),KarginTV,UCEHF-l2v0qhi_IXzrfc3uZg,160,20121229,771667,3634,,43.0,public,hy,"[""24""]","[""Kargin Haghordum"", ""Kargin haxordum"", ""Կարգին Հաղորդում"", ""Hayko Mko"", ""Armenian Humor"", ""Հայկո Մկո"", ""Հայկական Հումոր"", ""Hayko"", ""Mko"", ""Հյկո"", ""Մկո"", ""Kargin"", ""Կարգին"", ""Armenia Humor"", ""haykakan humor"", ""Armenian jokes"", ""HD"", ""humor"", ""Հումոր"", ""Kargin haxordum HD"", ""Kargin Haghordum HD"", ""Hayko Mko Kargin Haxordum"", ""jokes""]",,,,False,,,,"Կարգին Հաղորդում  
Hayko Mko Armenian Humor 
Հայկո Մկո Հայկական Հումոր",youtube,False,{},{},False,True,True,processed,hd,2d,rectangular,none,,0,api,2026-08-01T13:53:32+00:00,
hbYuuvsUiJA,https://www.youtube.com/watch?v=hbYuuvsUiJA,https://www.youtube.com/watch?v=hbYuuvsUiJA&list=PLDDuEZQEC_uBeOx5OzaaKZtqjLvC0hO9g&index=4&t=0s,Kargin Haghordum sketch 602 (Hayko Mko),KarginTV,UCEHF-l2v0qhi_IXzrfc3uZg,114,20121229,460132,1844,,35.0,public,hy,"[""24""]","[""Kargin Haghordum"", ""Kargin haxordum"", ""Կարգին Հաղորդում"", ""Hayko Mko"", ""Armenian Humor"", ""Հայկո Մկո"", ""Հայկական Հումոր"", ""Hayko"", ""Mko"", ""Հյկո"", ""Մկո"", ""Kargin"", ""Կարգին"", ""Armenia Humor"", ""haykakan humor"", ""Armenian jokes"", ""HD"", ""humor"", ""Հումոր"", ""Kargin haxordum HD"", ""Kargin Haghordum HD"", ""Hayko Mko Kargin Haxordum"", ""jokes""]",,,,False,,,,"Կարգին Հաղորդում  
Hayko Mko Armenian Humor 
Հայկո Մկո Հայկական Հումոր",youtube,False,{},{},False,True,True,processed,hd,2d,rectangular,none,,0,api,2026-08-01T13:53:32+00:00,
D2H-qhR6QGA,https://www.youtube.com/watch?v=D2H-qhR6QGA,https://www.youtube.com/watch?v=D2H-qhR6QGA&list=PLDDuEZQEC_uBeOx5OzaaKZtqjLvC0hO9g&index=5&t=0s,Kargin Haghordum sketch 604 (Hayko Mko),KarginTV,UCEHF-l2v0qhi_IXzrfc3uZg,157,20121229,533348,2402,,26.0,public,hy,"[""24""]","[""Kargin Haghordum"", ""Kargin haxordum"", ""Կարգին Հաղորդում"", ""Hayko Mko"", ""Armenian Humor"", ""Հայկո Մկո"", ""Հայկական Հումոր"", ""Hayko"", ""Mko"", ""Հյկո"", ""Մկո"", ""Kargin"", ""Կարգին"", ""Armenia Humor"", ""haykakan humor"", ""Armenian jokes"", ""HD"", ""humor"", ""Հումոր"", ""Kargin haxordum HD"", ""Kargin Haghordum HD"", ""Hayko Mko Kargin Haxordum"", ""jokes""]",,,,False,,,,"Կարգին Հաղորդում  
Hayko Mko Armenian Humor 
Հայկո Մկո Հայկական Հումոր",youtube,False,{},{},False,True,True,processed,hd,2d,rectangular,none,,0,api,2026-08-01T13:53:32+00:00,
4P8_-hQAtIk,https://www.youtube.com/watch?v=4P8_-hQAtIk,https://www.youtube.com/watch?v=4P8_-hQAtIk&list=PLDDuEZQEC_uBeOx5OzaaKZtqjLvC0hO9g&index=6&t=0s,Kargin Haghordum sketch 605 (Hayko Mko),KarginTV,UCEHF-l2v0qhi_IXzrfc3uZg,189,20121229,1011430,4602,,72.0,public,hy,"[""24""]","[""Kargin Haghordum"", ""Kargin haxordum"", ""Կարգին Հաղորդում"", ""Hayko Mko"", ""Armenian Humor"", ""Հայկո Մկո"", ""Հայկական Հումոր"", ""Hayko"", ""Mko"", ""Հյկո"", ""Մկո"", ""Kargin"", ""Կարգին"", ""Armenia Humor"", ""haykakan humor"", ""Armenian jokes"", ""HD"", ""humor"", ""Հումոր"", ""Kargin haxordum HD"", ""Kargin Haghordum HD"", ""Hayko Mko Kargin Haxordum"", ""jokes""]",,,,False,,,,"Կարգին Հաղորդում  
Hayko Mko Armenian Humor 
Հայկո Մկո Հայկական Հումոր",youtube,True,{},{},False,True,True,processed,hd,2d,rectangular,none,,0,api,2026-08-01T13:53:32+00:00,
2h3gcv92FTw,https://www.youtube.com/watch?v=2h3gcv92FTw,https://www.youtube.com/watch?v=2h3gcv92FTw&list=PLDDuEZQEC_uBeOx5OzaaKZtqjLvC0hO9g&index=7&t=0s,Kargin Haghordum sketch 606 (Hayko Mko),KarginTV,UCEHF-l2v0qhi_IXzrfc3uZg,58,20121229,247276,667,,4.0,public,hy,"[""24""]","[""Kargin Haghordum"", ""Kargin haxordum"", ""Կարգին Հաղորդում"", ""Hayko Mko"", ""Armenian Humor"", ""Հայկո Մկո"", ""Հայկական Հումոր"", ""Hayko"", ""Mko"", ""Հյկո"", ""Մկո"", ""Kargin"", ""Կարգին"", ""Armenia Humor"", ""haykakan humor"", ""Armenian jokes"", ""HD"", ""humor"", ""Հումոր"", ""Kargin haxordum HD"", ""Kargin Haghordum HD"", ""Hayko Mko Kargin Haxordum"", ""jokes""]",,,,False,,,,"Կարգին Հաղորդում  
Hayko Mko Armenian Humor 
Հայկո Մկո Հայկական Հումոր",youtube,True,{},{},False,True,True,processed,hd,2d,rectangular,none,,0,api,2026-08-01T13:53:32+00:00,
snuBhwDwi1E,https://www.youtube.com/watch?v=snuBhwDwi1E,https://www.youtube.com/watch?v=snuBhwDwi1E&list=PLDDuEZQEC_uBeOx5OzaaKZtqjLvC0hO9g&index=8&t=0s,Kargin Haghordum sketch 607 (Hayko Mko),KarginTV,UCEHF-l2v0qhi_IXzrfc3uZg,117,20121229,167544,674,,6.0,public,hy,"[""24""]","[""Kargin Haghordum"", ""Kargin haxordum"", ""Կարգին Հաղորդում"", ""Hayko Mko"", ""Armenian Humor"", ""Հայկո Մկո"", ""Հայկական Հումոր"", ""Hayko"", ""Mko"", ""Հյկո"", ""Մկո"", ""Kargin"", ""Կարգին"", ""Armenia Humor"", ""haykakan humor"", ""Armenian jokes"", ""HD"", ""humor"", ""Հումոր"", ""Kargin haxordum HD"", ""Kargin Haghordum HD"", ""Hayko Mko Kargin Haxordum"", ""jokes""]",,,,False,,,,"Կարգին Հաղորդում  
Hayko Mko Armenian Humor 
Հայկո Մկո Հայկական Հումոր",youtube,True,{},{},False,True,True,processed,hd,2d,rectangular,none,,0,api,2026-08-01T13:53:32+00:00,
DEy6RbVrj_U,https://www.youtube.com/watch?v=DEy6RbVrj_U,https://www.youtube.com/watch?v=DEy6RbVrj_U&list=PLDDuEZQEC_uBeOx5OzaaKZtqjLvC0hO9g&index=9&t=0s,Kargin Haghordum sketch 608 (Hayko Mko),KarginTV,UCEHF-l2v0qhi_IXzrfc3uZg,61,20121229,1258022,3666,,46.0,public,hy,"[""24""]","[""Kargin Haghordum"", ""Kargin haxordum"", ""Կարգին Հաղորդում"", ""Hayko Mko"", ""Armenian Humor"", ""Հայկո Մկո"", ""Հայկական Հումոր"", ""Hayko"", ""Mko"", ""Հյկո"", ""Մկո"", ""Kargin"", ""Կարգին"", ""Armenia Humor"", ""haykakan humor"", ""Armenian jokes"", ""HD"", ""humor"", ""Հումոր"", ""Kargin haxordum HD"", ""Kargin Haghordum HD"", ""Hayko Mko Kargin Haxordum"", ""jokes""]",,,,False,,,,"Կարգին Հաղորդում  
Hayko Mko Armenian Humor 
Հայկո Մկո Հայկական Հումոր",youtube,False,{},{},False,True,True,processed,hd,2d,rectangular,none,,0,api,2026-08-01T13:53:32+00:00,
WKKCIbls_-w,https://www.youtube.com/watch?v=WKKCIbls_-w,https://www.youtube.com/watch?v=WKKCIbls_-w&list=PLDDuEZQEC_uBeOx5OzaaKZtqjLvC0hO9g&index=10&t=0s,Kargin Haghordum sketch 609 (Hayko Mko),KarginTV,UCEHF-l2v0qhi_IXzrfc3uZg,280,20121229,2076545,7576,,198.0,public,hy,"[""24""]","[""Kargin Haghordum"", ""Kargin haxordum"", ""Կարգին Հաղորդում"", ""Hayko Mko"", ""Armenian Humor"", ""Հայկո Մկո"", ""Հայկական Հումոր"", ""Hayko"", ""Mko"", ""Հյկո"", ""Մկո"", ""Kargin"", ""Կարգին"", ""Armenia Humor"", ""haykakan humor"", ""Armenian jokes"", ""HD"", ""humor"", ""Հումոր"", ""Kargin haxordum HD"", ""Kargin Haghordum HD"", ""Hayko Mko Kargin Haxordum"", ""jokes""]",,,,False,,,,"Կարգին Հաղորդում  
Hayko Mko Armenian Humor 
Հայկո Մկո Հայկական Հումոր",youtube,True,{},{},False,True,True,processed,hd,2d,rectangular,none,,0,api,2026-08-01T13:53:32+00:00,
rYQuEejjL50,https://www.youtube.com/watch?v=rYQuEejjL50,https://www.youtube.com/watch?v=rYQuEejjL50&list=PLDDuEZQEC_uBeOx5OzaaKZtqjLvC0hO9g&index=11&t=0s,Kargin Haghordum sketch 610 (Hayko Mko),KarginTV,UCEHF-l2v0qhi_IXzrfc3uZg,237,20121229,535466,2760,,43.0,public,hy,"[""24""]","[""Kargin Haghordum"", ""Kargin haxordum"", ""Կարգին Հաղորդում"", ""Hayko Mko"", ""Armenian Humor"", ""Հայկո Մկո"", ""Հայկական Հումոր"", ""Hayko"", ""Mko"", ""Հյկո"", ""Մկո"", ""Kargin"", ""Կարգին"", ""Armenia Humor"", ""haykakan humor"", ""Armenian jokes"", ""HD"", ""humor"", ""Հումոր"", ""Kargin haxordum HD"", ""Kargin Haghordum HD"", ""Hayko Mko Kargin Haxordum"", ""jokes""]",,,,False,,,,"Կարգին Հաղորդում  
Hayko Mko Armenian Humor 
Հայկո Մկո Հայկական Հումոր",youtube,True,{},{},False,True,True,processed,hd,2d,rectangular,none,,0,api,2026-08-01T13:53:32+00:00,
M6xTEnwZk6w,https://www.youtube.com/watch?v=M6xTEnwZk6w,https://www.youtube.com/watch?v=M6xTEnwZk6w&list=PLDDuEZQEC_uBeOx5OzaaKZtqjLvC0hO9g&index=12&t=0s,Kargin Haghordum sketch 611 (Hayko Mko),KarginTV,UCEHF-l2v0qhi_IXzrfc3uZg,130,20121229,656781,3303,,27.0,public,hy,"[""24""]","[""Kargin Haghordum"", ""Kargin haxordum"", ""Կարգին Հաղորդում"", ""Hayko Mko"", ""Armenian Humor"", ""Հայկո Մկո"", ""Հայկական Հումոր"", ""Hayko"", ""Mko"", ""Հյկո"", ""Մկո"", ""Kargin"", ""Կարգին"", ""Armenia Humor"", ""haykakan humor"", ""Armenian jokes"", ""HD"", ""humor"", ""Հումոր"", ""Kargin haxordum HD"", ""Kargin Haghordum HD"", ""Hayko Mko Kargin Haxordum"", ""jokes""]",,,,False,,,,"Կարգին Հաղորդում  
Hayko Mko Armenian Humor 
Հայկո Մկո Հայկական Հումոր",youtube,True,{},{},False,True,True,processed,hd,2d,rectangular,none,,0,api,2026-08-01T13:53:32+00:00,
n7qNyBP1lHE,https://www.youtube.com/watch?v=n7qNyBP1lHE,https://www.youtube.com/watch?v=n7qNyBP1lHE&list=PLDDuEZQEC_uBeOx5OzaaKZtqjLvC0hO9g&index=13&t=0s,Kargin Haghordum sketch 612 (Hayko Mko),KarginTV,UCEHF-l2v0qhi_IXzrfc3uZg,171,20121229,691145,4652,,106.0,public,hy,"[""24""]","[""Kargin Haghordum"", ""Kargin haxordum"", ""Կարգին Հաղորդում"", ""Hayko Mko"", ""Armenian Humor"", ""Հայկո Մկո"", ""Հայկական Հումոր"", ""Hayko"", ""Mko"", ""Հյկո"", ""Մկո"", ""Kargin"", ""Կարգին"", ""Armenia Humor"", ""haykakan humor"", ""Armenian jokes"", ""HD"", ""humor"", ""Հումոր"", ""Kargin haxordum HD"", ""Kargin Haghordum HD"", ""Hayko Mko Kargin Haxordum"", ""jokes""]",,,,False,,,,"Կարգին Հաղորդում  
Hayko Mko Armenian Humor 
Հայկո Մկո Հայկական Հումոր",youtube,True,{},{},False,True,True,processed,hd,2d,rectangular,none,,0,api,2026-08-01T13:53:32+00:00,
qKWNtFx1XGQ,https://www.youtube.com/watch?v=qKWNtFx1XGQ,https://www.youtube.com/watch?v=qKWNtFx1XGQ&list=PLDDuEZQEC_uBeOx5OzaaKZtqjLvC0hO9g&index=14&t=0s,Kargin Haghordum sketch 613 (Hayko Mko),KarginTV,UCEHF-l2v0qhi_IXzrfc3uZg,181,20121229,845313,4481,,84.0,public,hy,"[""24""]","[""Kargin Haghordum"", ""Kargin haxordum"", ""Կարգին Հաղորդում"", ""Hayko Mko"", ""Armenian Humor"", ""Հայկո Մկո"", ""Հայկական Հումոր"", ""Hayko"", ""Mko"", ""Հյկո"", ""Մկո"", ""Kargin"", ""Կարգին"", ""Armenia Humor"", ""haykakan humor"", ""Armenian jokes"", ""HD"", ""humor"", ""Հումոր"", ""Kargin haxordum HD"", ""Kargin Haghordum HD"", ""Hayko Mko Kargin Haxordum"", ""jokes""]",,,,False,,,,"Կարգին Հաղորդում  
Hayko Mko Armenian Humor 
Հայկո Մկո Հայկական Հումոր",youtube,True,{},{},False,True,True,processed,hd,2d,rectangular,none,,0,api,2026-08-01T13:53:32+00:00,
arKFsgNrwro,https://www.youtube.com/watch?v=arKFsgNrwro,https://www.youtube.com/watch?v=arKFsgNrwro&list=PLDDuEZQEC_uBeOx5OzaaKZtqjLvC0hO9g&index=15&t=0s,Kargin Haghordum sketch 614 (Hayko Mko),KarginTV,UCEHF-l2v0qhi_IXzrfc3uZg,126,20121229,379897,1389,,22.0,public,hy,"[""24""]","[""Kargin Haghordum"", ""Kargin haxordum"", ""Կարգին Հաղորդում"", ""Hayko Mko"", ""Armenian Humor"", ""Հայկո Մկո"", ""Հայկական Հումոր"", ""Hayko"", ""Mko"", ""Հյկո"", ""Մկո"", ""Kargin"", ""Կարգին"", ""Armenia Humor"", ""haykakan humor"", ""Armenian jokes"", ""HD"", ""humor"", ""Հումոր"", ""Kargin haxordum HD"", ""Kargin Haghordum HD"", ""Hayko Mko Kargin Haxordum"", ""jokes""]",,,,False,,,,"Կարգին Հաղորդում  
Hayko Mko Armenian Humor 
Հայկո Մկո Հայկական Հումոր",youtube,True,{},{},False,True,True,processed,hd,2d,rectangular,none,,0,api,2026-08-01T13:53:32+00:00,
MO4IeuSmo08,https://www.youtube.com/watch?v=MO4IeuSmo08,https://www.youtube.com/watch?v=MO4IeuSmo08&list=PLDDuEZQEC_uBeOx5OzaaKZtqjLvC0hO9g&index=16&t=0s,Kargin Haghordum sketch 615 (Hayko Mko),KarginTV,UCEHF-l2v0qhi_IXzrfc3uZg,139,20121229,507396,1636,,33.0,public,hy,"[""24""]","[""Kargin Haghordum"", ""Kargin haxordum"", ""Կարգին Հաղորդում"", ""Hayko Mko"", ""Armenian Humor"", ""Հայկո Մկո"", ""Հայկական Հումոր"", ""Hayko"", ""Mko"", ""Հյկո"", ""Մկո"", ""Kargin"", ""Կարգին"", ""Armenia Humor"", ""haykakan humor"", ""Armenian jokes"", ""HD"", ""humor"", ""Հումոր"", ""Kargin haxordum HD"", ""Kargin Haghordum HD"", ""Hayko Mko Kargin Haxordum"", ""jokes""]",,,,False,,,,"Կարգին Հաղորդում  
Hayko Mko Armenian Humor 
Հայկո Մկո Հայկական Հումոր",youtube,False,{},{},False,True,True,processed,hd,2d,rectangular,none,,0,api,2026-08-01T13:53:32+00:00,
goMkbrJ5znE,https://www.youtube.com/watch?v=goMkbrJ5znE,https://www.youtube.com/watch?v=goMkbrJ5znE&list=PLDDuEZQEC_uBeOx5OzaaKZtqjLvC0hO9g&index=17&t=0s,Kargin Haghordum sketch 616 (Hayko Mko),KarginTV,UCEHF-l2v0qhi_IXzrfc3uZg,144,20121229,887305,2952,,45.0,public,hy,"[""24""]","[""Kargin Haghordum"", ""Kargin haxordum"", ""Կարգին Հաղորդում"", ""Hayko Mko"", ""Armenian Humor"", ""Հայկո Մկո"", ""Հայկական Հումոր"", ""Hayko"", ""Mko"", ""Հյկո"", ""Մկո"", ""Kargin"", ""Կարգին"", ""Armenia Humor"", ""haykakan humor"", ""Armenian jokes"", ""HD"", ""humor"", ""Հումոր"", ""Kargin haxordum HD"", ""Kargin Haghordum HD"", ""Hayko Mko Kargin Haxordum"", ""jokes""]",,,,False,,,,"Կարգին Հաղորդում  
Hayko Mko Armenian Humor 
Հայկո Մկո Հայկական Հումոր",youtube,False,"{""blocked"": [""RU""]}",{},False,True,True,processed,hd,2d,rectangular,none,,0,api,2026-08-01T13:53:32+00:00,
nT_GlxMoTvQ,https://www.youtube.com/watch?v=nT_GlxMoTvQ,https://www.youtube.com/watch?v=nT_GlxMoTvQ&list=PLDDuEZQEC_uBeOx5OzaaKZtqjLvC0hO9g&index=18&t=0s,Kargin Haghordum sketch 617 (Hayko Mko),KarginTV,UCEHF-l2v0qhi_IXzrfc3uZg,82,20121229,1181293,3852,,42.0,public,hy,"[""24""]","[""Kargin Haghordum"", ""Kargin haxordum"", ""Կարգին Հաղորդում"", ""Hayko Mko"", ""Armenian Humor"", ""Հայկո Մկո"", ""Հայկական Հումոր"", ""Hayko"", ""Mko"", ""Հյկո"", ""Մկո"", ""Kargin"", ""Կարգին"", ""Armenia Humor"", ""haykakan humor"", ""Armenian jokes"", ""HD"", ""humor"", ""Հումոր"", ""Kargin haxordum HD"", ""Kargin Haghordum HD"", ""Hayko Mko Kargin Haxordum"", ""jokes""]",,,,False,,,,"Կարգին Հաղորդում  
Hayko Mko Armenian Humor 
Հայկո Մկո Հայկական Հումոր",youtube,True,{},{},False,True,True,processed,hd,2d,rectangular,none,,0,api,2026-08-01T13:53:32+00:00,
Mz3kyHocFIc,https://www.youtube.com/watch?v=Mz3kyHocFIc,https://www.youtube.com/watch?v=Mz3kyHocFIc&list=PLDDuEZQEC_uBeOx5OzaaKZtqjLvC0hO9g&index=19&t=0s,Kargin Haghordum sketch 618 (Hayko Mko),KarginTV,UCEHF-l2v0qhi_IXzrfc3uZg,233,20121229,2518246,9009,,149.0,public,hy,"[""24""]","[""Kargin Haghordum"", ""Kargin haxordum"", ""Կարգին Հաղորդում"", ""Hayko Mko"", ""Armenian Humor"", ""Հայկո Մկո"", ""Հայկական Հումոր"", ""Hayko"", ""Mko"", ""Հյկո"", ""Մկո"", ""Kargin"", ""Կարգին"", ""Armenia Humor"", ""haykakan humor"", ""Armenian jokes"", ""HD"", ""humor"", ""Հումոր"", ""Kargin haxordum HD"", ""Kargin Haghordum HD"", ""Hayko Mko Kargin Haxordum"", ""jokes""]",,,,False,,,,"Կարգին Հաղորդում  
Hayko Mko Armenian Humor 
Հայկո Մկո Հայկական Հումոր",youtube,False,{},{},False,True,True,processed,hd,2d,rectangular,none,,0,api,2026-08-01T13:53:32+00:00,
YpZaDMIYo1Q,https://www.youtube.com/watch?v=YpZaDMIYo1Q,https://www.youtube.com/watch?v=YpZaDMIYo1Q&list=PLDDuEZQEC_uBeOx5OzaaKZtqjLvC0hO9g&index=20&t=0s,Kargin Haghordum sketch 619 (Hayko Mko),KarginTV,UCEHF-l2v0qhi_IXzrfc3uZg,194,20121229,917487,4179,,67.0,public,hy,"[""24""]","[""Kargin Haghordum"", ""Kargin haxordum"", ""Կարգին Հաղորդում"", ""Hayko Mko"", ""Armenian Humor"", ""Հայկո Մկո"", ""Հայկական Հումոր"", ""Hayko"", ""Mko"", ""Հյկո"", ""Մկո"", ""Kargin"", ""Կարգին"", ""Armenia Humor"", ""haykakan humor"", ""Armenian jokes"", ""HD"", ""humor"", ""Հումոր"", ""Kargin haxordum HD"", ""Kargin Haghordum HD"", ""Hayko Mko Kargin Haxordum"", ""jokes""]",,,,False,,,,"Կարգին Հաղորդում  
Hayko Mko Armenian Humor 
Հայկո Մկո Հայկական Հումոր",youtube,True,{},{},False,True,True,processed,hd,2d,rectangular,none,,0,api,2026-08-01T13:53:32+00:00,
DmUrhTAdAD4,https://www.youtube.com/watch?v=DmUrhTAdAD4,https://www.youtube.com/watch?v=DmUrhTAdAD4&list=PLDDuEZQEC_uBeOx5OzaaKZtqjLvC0hO9g&index=21&t=0s,Kargin Haghordum sketch 620 (Hayko Mko),KarginTV,UCEHF-l2v0qhi_IXzrfc3uZg,227,20121229,1161643,6960,,129.0,public,hy,"[""24""]","[""Kargin Haghordum"", ""Kargin haxordum"", ""Կարգին Հաղորդում"", ""Hayko Mko"", ""Armenian Humor"", ""Հայկո Մկո"", ""Հայկական Հումոր"", ""Hayko"", ""Mko"", ""Հյկո"", ""Մկո"", ""Kargin"", ""Կարգին"", ""Armenia Humor"", ""haykakan humor"", ""Armenian jokes"", ""HD"", ""humor"", ""Հումոր"", ""Kargin haxordum HD"", ""Kargin Haghordum HD"", ""Hayko Mko Kargin Haxordum"", ""jokes""]",,,,False,,,,"Կարգին Հաղորդում  
Hayko Mko Armenian Humor 
Հայկո Մկո Հայկական Հումոր",youtube,True,{},{},False,True,True,processed,hd,2d,rectangular,none,,0,api,2026-08-01T13:53:32+00:00,
bNRRvDQJfPA,https://www.youtube.com/watch?v=bNRRvDQJfPA,https://www.youtube.com/watch?v=bNRRvDQJfPA&list=PLDDuEZQEC_uBeOx5OzaaKZtqjLvC0hO9g&index=22&t=0s,Kargin Haghordum sketch 621 (Hayko Mko),KarginTV,UCEHF-l2v0qhi_IXzrfc3uZg,128,20121229,2918992,8145,,145.0,public,hy,"[""24""]","[""Kargin Haghordum"", ""Kargin haxordum"", ""Կարգին Հաղորդում"", ""Hayko Mko"", ""Armenian Humor"", ""Հայկո Մկո"", ""Հայկական Հումոր"", ""Hayko"", ""Mko"", ""Հյկո"", ""Մկո"", ""Kargin"", ""Կարգին"", ""Armenia Humor"", ""haykakan humor"", ""Armenian jokes"", ""HD"", ""humor"", ""Հումոր"", ""Kargin haxordum HD"", ""Kargin Haghordum HD"", ""Hayko Mko Kargin Haxordum"", ""jokes""]",,,,False,,,,"Կարգին Հաղորդում  
Hayko Mko Armenian Humor 
Հայկո Մկո Հայկական Հումոր",youtube,False,{},{},False,True,True,processed,hd,2d,rectangular,none,,0,api,2026-08-01T13:53:32+00:00,
TxCukyE9Vvc,https://www.youtube.com/watch?v=TxCukyE9Vvc,https://www.youtube.com/watch?v=TxCukyE9Vvc&list=PLDDuEZQEC_uBeOx5OzaaKZtqjLvC0hO9g&index=23&t=0s,Kargin Haghordum sketch 622 (Hayko Mko),KarginTV,UCEHF-l2v0qhi_IXzrfc3uZg,277,20121229,743332,3051,,86.0,public,hy,"[""24""]","[""Kargin Haghordum"", ""Kargin haxordum"", ""Կարգին Հաղորդում"", ""Hayko Mko"", ""Armenian Humor"", ""Հայկո Մկո"", ""Հայկական Հումոր"", ""Hayko"", ""Mko"", ""Հյկո"", ""Մկո"", ""Kargin"", ""Կարգին"", ""Armenia Humor"", ""haykakan humor"", ""Armenian jokes"", ""HD"", ""humor"", ""Հումոր"", ""Kargin haxordum HD"", ""Kargin Haghordum HD"", ""Hayko Mko Kargin Haxordum"", ""jokes""]",,,,False,,,,"Կարգին Հաղորդում  
Hayko Mko Armenian Humor 
Հայկո Մկո Հայկական Հումոր",youtube,False,{},{},False,True,True,processed,hd,2d,rectangular,none,hy,0,api,2026-08-01T13:53:32+00:00,
NypCXWhqXKs,https://www.youtube.com/watch?v=NypCXWhqXKs,https://www.youtube.com/watch?v=NypCXWhqXKs&list=PLDDuEZQEC_uBeOx5OzaaKZtqjLvC0hO9g&index=23,Kargin Haghordum sketch 623 (Hayko Mko),KarginTV,UCEHF-l2v0qhi_IXzrfc3uZg,105,20121229,276224,1505,,25.0,public,hy,"[""24""]","[""Kargin Haghordum"", ""Kargin haxordum"", ""Կարգին Հաղորդում"", ""Hayko Mko"", ""Armenian Humor"", ""Հայկո Մկո"", ""Հայկական Հումոր"", ""Hayko"", ""Mko"", ""Հյկո"", ""Մկո"", ""Kargin"", ""Կարգին"", ""Armenia Humor"", ""haykakan humor"", ""Armenian jokes"", ""HD"", ""humor"", ""Հումոր"", ""Kargin haxordum HD"", ""Kargin Haghordum HD"", ""Hayko Mko Kargin Haxordum"", ""jokes""]",,,,False,,,,"Կարգին Հաղորդում  
Hayko Mko Armenian Humor 
Հայկո Մկո Հայկական Հումոր",youtube,False,{},{},False,True,True,processed,hd,2d,rectangular,none,,0,api,2026-08-01T13:53:32+00:00,
dkBUbXP59Ko,https://www.youtube.com/watch?v=dkBUbXP59Ko,https://www.youtube.com/watch?v=dkBUbXP59Ko&list=PLDDuEZQEC_uBeOx5OzaaKZtqjLvC0hO9g&index=25&t=0s,Kargin Haghordum sketch 624 (Hayko Mko),KarginTV,UCEHF-l2v0qhi_IXzrfc3uZg,105,20121229,292005,1433,,21.0,public,hy,"[""24""]","[""Kargin Haghordum"", ""Kargin haxordum"", ""Կարգին Հաղորդում"", ""Hayko Mko"", ""Armenian Humor"", ""Հայկո Մկո"", ""Հայկական Հումոր"", ""Hayko"", ""Mko"", ""Հյկո"", ""Մկո"", ""Kargin"", ""Կարգին"", ""Armenia Humor"", ""haykakan humor"", ""Armenian jokes"", ""HD"", ""humor"", ""Հումոր"", ""Kargin haxordum HD"", ""Kargin Haghordum HD"", ""Hayko Mko Kargin Haxordum"", ""jokes""]",,,,False,,,,"Կարգին Հաղորդում  
Hayko Mko Armenian Humor 
Հայկո Մկո Հայկական Հումոր",youtube,True,{},{},False,True,True,processed,hd,2d,rectangular,none,,0,api,2026-08-01T13:53:32+00:00,
tXr_RXES6QQ,https://www.youtube.com/watch?v=tXr_RXES6QQ,https://www.youtube.com/watch?v=tXr_RXES6QQ&list=PLDDuEZQEC_uBeOx5OzaaKZtqjLvC0hO9g&index=26&t=0s,Kargin Haghordum sketch 626 (Hayko Mko),KarginTV,UCEHF-l2v0qhi_IXzrfc3uZg,135,20121229,354020,1890,,21.0,public,hy,"[""24""]","[""Kargin Haghordum"", ""Kargin haxordum"", ""Կարգին Հաղորդում"", ""Hayko Mko"", ""Armenian Humor"", ""Հայկո Մկո"", ""Հայկական Հումոր"", ""Hayko"", ""Mko"", ""Հյկո"", ""Մկո"", ""Kargin"", ""Կարգին"", ""Armenia Humor"", ""haykakan humor"", ""Armenian jokes"", ""HD"", ""humor"", ""Հումոր"", ""Kargin haxordum HD"", ""Kargin Haghordum HD"", ""Hayko Mko Kargin Haxordum"", ""jokes""]",,,,False,,,,"Կարգին Հաղորդում 
 Hayko Mko Armenian Humor 
Հայկո Մկո Հայկական Հումոր",youtube,False,"{""blocked"": [""RU""]}",{},False,True,True,processed,hd,2d,rectangular,none,,0,api,2026-08-01T13:53:32+00:00,
waPMHq6NVT8,https://www.youtube.com/watch?v=waPMHq6NVT8,https://www.youtube.com/watch?v=waPMHq6NVT8&list=PLDDuEZQEC_uBeOx5OzaaKZtqjLvC0hO9g&index=27&t=0s,Kargin Haghordum sketch 625 (Hayko Mko),KarginTV,UCEHF-l2v0qhi_IXzrfc3uZg,194,20121229,624268,3373,,97.0,public,hy,"[""24""]","[""Kargin Haghordum"", ""Kargin haxordum"", ""Կարգին Հաղորդում"", ""Hayko Mko"", ""Armenian Humor"", ""Հայկո Մկո"", ""Հայկական Հումոր"", ""Hayko"", ""Mko"", ""Հյկո"", ""Մկո"", ""Kargin"", ""Կարգին"", ""Armenia Humor"", ""haykakan humor"", ""Armenian jokes"", ""HD"", ""humor"", ""Հումոր"", ""Kargin haxordum HD"", ""Kargin Haghordum HD"", ""Hayko Mko Kargin Haxordum"", ""jokes""]",,,,False,,,,"Կարգին Հաղորդում  
Hayko Mko Armenian Humor 
Հայկո Մկո Հայկական Հումոր",youtube,False,{},{},False,True,True,processed,hd,2d,rectangular,none,,0,api,2026-08-01T13:53:32+00:00,
q_chdlOOZRI,https://www.youtube.com/watch?v=q_chdlOOZRI,https://www.youtube.com/watch?v=q_chdlOOZRI&list=PLDDuEZQEC_uBeOx5OzaaKZtqjLvC0hO9g&index=28&t=0s,Kargin Haghordum sketch 627 (Hayko Mko),KarginTV,UCEHF-l2v0qhi_IXzrfc3uZg,241,20121229,1320409,5278,,83.0,public,hy,"[""24""]","[""Kargin Haghordum"", ""Kargin haxordum"", ""Կարգին Հաղորդում"", ""Hayko Mko"", ""Armenian Humor"", ""Հայկո Մկո"", ""Հայկական Հումոր"", ""Hayko"", ""Mko"", ""Հյկո"", ""Մկո"", ""Kargin"", ""Կարգին"", ""Armenia Humor"", ""haykakan humor"", ""Armenian jokes"", ""HD"", ""humor"", ""Հումոր"", ""Kargin haxordum HD"", ""Kargin Haghordum HD"", ""Hayko Mko Kargin Haxordum"", ""jokes""]",,,,False,,,,"Կարգին Հաղորդում 
 Hayko Mko Armenian Humor
 Հայկո Մկո Հայկական Հումոր",youtube,True,{},{},False,True,True,processed,hd,2d,rectangular,none,,0,api,2026-08-01T13:53:32+00:00,
3xe0koMUcfE,https://www.youtube.com/watch?v=3xe0koMUcfE,https://www.youtube.com/watch?v=3xe0koMUcfE&list=PLDDuEZQEC_uBeOx5OzaaKZtqjLvC0hO9g&index=29&t=0s,Kargin Haghordum sketch 628 (Hayko Mko),KarginTV,UCEHF-l2v0qhi_IXzrfc3uZg,170,20121229,2021519,10360,,397.0,public,hy,"[""24""]","[""Kargin Haghordum"", ""Kargin haxordum"", ""Կարգին Հաղորդում"", ""Hayko Mko"", ""Armenian Humor"", ""Հայկո Մկո"", ""Հայկական Հումոր"", ""Hayko"", ""Mko"", ""Հյկո"", ""Մկո"", ""Kargin"", ""Կարգին"", ""Armenia Humor"", ""haykakan humor"", ""Armenian jokes"", ""HD"", ""humor"", ""Հումոր"", ""Kargin haxordum HD"", ""Kargin Haghordum HD"", ""Hayko Mko Kargin Haxordum"", ""jokes""]",,,,False,,,,"Կարգին Հաղորդում
Hayko Mko Armenian Humor
Հայկո Մկո Հայկական Հումոր",youtube,True,{},{},False,True,True,processed,hd,2d,rectangular,none,,0,api,2026-08-01T13:53:32+00:00,
WHkadKCrhqQ,https://www.youtube.com/watch?v=WHkadKCrhqQ,https://www.youtube.com/watch?v=WHkadKCrhqQ&list=PLDDuEZQEC_uBeOx5OzaaKZtqjLvC0hO9g&index=30&t=0s,Kargin Haghordum sketch 629 (Hayko Mko),KarginTV,UCEHF-l2v0qhi_IXzrfc3uZg,89,20121229,396021,1295,,15.0,public,hy,"[""24""]","[""Kargin Haghordum"", ""Kargin haxordum"", ""Կարգին Հաղորդում"", ""Hayko Mko"", ""Armenian Humor"", ""Հայկո Մկո"", ""Հայկական Հումոր"", ""Hayko"", ""Mko"", ""Հյկո"", ""Մկո"", ""Kargin"", ""Կարգին"", ""Armenia Humor"", ""haykakan humor"", ""Armenian jokes"", ""HD"", ""humor"", ""Հումոր"", ""Kargin haxordum HD"", ""Kargin Haghordum HD"", ""Hayko Mko Kargin Haxordum"", ""jokes""]",,,,False,,,,"Կարգին Հաղորդում  
Hayko Mko Armenian Humor 
Հայկո Մկո Հայկական Հումոր",youtube,True,{},{},False,True,True,processed,hd,2d,rectangular,none,,0,api,2026-08-01T13:53:32+00:00,
LY-PrNKJxsM,https://www.youtube.com/watch?v=LY-PrNKJxsM,https://www.youtube.com/watch?v=LY-PrNKJxsM&list=PLDDuEZQEC_uBeOx5OzaaKZtqjLvC0hO9g&index=31&t=0s,Kargin Haghordum sketch 630 (Hayko Mko),KarginTV,UCEHF-l2v0qhi_IXzrfc3uZg,251,20121229,1219132,6266,,82.0,public,hy,"[""24""]","[""Kargin Haghordum"", ""Kargin haxordum"", ""Կարգին Հաղորդում"", ""Hayko Mko"", ""Armenian Humor"", ""Հայկո Մկո"", ""Հայկական Հումոր"", ""Hayko"", ""Mko"", ""Հյկո"", ""Մկո"", ""Kargin"", ""Կարգին"", ""Armenia Humor"", ""haykakan humor"", ""Armenian jokes"", ""HD"", ""humor"", ""Հումոր"", ""Kargin haxordum HD"", ""Kargin Haghordum HD"", ""Hayko Mko Kargin Haxordum"", ""jokes""]",,,,False,,,,"Կարգին Հաղորդում 
 Hayko Mko Armenian Humor
 Հայկո Մկո Հայկական Հումոր",youtube,False,{},{},False,True,True,processed,hd,2d,rectangular,none,,0,api,2026-08-01T13:53:32+00:00,
Nat_gqfhqco,https://www.youtube.com/watch?v=Nat_gqfhqco,https://www.youtube.com/watch?v=Nat_gqfhqco&list=PLDDuEZQEC_uBeOx5OzaaKZtqjLvC0hO9g&index=32&t=0s,Kargin Haghordum sketch 631 (Hayko Mko),KarginTV,UCEHF-l2v0qhi_IXzrfc3uZg,146,20121229,1005976,3386,,67.0,public,hy,"[""24""]","[""Kargin Haghordum"", ""Kargin haxordum"", ""Կարգին Հաղորդում"", ""Hayko Mko"", ""Armenian Humor"", ""Հայկո Մկո"", ""Հայկական Հումոր"", ""Hayko"", ""Mko"", ""Հյկո"", ""Մկո"", ""Kargin"", ""Կարգին"", ""Armenia Humor"", ""haykakan humor"", ""Armenian jokes"", ""HD"", ""humor"", ""Հումոր"", ""Kargin haxordum HD"", ""Kargin Haghordum HD"", ""Hayko Mko Kargin Haxordum"", ""jokes""]",,,,False,,,,"Կարգին Հաղորդում  
Hayko Mko Armenian Humor
 Հայկո Մկո Հայկական Հումոր",youtube,True,{},{},False,True,True,processed,hd,2d,rectangular,none,,0,api,2026-08-01T13:53:32+00:00,
7iLisyJtv08,https://www.youtube.com/watch?v=7iLisyJtv08,https://www.youtube.com/watch?v=7iLisyJtv08&list=PLDDuEZQEC_uBeOx5OzaaKZtqjLvC0hO9g&index=33&t=0s,Kargin Haghordum sketch 632 (Hayko Mko),KarginTV,UCEHF-l2v0qhi_IXzrfc3uZg,218,20121229,967199,5674,,95.0,public,hy,"[""24""]","[""Kargin Haghordum"", ""Kargin haxordum"", ""Կարգին Հաղորդում"", ""Hayko Mko"", ""Armenian Humor"", ""Հայկո Մկո"", ""Հայկական Հումոր"", ""Hayko"", ""Mko"", ""Հյկո"", ""Մկո"", ""Kargin"", ""Կարգին"", ""Armenia Humor"", ""haykakan humor"", ""Armenian jokes"", ""HD"", ""humor"", ""Հումոր"", ""Kargin haxordum HD"", ""Kargin Haghordum HD"", ""Hayko Mko Kargin Haxordum"", ""jokes""]",,,,False,,,,"Կարգին Հաղորդում  
Hayko Mko Armenian Humor
 Հայկո Մկո Հայկական Հումոր",youtube,False,{},{},False,True,True,processed,hd,2d,rectangular,none,,0,api,2026-08-01T13:53:32+00:00,
NmY28R9g89E,https://www.youtube.com/watch?v=NmY28R9g89E,https://www.youtube.com/watch?v=NmY28R9g89E&list=PLDDuEZQEC_uBeOx5OzaaKZtqjLvC0hO9g&index=34&t=0s,Kargin Haghordum sketch 633 (Hayko Mko),KarginTV,UCEHF-l2v0qhi_IXzrfc3uZg,229,20121229,1109943,5808,,79.0,public,hy,"[""24""]","[""Kargin Haghordum"", ""Kargin haxordum"", ""Կարգին Հաղորդում"", ""Hayko Mko"", ""Armenian Humor"", ""Հայկո Մկո"", ""Հայկական Հումոր"", ""Hayko"", ""Mko"", ""Հյկո"", ""Մկո"", ""Kargin"", ""Կարգին"", ""Armenia Humor"", ""haykakan humor"", ""Armenian jokes"", ""HD"", ""humor"", ""Հումոր"", ""Kargin haxordum HD"", ""Kargin Haghordum HD"", ""Hayko Mko Kargin Haxordum"", ""jokes""]",,,,False,,,,"Կարգին Հաղորդում  
Hayko Mko Armenian Humor 
Հայկո Մկո Հայկական Հումոր",youtube,True,{},{},False,True,True,processed,hd,2d,rectangular,none,,0,api,2026-08-01T13:53:32+00:00,
gzpPMpf_pmA,https://www.youtube.com/watch?v=gzpPMpf_pmA,https://www.youtube.com/watch?v=gzpPMpf_pmA&list=PLDDuEZQEC_uBeOx5OzaaKZtqjLvC0hO9g&index=35&t=0s,Kargin Haghordum sketch 634 (Hayko Mko),KarginTV,UCEHF-l2v0qhi_IXzrfc3uZg,225,20121228,662849,3929,,53.0,public,hy,"[""24""]","[""Kargin Haghordum"", ""Kargin haxordum"", ""Կարգին Հաղորդում"", ""Hayko Mko"", ""Armenian Humor"", ""Հայկո Մկո"", ""Հայկական Հումոր"", ""Hayko"", ""Mko"", ""Հյկո"", ""Մկո"", ""Kargin"", ""Կարգին"", ""Armenia Humor"", ""haykakan humor"", ""Armenian jokes"", ""HD"", ""humor"", ""Հումոր"", ""Kargin haxordum HD"", ""Kargin Haghordum HD"", ""Hayko Mko Kargin Haxordum"", ""jokes""]",,,,False,,,,"Կարգին Հաղորդում  
Hayko Mko Armenian Humor 
Հայկո Մկո Հայկական Հումոր",youtube,True,{},{},False,True,True,processed,hd,2d,rectangular,none,,0,api,2026-08-01T13:53:32+00:00,
qjkWGYnwMbw,https://www.youtube.com/watch?v=qjkWGYnwMbw,https://www.youtube.com/watch?v=qjkWGYnwMbw&list=PLDDuEZQEC_uBeOx5OzaaKZtqjLvC0hO9g&index=36&t=0s,Kargin Haghordum sketch 635 (Hayko Mko),KarginTV,UCEHF-l2v0qhi_IXzrfc3uZg,303,20121227,451888,2262,,83.0,public,hy,"[""24""]","[""Kargin Haghordum"", ""Kargin haxordum"", ""Կարգին Հաղորդում"", ""Hayko Mko"", ""Armenian Humor"", ""Հայկո Մկո"", ""Հայկական Հումոր"", ""Hayko"", ""Mko"", ""Հյկո"", ""Մկո"", ""Kargin"", ""Կարգին"", ""Armenia Humor"", ""haykakan humor"", ""Armenian jokes"", ""HD"", ""humor"", ""Հումոր"", ""Kargin haxordum HD"", ""Kargin Haghordum HD"", ""Hayko Mko Kargin Haxordum"", ""jokes""]",,,,False,,,,"Կարգին Հաղորդում  
Hayko Mko Armenian Humor 
Հայկո Մկո Հայկական Հումոր",youtube,False,{},{},False,True,True,processed,hd,2d,rectangular,none,,0,api,2026-08-01T13:53:32+00:00,
B5unjOI-5PA,https://www.youtube.com/watch?v=B5unjOI-5PA,https://www.youtube.com/watch?v=B5unjOI-5PA&list=PLDDuEZQEC_uBeOx5OzaaKZtqjLvC0hO9g&index=37&t=0s,Kargin Haghordum sketch 671 (Hayko Mko),KarginTV,UCEHF-l2v0qhi_IXzrfc3uZg,181,20130410,494587,2005,,33.0,public,hy,"[""24""]","[""Kargin Haghordum"", ""Kargin haxordum"", ""Կարգին Հաղորդում"", ""Hayko Mko"", ""Armenian Humor"", ""Հայկո Մկո"", ""Հայկական Հումոր"", ""Hayko"", ""Mko"", ""Հյկո"", ""Մկո"", ""Kargin"", ""Կարգին"", ""Armenia Humor"", ""haykakan humor"", ""Armenian jokes"", ""HD"", ""humor"", ""Հումոր"", ""Kargin haxordum HD"", ""Kargin Haghordum HD"", ""Hayko Mko Kargin Haxordum"", ""jokes""]",,,,False,,,,"Կարգին Հաղորդում  
Hayko Mko Armenian Humor 
Հայկո Մկո Հայկական Հումոր",youtube,False,{},{},False,True,True,processed,hd,2d,rectangular,none,,0,api,2026-08-01T13:53:32+00:00,
T3cuwPoe3tA,https://www.youtube.com/watch?v=T3cuwPoe3tA,https://www.youtube.com/watch?v=T3cuwPoe3tA&list=PLDDuEZQEC_uBeOx5OzaaKZtqjLvC0hO9g&index=38&t=0s,Kargin Haghordum - Araj mi @ngi (Hayko Mko),KarginTV,UCEHF-l2v0qhi_IXzrfc3uZg,204,20130410,1636854,5843,,157.0,public,hy,"[""24""]","[""Kargin Haghordum"", ""Kargin haxordum"", ""Կարգին Հաղորդում"", ""Hayko Mko"", ""Armenian Humor"", ""Հայկո Մկո"", ""Հայկական Հումոր"", ""Hayko"", ""Mko"", ""Հյկո"", ""Մկո"", ""Kargin"", ""Կարգին"", ""Armenia Humor"", ""haykakan humor"", ""Armenian jokes"", ""HD"", ""humor"", ""Հումոր"", ""Kargin haxordum HD"", ""Kargin Haghordum HD"", ""Hayko Mko Kargin Haxordum"", ""jokes""]",,,,False,,,,"Կարգին Հաղորդում  
Hayko Mko Armenian Humor 
Հայկո Մկո Հայկական Հումոր",youtube,True,{},{},False,True,True,processed,hd,2d,rectangular,none,,0,api,2026-08-01T13:53:34+00:00,
e_e7eL99pBU,https://www.youtube.com/watch?v=e_e7eL99pBU,https://www.youtube.com/watch?v=e_e7eL99pBU&list=PLDDuEZQEC_uBeOx5OzaaKZtqjLvC0hO9g&index=39&t=0s,Kargin Haghordum sketch 669 (Hayko Mko),KarginTV,UCEHF-l2v0qhi_IXzrfc3uZg,226,20130410,604023,2432,,31.0,public,hy,"[""24""]","[""Kargin Haghordum"", ""Kargin haxordum"", ""Կարգին Հաղորդում"", ""Hayko Mko"", ""Armenian Humor"", ""Հայկո Մկո"", ""Հայկական Հումոր"", ""Hayko"", ""Mko"", ""Հյկո"", ""Մկո"", ""Kargin"", ""Կարգին"", ""Armenia Humor"", ""haykakan humor"", ""Armenian jokes"", ""HD"", ""humor"", ""Հումոր"", ""Kargin haxordum HD"", ""Kargin Haghordum HD"", ""Hayko Mko Kargin Haxordum"", ""jokes""]",,,,False,,,,"Կարգին Հաղորդում  
Hayko Mko Armenian Humor 
Հայկո Մկո Հայկական Հումոր",youtube,True,{},{},False,True,True,processed,hd,2d,rectangular,none,,0,api,2026-08-01T13:53:34+00:00,
UqmqClOZRwg,https://www.youtube.com/watch?v=UqmqClOZRwg,https://www.youtube.com/watch?v=UqmqClOZRwg&list=PLDDuEZQEC_uBeOx5OzaaKZtqjLvC0hO9g&index=40&t=0s,Kargin Haghordum sketch 668 (Hayko Mko),KarginTV,UCEHF-l2v0qhi_IXzrfc3uZg,286,20130410,1236997,6162,,197.0,public,hy,"[""24""]","[""Kargin Haghordum"", ""Kargin haxordum"", ""Կարգին Հաղորդում"", ""Hayko Mko"", ""Armenian Humor"", ""Հայկո Մկո"", ""Հայկական Հումոր"", ""Hayko"", ""Mko"", ""Հյկո"", ""Մկո"", ""Kargin"", ""Կարգին"", ""Armenia Humor"", ""haykakan humor"", ""Armenian jokes"", ""HD"", ""humor"", ""Հումոր"", ""Kargin haxordum HD"", ""Kargin Haghordum HD"", ""Hayko Mko Kargin Haxordum"", ""jokes""]",,,,False,,,,"Կարգին Հաղորդում  
Hayko Mko Armenian Humor 
Հայկո Մկո Հայկական Հումոր",youtube,False,"{""blocked"": [""RU""]}",{},False,True,True,processed,hd,2d,rectangular,none,,0,api,2026-08-01T13:53:34+00:00,
t0_1q3yTdCU,https://www.youtube.com/watch?v=t0_1q3yTdCU,https://www.youtube.com/watch?v=t0_1q3yTdCU&list=PLDDuEZQEC_uBeOx5OzaaKZtqjLvC0hO9g&index=41&t=0s,Kargin Haghordum sketch 667 (Hayko Mko),KarginTV,UCEHF-l2v0qhi_IXzrfc3uZg,155,20130410,273270,1316,,21.0,public,hy,"[""24""]","[""Kargin Haghordum"", ""Kargin haxordum"", ""Կարգին Հաղորդում"", ""Hayko Mko"", ""Armenian Humor"", ""Հայկո Մկո"", ""Հայկական Հումոր"", ""Hayko"", ""Mko"", ""Հյկո"", ""Մկո"", ""Kargin"", ""Կարգին"", ""Armenia Humor"", ""haykakan humor"", ""Armenian jokes"", ""HD"", ""humor"", ""Հումոր"", ""Kargin haxordum HD"", ""Kargin Haghordum HD"", ""Hayko Mko Kargin Haxordum"", ""jokes""]",,,,False,,,,"Կարգին Հաղորդում  
Hayko Mko Armenian Humor 
Հայկո Մկո Հայկական Հումոր",youtube,True,{},{},False,True,True,processed,hd,2d,rectangular,none,,0,api,2026-08-01T13:53:34+00:00,
NDMqzE0J3AY,https://www.youtube.com/watch?v=NDMqzE0J3AY,https://www.youtube.com/watch?v=NDMqzE0J3AY&list=PLDDuEZQEC_uBeOx5OzaaKZtqjLvC0hO9g&index=42&t=0s,Kargin Haghordum sketch 666 (Hayko Mko),KarginTV,UCEHF-l2v0qhi_IXzrfc3uZg,127,20130410,382115,1556,,15.0,public,hy,"[""24""]","[""Kargin Haghordum"", ""Kargin haxordum"", ""Կարգին Հաղորդում"", ""Hayko Mko"", ""Armenian Humor"", ""Հայկո Մկո"", ""Հայկական Հումոր"", ""Hayko"", ""Mko"", ""Հյկո"", ""Մկո"", ""Kargin"", ""Կարգին"", ""Armenia Humor"", ""haykakan humor"", ""Armenian jokes"", ""HD"", ""humor"", ""Հումոր"", ""Kargin haxordum HD"", ""Kargin Haghordum HD"", ""Hayko Mko Kargin Haxordum"", ""jokes""]",,,,False,,,,"Կարգին Հաղորդում  
Hayko Mko Armenian Humor 
Հայկո Մկո Հայկական Հումոր",youtube,False,{},{},False,True,True,processed,hd,2d,rectangular,none,,0,api,2026-08-01T13:53:34+00:00,
Lk9tkdCESzc,https://www.youtube.com/watch?v=Lk9tkdCESzc,https://www.youtube.com/watch?v=Lk9tkdCESzc&list=PLDDuEZQEC_uBeOx5OzaaKZtqjLvC0hO9g&index=43&t=0s,Kargin Haghordum sketch 665 (Hayko Mko),KarginTV,UCEHF-l2v0qhi_IXzrfc3uZg,266,20130410,1154296,4649,,53.0,public,hy,"[""24""]","[""Kargin Haghordum"", ""Kargin haxordum"", ""Կարգին Հաղորդում"", ""Hayko Mko"", ""Armenian Humor"", ""Հայկո Մկո"", ""Հայկական Հումոր"", ""Hayko"", ""Mko"", ""Հյկո"", ""Մկո"", ""Kargin"", ""Կարգին"", ""Armenia Humor"", ""haykakan humor"", ""Armenian jokes"", ""HD"", ""humor"", ""Հումոր"", ""Kargin haxordum HD"", ""Kargin Haghordum HD"", ""Hayko Mko Kargin Haxordum"", ""jokes""]",,,,False,,,,"Կարգին Հաղորդում  
Hayko Mko Armenian Humor 
Հայկո Մկո Հայկական Հումոր",youtube,False,{},{},False,True,True,processed,hd,2d,rectangular,none,,0,api,2026-08-01T13:53:34+00:00,
LUAZ6UwEsaU,https://www.youtube.com/watch?v=LUAZ6UwEsaU,https://www.youtube.com/watch?v=LUAZ6UwEsaU&list=PLDDuEZQEC_uBeOx5OzaaKZtqjLvC0hO9g&index=44&t=0s,Kargin Haghordum sketch 664 (Hayko Mko),KarginTV,UCEHF-l2v0qhi_IXzrfc3uZg,177,20130410,620018,3803,,131.0,public,hy,"[""24""]","[""Kargin Haghordum"", ""Kargin haxordum"", ""Կարգին Հաղորդում"", ""Hayko Mko"", ""Armenian Humor"", ""Հայկո Մկո"", ""Հայկական Հումոր"", ""Hayko"", ""Mko"", ""Հյկո"", ""Մկո"", ""Kargin"", ""Կարգին"", ""Armenia Humor"", ""haykakan humor"", ""Armenian jokes"", ""HD"", ""humor"", ""Հումոր"", ""Kargin haxordum HD"", ""Kargin Haghordum HD"", ""Hayko Mko Kargin Haxordum"", ""jokes""]",,,,False,,,,"Կարգին Հաղորդում  
Hayko Mko Armenian Humor 
Հայկո Մկո Հայկական Հումոր",youtube,False,{},{},False,True,True,processed,hd,2d,rectangular,none,,0,api,2026-08-01T13:53:34+00:00,
ofvCL_U2Er0,https://www.youtube.com/watch?v=ofvCL_U2Er0,https://www.youtube.com/watch?v=ofvCL_U2Er0&list=PLDDuEZQEC_uBeOx5OzaaKZtqjLvC0hO9g&index=45&t=0s,Kargin Haghordum sketch 663 (Hayko Mko),KarginTV,UCEHF-l2v0qhi_IXzrfc3uZg,242,20130410,1365520,6629,,265.0,public,hy,"[""24""]","[""Kargin Haghordum"", ""Kargin haxordum"", ""Կարգին Հաղորդում"", ""Hayko Mko"", ""Armenian Humor"", ""Հայկո Մկո"", ""Հայկական Հումոր"", ""Hayko"", ""Mko"", ""Հյկո"", ""Մկո"", ""Kargin"", ""Կարգին"", ""Armenia Humor"", ""haykakan humor"", ""Armenian jokes"", ""HD"", ""humor"", ""Հումոր"", ""Kargin haxordum HD"", ""Kargin Haghordum HD"", ""Hayko Mko Kargin Haxordum"", ""jokes""]",,,,False,,,,"Կարգին Հաղորդում  
Hayko Mko Armenian Humor 
Հայկո Մկո Հայկական Հումոր",youtube,False,{},{},False,True,True,processed,hd,2d,rectangular,none,,0,api,2026-08-01T13:53:34+00:00,
kxQdokoQXTA,https://www.youtube.com/watch?v=kxQdokoQXTA,https://www.youtube.com/watch?v=kxQdokoQXTA&list=PLDDuEZQEC_uBeOx5OzaaKZtqjLvC0hO9g&index=46&t=0s,Kargin Haghordum sketch 662 (Hayko Mko),KarginTV,UCEHF-l2v0qhi_IXzrfc3uZg,217,20130410,920805,4050,,79.0,public,hy,"[""24""]","[""Kargin Haghordum"", ""Kargin haxordum"", ""Կարգին Հաղորդում"", ""Hayko Mko"", ""Armenian Humor"", ""Հայկո Մկո"", ""Հայկական Հումոր"", ""Hayko"", ""Mko"", ""Հյկո"", ""Մկո"", ""Kargin"", ""Կարգին"", ""Armenia Humor"", ""haykakan humor"", ""Armenian jokes"", ""HD"", ""humor"", ""Հումոր"", ""Kargin haxordum HD"", ""Kargin Haghordum HD"", ""Hayko Mko Kargin Haxordum"", ""jokes""]",,,,False,,,,"Կարգին Հաղորդում  
Hayko Mko Armenian Humor 
Հայկո Մկո Հայկական Հումոր",youtube,False,{},{},False,True,True,processed,hd,2d,rectangular,none,,0,api,2026-08-01T13:53:34+00:00,
7vpP1F4L1xo,https://www.youtube.com/watch?v=7vpP1F4L1xo,https://www.youtube.com/watch?v=7vpP1F4L1xo&list=PLDDuEZQEC_uBeOx5OzaaKZtqjLvC0hO9g&index=47&t=0s,Kargin Haghordum sketch 661 (Hayko Mko),KarginTV,UCEHF-l2v0qhi_IXzrfc3uZg,315,20130410,2491012,9425,,257.0,public,hy,"[""24""]","[""Kargin Haghordum"", ""Kargin haxordum"", ""Կարգին Հաղորդում"", ""Hayko Mko"", ""Armenian Humor"", ""Հայկո Մկո"", ""Հայկական Հումոր"", ""Hayko"", ""Mko"", ""Հյկո"", ""Մկո"", ""Kargin"", ""Կարգին"", ""Armenia Humor"", ""haykakan humor"", ""Armenian jokes"", ""HD"", ""humor"", ""Հումոր"", ""Kargin haxordum HD"", ""Kargin Haghordum HD"", ""Hayko Mko Kargin Haxordum"", ""jokes""]",,,,False,,,,"Կարգին Հաղորդում  
Hayko Mko Armenian Humor 
Հայկո Մկո Հայկական Հումոր",youtube,False,{},{},False,True,True,processed,hd,2d,rectangular,none,,0,api,2026-08-01T13:53:34+00:00,
5LvdQE0oHLU,https://www.youtube.com/watch?v=5LvdQE0oHLU,https://www.youtube.com/watch?v=5LvdQE0oHLU&list=PLDDuEZQEC_uBeOx5OzaaKZtqjLvC0hO9g&index=48&t=0s,Kargin Haghordum sketch 660 (Hayko Mko),KarginTV,UCEHF-l2v0qhi_IXzrfc3uZg,145,20130410,337566,2192,,36.0,public,hy,"[""24""]","[""Kargin Haghordum"", ""Kargin haxordum"", ""Կարգին Հաղորդում"", ""Hayko Mko"", ""Armenian Humor"", ""Հայկո Մկո"", ""Հայկական Հումոր"", ""Hayko"", ""Mko"", ""Հյկո"", ""Մկո"", ""Kargin"", ""Կարգին"", ""Armenia Humor"", ""haykakan humor"", ""Armenian jokes"", ""HD"", ""humor"", ""Հումոր"", ""Kargin haxordum HD"", ""Kargin Haghordum HD"", ""Hayko Mko Kargin Haxordum"", ""jokes""]",,,,False,,,,"Կարգին Հաղորդում  
Hayko Mko Armenian Humor 
Հայկո Մկո Հայկական Հումոր",youtube,True,{},{},False,True,True,processed,hd,2d,rectangular,none,,0,api,2026-08-01T13:53:34+00:00,
97eKFmfo81M,https://www.youtube.com/watch?v=97eKFmfo81M,https://www.youtube.com/watch?v=97eKFmfo81M&list=PLDDuEZQEC_uBeOx5OzaaKZtqjLvC0hO9g&index=49&t=0s,Kargin Haghordum sketch 659 (Hayko Mko),KarginTV,UCEHF-l2v0qhi_IXzrfc3uZg,175,20130410,530537,2978,,41.0,public,hy,"[""24""]","[""Kargin Haghordum"", ""Kargin haxordum"", ""Կարգին Հաղորդում"", ""Hayko Mko"", ""Armenian Humor"", ""Հայկո Մկո"", ""Հայկական Հումոր"", ""Hayko"", ""Mko"", ""Հյկո"", ""Մկո"", ""Kargin"", ""Կարգին"", ""Armenia Humor"", ""haykakan humor"", ""Armenian jokes"", ""HD"", ""humor"", ""Հումոր"", ""Kargin haxordum HD"", ""Kargin Haghordum HD"", ""Hayko Mko Kargin Haxordum"", ""jokes""]",,,,False,,,,"Կարգին Հաղորդում  
Hayko Mko Armenian Humor 
Հայկո Մկո Հայկական Հումոր",youtube,True,{},{},False,True,True,processed,hd,2d,rectangular,none,,0,api,2026-08-01T13:53:34+00:00,
WAE8wAs9FR0,https://www.youtube.com/watch?v=WAE8wAs9FR0,https://www.youtube.com/watch?v=WAE8wAs9FR0&list=PLDDuEZQEC_uBeOx5OzaaKZtqjLvC0hO9g&index=50&t=0s,Kargin Haghordum sketch 658 (Hayko Mko),KarginTV,UCEHF-l2v0qhi_IXzrfc3uZg,422,20130410,876891,7415,,443.0,public,hy,"[""24""]","[""Kargin Haghordum"", ""Kargin haxordum"", ""Կարգին Հաղորդում"", ""Hayko Mko"", ""Armenian Humor"", ""Հայկո Մկո"", ""Հայկական Հումոր"", ""Hayko"", ""Mko"", ""Հյկո"", ""Մկո"", ""Kargin"", ""Կարգին"", ""Armenia Humor"", ""haykakan humor"", ""Armenian jokes"", ""HD"", ""humor"", ""Հումոր"", ""Kargin haxordum HD"", ""Kargin Haghordum HD"", ""Hayko Mko Kargin Haxordum"", ""jokes""]",,,,False,,,,"Կարգին Հաղորդում  
Hayko Mko Armenian Humor 
Հայկո Մկո Հայկական Հումոր",youtube,True,{},{},False,True,True,processed,hd,2d,rectangular,none,,0,api,2026-08-01T13:53:34+00:00,
GUYB2fDpe9Q,https://www.youtube.com/watch?v=GUYB2fDpe9Q,https://www.youtube.com/watch?v=GUYB2fDpe9Q&list=PLDDuEZQEC_uBeOx5OzaaKZtqjLvC0hO9g&index=51&t=0s,Kargin Haghordum sketch 657 (Hayko Mko),KarginTV,UCEHF-l2v0qhi_IXzrfc3uZg,102,20130410,118969,819,,20.0,public,hy,"[""24""]","[""Kargin Haghordum"", ""Kargin haxordum"", ""Կարգին Հաղորդում"", ""Hayko Mko"", ""Armenian Humor"", ""Հայկո Մկո"", ""Հայկական Հումոր"", ""Hayko"", ""Mko"", ""Հյկո"", ""Մկո"", ""Kargin"", ""Կարգին"", ""Armenia Humor"", ""haykakan humor"", ""Armenian jokes"", ""HD"", ""humor"", ""Հումոր"", ""Kargin haxordum HD"", ""Kargin Haghordum HD"", ""Hayko Mko Kargin Haxordum"", ""jokes""]",,,,False,,,,"Կարգին Հաղորդում  
Hayko Mko Armenian Humor 
Հայկո Մկո Հայկական Հումոր",youtube,False,{},{},False,True,True,processed,hd,2d,rectangular,none,,0,api,2026-08-01T13:53:34+00:00,
fJyapqhlMjE,https://www.youtube.com/watch?v=fJyapqhlMjE,https://www.youtube.com/watch?v=fJyapqhlMjE&list=PLDDuEZQEC_uBeOx5OzaaKZtqjLvC0hO9g&index=52&t=0s,Kargin Haghordum sketch 656 (Hayko Mko),KarginTV,UCEHF-l2v0qhi_IXzrfc3uZg,170,20130410,464348,2977,,68.0,public,hy,"[""24""]","[""Kargin Haghordum"", ""Kargin haxordum"", ""Կարգին Հաղորդում"", ""Hayko Mko"", ""Armenian Humor"", ""Հայկո Մկո"", ""Հայկական Հումոր"", ""Hayko"", ""Mko"", ""Հյկո"", ""Մկո"", ""Kargin"", ""Կարգին"", ""Armenia Humor"", ""haykakan humor"", ""Armenian jokes"", ""HD"", ""humor"", ""Հումոր"", ""Kargin haxordum HD"", ""Kargin Haghordum HD"", ""Hayko Mko Kargin Haxordum"", ""jokes""]",,,,False,,,,"Կարգին Հաղորդում  
Hayko Mko Armenian Humor 
Հայկո Մկո Հայկական Հումոր",youtube,True,{},{},False,True,True,processed,hd,2d,rectangular,none,,0,api,2026-08-01T13:53:34+00:00,
_xoYUJw1Hfg,https://www.youtube.com/watch?v=_xoYUJw1Hfg,https://www.youtube.com/watch?v=_xoYUJw1Hfg&list=PLDDuEZQEC_uBeOx5OzaaKZtqjLvC0hO9g&index=53&t=0s,Kargin Haghordum sketch 655 (Hayko Mko),KarginTV,UCEHF-l2v0qhi_IXzrfc3uZg,284,20130410,658954,3872,,69.0,public,hy,"[""24""]","[""Kargin Haghordum"", ""Kargin haxordum"", ""Կարգին Հաղորդում"", ""Hayko Mko"", ""Armenian Humor"", ""Հայկո Մկո"", ""Հայկական Հումոր"", ""Hayko"", ""Mko"", ""Հյկո"", ""Մկո"", ""Kargin"", ""Կարգին"", ""Armenia Humor"", ""haykakan humor"", ""Armenian jokes"", ""HD"", ""humor"", ""Հումոր"", ""Kargin haxordum HD"", ""Kargin Haghordum HD"", ""Hayko Mko Kargin Haxordum"", ""jokes""]",,,,False,,,,"Կարգին Հաղորդում  
Hayko Mko Armenian Humor 
Հայկո Մկո Հայկական Հումոր",youtube,True,{},{},False,True,True,processed,hd,2d,rectangular,none,,0,api,2026-08-01T13:53:34+00:00,
o4bvaRi-rmQ,https://www.youtube.com/watch?v=o4bvaRi-rmQ,https://www.youtube.com/watch?v=o4bvaRi-rmQ&list=PLDDuEZQEC_uBeOx5OzaaKZtqjLvC0hO9g&index=54&t=0s,Kargin Haghordum sketch 654 (Hayko Mko),KarginTV,UCEHF-l2v0qhi_IXzrfc3uZg,168,20130410,559160,2919,,50.0,public,hy,"[""24""]","[""Kargin Haghordum"", ""Kargin haxordum"", ""Կարգին Հաղորդում"", ""Hayko Mko"", ""Armenian Humor"", ""Հայկո Մկո"", ""Հայկական Հումոր"", ""Hayko"", ""Mko"", ""Հյկո"", ""Մկո"", ""Kargin"", ""Կարգին"", ""Armenia Humor"", ""haykakan humor"", ""Armenian jokes"", ""HD"", ""humor"", ""Հումոր"", ""Kargin haxordum HD"", ""Kargin Haghordum HD"", ""Hayko Mko Kargin Haxordum"", ""jokes""]",,,,False,,,,"Կարգին Հաղորդում  
Hayko Mko Armenian Humor 
Հայկո Մկո Հայկական Հումոր",youtube,False,{},{},False,True,True,processed,hd,2d,rectangular,none,,0,api,2026-08-01T13:53:34+00:00,
tAuhRHjW7VA,https://www.youtube.com/watch?v=tAuhRHjW7VA,https://www.youtube.com/watch?v=tAuhRHjW7VA&list=PLDDuEZQEC_uBeOx5OzaaKZtqjLvC0hO9g&index=55&t=0s,Kargin Haghordum sketch 653 (Hayko Mko),KarginTV,UCEHF-l2v0qhi_IXzrfc3uZg,102,20130410,318746,1985,,30.0,public,hy,"[""24""]","[""Kargin Haghordum"", ""Kargin haxordum"", ""Կարգին Հաղորդում"", ""Hayko Mko"", ""Armenian Humor"", ""Հայկո Մկո"", ""Հայկական Հումոր"", ""Hayko"", ""Mko"", ""Հյկո"", ""Մկո"", ""Kargin"", ""Կարգին"", ""Armenia Humor"", ""haykakan humor"", ""Armenian jokes"", ""HD"", ""humor"", ""Հումոր"", ""Kargin haxordum HD"", ""Kargin Haghordum HD"", ""Hayko Mko Kargin Haxordum"", ""jokes""]",,,,False,,,,"Կարգին Հաղորդում  
Hayko Mko Armenian Humor 
Հայկո Մկո Հայկական Հումոր",youtube,True,{},{},False,True,True,processed,hd,2d,rectangular,none,,0,api,2026-08-01T13:53:34+00:00,
rlywro2pHqw,https://www.youtube.com/watch?v=rlywro2pHqw,https://www.youtube.com/watch?v=rlywro2pHqw&list=PLDDuEZQEC_uBeOx5OzaaKZtqjLvC0hO9g&index=56&t=0s,Kargin Haghordum sketch 652 (Hayko Mko),KarginTV,UCEHF-l2v0qhi_IXzrfc3uZg,134,20130410,1662902,6195,,86.0,public,hy,"[""24""]","[""Kargin Haghordum"", ""Kargin haxordum"", ""Կարգին Հաղորդում"", ""Hayko Mko"", ""Armenian Humor"", ""Հայկո Մկո"", ""Հայկական Հումոր"", ""Hayko"", ""Mko"", ""Հյկո"", ""Մկո"", ""Kargin"", ""Կարգին"", ""Armenia Humor"", ""haykakan humor"", ""Armenian jokes"", ""HD"", ""humor"", ""Հումոր"", ""Kargin haxordum HD"", ""Kargin Haghordum HD"", ""Hayko Mko Kargin Haxordum"", ""jokes""]",,,,False,,,,"Կարգին Հաղորդում  
Hayko Mko Armenian Humor 
Հայկո Մկո Հայկական Հումոր",youtube,True,{},{},False,True,True,processed,hd,2d,rectangular,none,,0,api,2026-08-01T13:53:34+00:00,
WzLmm318o80,https://www.youtube.com/watch?v=WzLmm318o80,https://www.youtube.com/watch?v=WzLmm318o80&list=PLDDuEZQEC_uBeOx5OzaaKZtqjLvC0hO9g&index=57&t=0s,Kargin Haghordum sketch 651 (Hayko Mko),KarginTV,UCEHF-l2v0qhi_IXzrfc3uZg,111,20130410,222911,1459,,13.0,public,hy,"[""24""]","[""Kargin Haghordum"", ""Kargin haxordum"", ""Կարգին Հաղորդում"", ""Hayko Mko"", ""Armenian Humor"", ""Հայկո Մկո"", ""Հայկական Հումոր"", ""Hayko"", ""Mko"", ""Հյկո"", ""Մկո"", ""Kargin"", ""Կարգին"", ""Armenia Humor"", ""haykakan humor"", ""Armenian jokes"", ""HD"", ""humor"", ""Հումոր"", ""Kargin haxordum HD"", ""Kargin Haghordum HD"", ""Hayko Mko Kargin Haxordum"", ""jokes""]",,,,False,,,,"Կարգին Հաղորդում  
Hayko Mko Armenian Humor 
Հայկո Մկո Հայկական Հումոր",youtube,True,{},{},False,True,True,processed,hd,2d,rectangular,none,,0,api,2026-08-01T13:53:34+00:00,
O1LDjwZcN9s,https://www.youtube.com/watch?v=O1LDjwZcN9s,https://www.youtube.com/watch?v=O1LDjwZcN9s&list=PLDDuEZQEC_uBeOx5OzaaKZtqjLvC0hO9g&index=58&t=0s,Kargin Haghordum sketch 650 (Hayko Mko),KarginTV,UCEHF-l2v0qhi_IXzrfc3uZg,168,20130410,1122784,4486,,54.0,public,hy,"[""24""]","[""Kargin Haghordum"", ""Kargin haxordum"", ""Կարգին Հաղորդում"", ""Hayko Mko"", ""Armenian Humor"", ""Հայկո Մկո"", ""Հայկական Հումոր"", ""Hayko"", ""Mko"", ""Հյկո"", ""Մկո"", ""Kargin"", ""Կարգին"", ""Armenia Humor"", ""haykakan humor"", ""Armenian jokes"", ""HD"", ""humor"", ""Հումոր"", ""Kargin haxordum HD"", ""Kargin Haghordum HD"", ""Hayko Mko Kargin Haxordum"", ""jokes""]",,,,False,,,,"Կարգին Հաղորդում  
Hayko Mko Armenian Humor 
Հայկո Մկո Հայկական Հումոր",youtube,False,{},{},False,True,True,processed,hd,2d,rectangular,none,,0,api,2026-08-01T13:53:34+00:00,
I9hW_hYRLCI,https://www.youtube.com/watch?v=I9hW_hYRLCI,https://www.youtube.com/watch?v=I9hW_hYRLCI&list=PLDDuEZQEC_uBeOx5OzaaKZtqjLvC0hO9g&index=59&t=0s,Kargin Haghordum sketch 634 (Hayko Mko),KarginTV,UCEHF-l2v0qhi_IXzrfc3uZg,181,20130410,25505,113,,2.0,public,hy,"[""24""]","[""Kargin Haghordum"", ""Kargin haxordum"", ""Կարգին Հաղորդում"", ""Hayko Mko"", ""Armenian Humor"", ""Հայկո Մկո"", ""Հայկական Հումոր"", ""Hayko"", ""Mko"", ""Հյկո"", ""Մկո"", ""Kargin"", ""Կարգին"", ""Armenia Humor"", ""haykakan humor"", ""Armenian jokes"", ""HD"", ""humor"", ""Հումոր"", ""Kargin haxordum HD"", ""Kargin Haghordum HD"", ""Hayko Mko Kargin Haxordum"", ""jokes""]",,,,False,,,,"Կարգին Հաղորդում  
Hayko Mko Armenian Humor 
Հայկո Մկո Հայկական Հումոր",youtube,False,{},{},False,True,True,processed,hd,2d,rectangular,none,,0,api,2026-08-01T13:53:34+00:00,
fLkqwqJCaow,https://www.youtube.com/watch?v=fLkqwqJCaow,https://www.youtube.com/watch?v=fLkqwqJCaow&list=PLDDuEZQEC_uBeOx5OzaaKZtqjLvC0hO9g&index=60&t=0s,Kargin Haghordum sketch 635 (Hayko Mko),KarginTV,UCEHF-l2v0qhi_IXzrfc3uZg,239,20130410,1079947,4742,,72.0,public,hy,"[""24""]","[""Kargin Haghordum"", ""Kargin haxordum"", ""Կարգին Հաղորդում"", ""Hayko Mko"", ""Armenian Humor"", ""Հայկո Մկո"", ""Հայկական Հումոր"", ""Hayko"", ""Mko"", ""Հյկո"", ""Մկո"", ""Kargin"", ""Կարգին"", ""Armenia Humor"", ""haykakan humor"", ""Armenian jokes"", ""HD"", ""humor"", ""Հումոր"", ""Kargin haxordum HD"", ""Kargin Haghordum HD"", ""Hayko Mko Kargin Haxordum"", ""jokes""]",,,,False,,,,"Կարգին Հաղորդում  
Hayko Mko Armenian Humor 
Հայկո Մկո Հայկական Հումոր",youtube,False,{},{},False,True,True,processed,hd,2d,rectangular,none,,0,api,2026-08-01T13:53:34+00:00,
FUCyoOPdwUc,https://www.youtube.com/watch?v=FUCyoOPdwUc,https://www.youtube.com/watch?v=FUCyoOPdwUc&list=PLDDuEZQEC_uBeOx5OzaaKZtqjLvC0hO9g&index=61&t=0s,Kargin Haghordum sketch 636 (Hayko Mko),KarginTV,UCEHF-l2v0qhi_IXzrfc3uZg,262,20130410,401965,2838,,119.0,public,hy,"[""24""]","[""Kargin Haghordum"", ""Kargin haxordum"", ""Կարգին Հաղորդում"", ""Hayko Mko"", ""Armenian Humor"", ""Հայկո Մկո"", ""Հայկական Հումոր"", ""Hayko"", ""Mko"", ""Հյկո"", ""Մկո"", ""Kargin"", ""Կարգին"", ""Armenia Humor"", ""haykakan humor"", ""Armenian jokes"", ""HD"", ""humor"", ""Հումոր"", ""Kargin haxordum HD"", ""Kargin Haghordum HD"", ""Hayko Mko Kargin Haxordum"", ""jokes""]",,,,False,,,,"Կարգին Հաղորդում  
Hayko Mko Armenian Humor 
Հայկո Մկո Հայկական Հումոր",youtube,False,{},{},False,True,True,processed,hd,2d,rectangular,none,,0,api,2026-08-01T13:53:34+00:00,
NIjCAVy4yoA,https://www.youtube.com/watch?v=NIjCAVy4yoA,https://www.youtube.com/watch?v=NIjCAVy4yoA&list=PLDDuEZQEC_uBeOx5OzaaKZtqjLvC0hO9g&index=62&t=0s,Kargin Haghordum sketch 637 (Hayko Mko),KarginTV,UCEHF-l2v0qhi_IXzrfc3uZg,167,20130410,420427,2793,,49.0,public,hy,"[""24""]","[""Kargin Haghordum"", ""Kargin haxordum"", ""Կարգին Հաղորդում"", ""Hayko Mko"", ""Armenian Humor"", ""Հայկո Մկո"", ""Հայկական Հումոր"", ""Hayko"", ""Mko"", ""Հյկո"", ""Մկո"", ""Kargin"", ""Կարգին"", ""Armenia Humor"", ""haykakan humor"", ""Armenian jokes"", ""HD"", ""humor"", ""Հումոր"", ""Kargin haxordum HD"", ""Kargin Haghordum HD"", ""Hayko Mko Kargin Haxordum"", ""jokes""]",,,,False,,,,"Կարգին Հաղորդում  
Hayko Mko Armenian Humor 
Հայկո Մկո Հայկական Հումոր",youtube,True,{},{},False,True,True,processed,hd,2d,rectangular,none,,0,api,2026-08-01T13:53:34+00:00,
OVKzbOLDlFA,https://www.youtube.com/watch?v=OVKzbOLDlFA,https://www.youtube.com/watch?v=OVKzbOLDlFA&list=PLDDuEZQEC_uBeOx5OzaaKZtqjLvC0hO9g&index=63&t=0s,Kargin Haghordum sketch 638 (Hayko Mko),KarginTV,UCEHF-l2v0qhi_IXzrfc3uZg,238,20130410,542820,3739,,33.0,public,hy,"[""24""]","[""Kargin Haghordum"", ""Kargin haxordum"", ""Կարգին Հաղորդում"", ""Hayko Mko"", ""Armenian Humor"", ""Հայկո Մկո"", ""Հայկական Հումոր"", ""Hayko"", ""Mko"", ""Հյկո"", ""Մկո"", ""Kargin"", ""Կարգին"", ""Armenia Humor"", ""haykakan humor"", ""Armenian jokes"", ""HD"", ""humor"", ""Հումոր"", ""Kargin haxordum HD"", ""Kargin Haghordum HD"", ""Hayko Mko Kargin Haxordum"", ""jokes""]",,,,False,,,,"Կարգին Հաղորդում  
Hayko Mko Armenian Humor 
Հայկո Մկո Հայկական Հումոր",youtube,False,"{""blocked"": [""BY"", ""RU""]}",{},False,True,True,processed,hd,2d,rectangular,none,,0,api,2026-08-01T13:53:34+00:00,
wfs9eK8otg8,https://www.youtube.com/watch?v=wfs9eK8otg8,https://www.youtube.com/watch?v=wfs9eK8otg8&list=PLDDuEZQEC_uBeOx5OzaaKZtqjLvC0hO9g&index=64&t=0s,Kargin Haghordum sketch 639 (Hayko Mko),KarginTV,UCEHF-l2v0qhi_IXzrfc3uZg,175,20130410,244108,1169,,19.0,public,hy,"[""24""]","[""Kargin Haghordum"", ""Kargin haxordum"", ""Կարգին Հաղորդում"", ""Hayko Mko"", ""Armenian Humor"", ""Հայկո Մկո"", ""Հայկական Հումոր"", ""Hayko"", ""Mko"", ""Հյկո"", ""Մկո"", ""Kargin"", ""Կարգին"", ""Armenia Humor"", ""haykakan humor"", ""Armenian jokes"", ""HD"", ""humor"", ""Հումոր"", ""Kargin haxordum HD"", ""Kargin Haghordum HD"", ""Hayko Mko Kargin Haxordum"", ""jokes""]",,,,False,,,,"Կարգին Հաղորդում  
Hayko Mko Armenian Humor 
Հայկո Մկո Հայկական Հումոր",youtube,False,{},{},False,True,True,processed,hd,2d,rectangular,none,,0,api,2026-08-01T13:53:34+00:00,
oO9GgcTPJIM,https://www.youtube.com/watch?v=oO9GgcTPJIM,https://www.youtube.com/watch?v=oO9GgcTPJIM&list=PLDDuEZQEC_uBeOx5OzaaKZtqjLvC0hO9g&index=65&t=0s,Kargin Haghordum sketch 640 (Hayko Mko),KarginTV,UCEHF-l2v0qhi_IXzrfc3uZg,70,20130410,307741,1531,,22.0,public,hy,"[""24""]","[""Kargin Haghordum"", ""Kargin haxordum"", ""Կարգին Հաղորդում"", ""Hayko Mko"", ""Armenian Humor"", ""Հայկո Մկո"", ""Հայկական Հումոր"", ""Hayko"", ""Mko"", ""Հյկո"", ""Մկո"", ""Kargin"", ""Կարգին"", ""Armenia Humor"", ""haykakan humor"", ""Armenian jokes"", ""HD"", ""humor"", ""Հումոր"", ""Kargin haxordum HD"", ""Kargin Haghordum HD"", ""Hayko Mko Kargin Haxordum"", ""jokes""]",,,,False,,,,"Կարգին Հաղորդում  
Hayko Mko Armenian Humor 
Հայկո Մկո Հայկական Հումոր",youtube,True,{},{},False,True,True,processed,hd,2d,rectangular,none,,0,api,2026-08-01T13:53:34+00:00,
9ar153dXxcc,https://www.youtube.com/watch?v=9ar153dXxcc,https://www.youtube.com/watch?v=9ar153dXxcc&list=PLDDuEZQEC_uBeOx5OzaaKZtqjLvC0hO9g&index=66&t=0s,Kargin Haghordum sketch 641 (Hayko Mko),KarginTV,UCEHF-l2v0qhi_IXzrfc3uZg,205,20130410,991801,5930,,117.0,public,hy,"[""24""]","[""Kargin Haghordum"", ""Kargin haxordum"", ""Կարգին Հաղորդում"", ""Hayko Mko"", ""Armenian Humor"", ""Հայկո Մկո"", ""Հայկական Հումոր"", ""Hayko"", ""Mko"", ""Հյկո"", ""Մկո"", ""Kargin"", ""Կարգին"", ""Armenia Humor"", ""haykakan humor"", ""Armenian jokes"", ""HD"", ""humor"", ""Հումոր"", ""Kargin haxordum HD"", ""Kargin Haghordum HD"", ""Hayko Mko Kargin Haxordum"", ""jokes""]",,,,False,,,,"Կարգին Հաղորդում  
Hayko Mko Armenian Humor 
Հայկո Մկո Հայկական Հումոր",youtube,True,{},{},False,True,True,processed,hd,2d,rectangular,none,,0,api,2026-08-01T13:53:34+00:00,
NUyAGOvCJFQ,https://www.youtube.com/watch?v=NUyAGOvCJFQ,https://www.youtube.com/watch?v=NUyAGOvCJFQ&list=PLDDuEZQEC_uBeOx5OzaaKZtqjLvC0hO9g&index=67&t=0s,Kargin Haghordum sketch 642 (Hayko Mko),KarginTV,UCEHF-l2v0qhi_IXzrfc3uZg,137,20130410,300815,1920,,32.0,public,hy,"[""24""]","[""Kargin Haghordum"", ""Kargin haxordum"", ""Կարգին Հաղորդում"", ""Hayko Mko"", ""Armenian Humor"", ""Հայկո Մկո"", ""Հայկական Հումոր"", ""Hayko"", ""Mko"", ""Հյկո"", ""Մկո"", ""Kargin"", ""Կարգին"", ""Armenia Humor"", ""haykakan humor"", ""Armenian jokes"", ""HD"", ""humor"", ""Հումոր"", ""Kargin haxordum HD"", ""Kargin Haghordum HD"", ""Hayko Mko Kargin Haxordum"", ""jokes""]",,,,False,,,,"Կարգին Հաղորդում  
Hayko Mko Armenian Humor 
Հայկո Մկո Հայկական Հումոր",youtube,True,{},{},False,True,True,processed,hd,2d,rectangular,none,,0,api,2026-08-01T13:53:34+00:00,
QLRXsgR_mCI,https://www.youtube.com/watch?v=QLRXsgR_mCI,https://www.youtube.com/watch?v=QLRXsgR_mCI&list=PLDDuEZQEC_uBeOx5OzaaKZtqjLvC0hO9g&index=68&t=0s,Kargin Haghordum sketch 643 (Hayko Mko),KarginTV,UCEHF-l2v0qhi_IXzrfc3uZg,200,20130410,169463,760,,30.0,public,hy,"[""24""]","[""Kargin Haghordum"", ""Kargin haxordum"", ""Կարգին Հաղորդում"", ""Hayko Mko"", ""Armenian Humor"", ""Հայկո Մկո"", ""Հայկական Հումոր"", ""Hayko"", ""Mko"", ""Հյկո"", ""Մկո"", ""Kargin"", ""Կարգին"", ""Armenia Humor"", ""haykakan humor"", ""Armenian jokes"", ""HD"", ""humor"", ""Հումոր"", ""Kargin haxordum HD"", ""Kargin Haghordum HD"", ""Hayko Mko Kargin Haxordum"", ""jokes""]",,,,False,,,,"Կարգին Հաղորդում  
Hayko Mko Armenian Humor 
Հայկո Մկո Հայկական Հումոր",youtube,False,{},{},False,True,True,processed,hd,2d,rectangular,none,,0,api,2026-08-01T13:53:34+00:00,
eXVMl1B1rks,https://www.youtube.com/watch?v=eXVMl1B1rks,https://www.youtube.com/watch?v=eXVMl1B1rks&list=PLDDuEZQEC_uBeOx5OzaaKZtqjLvC0hO9g&index=69&t=0s,Kargin Haghordum sketch 644 (Hayko Mko),KarginTV,UCEHF-l2v0qhi_IXzrfc3uZg,70,20130410,161411,1152,,14.0,public,hy,"[""24""]","[""Kargin Haghordum"", ""Kargin haxordum"", ""Կարգին Հաղորդում"", ""Hayko Mko"", ""Armenian Humor"", ""Հայկո Մկո"", ""Հայկական Հումոր"", ""Hayko"", ""Mko"", ""Հյկո"", ""Մկո"", ""Kargin"", ""Կարգին"", ""Armenia Humor"", ""haykakan humor"", ""Armenian jokes"", ""HD"", ""humor"", ""Հումոր"", ""Kargin haxordum HD"", ""Kargin Haghordum HD"", ""Hayko Mko Kargin Haxordum"", ""jokes""]",,,,False,,,,"Կարգին Հաղորդում  
Hayko Mko Armenian Humor 
Հայկո Մկո Հայկական Հումոր",youtube,True,{},{},False,True,True,processed,hd,2d,rectangular,none,,0,api,2026-08-01T13:53:34+00:00,
pZHA5XLoH_c,https://www.youtube.com/watch?v=pZHA5XLoH_c,https://www.youtube.com/watch?v=pZHA5XLoH_c&list=PLDDuEZQEC_uBeOx5OzaaKZtqjLvC0hO9g&index=70&t=0s,Kargin Haghordum sketch 645 (Hayko Mko),KarginTV,UCEHF-l2v0qhi_IXzrfc3uZg,94,20130410,468423,1460,,14.0,public,hy,"[""24""]","[""Kargin Haghordum"", ""Kargin haxordum"", ""Կարգին Հաղորդում"", ""Hayko Mko"", ""Armenian Humor"", ""Հայկո Մկո"", ""Հայկական Հումոր"", ""Hayko"", ""Mko"", ""Հյկո"", ""Մկո"", ""Kargin"", ""Կարգին"", ""Armenia Humor"", ""haykakan humor"", ""Armenian jokes"", ""HD"", ""humor"", ""Հումոր"", ""Kargin haxordum HD"", ""Kargin Haghordum HD"", ""Hayko Mko Kargin Haxordum"", ""jokes""]",,,,False,,,,"Կարգին Հաղորդում  
Hayko Mko Armenian Humor 
Հայկո Մկո Հայկական Հումոր",youtube,True,{},{},False,True,True,processed,hd,2d,rectangular,none,,0,api,2026-08-01T13:53:34+00:00,
cV4yqUdZS3k,https://www.youtube.com/watch?v=cV4yqUdZS3k,https://www.youtube.com/watch?v=cV4yqUdZS3k&list=PLDDuEZQEC_uBeOx5OzaaKZtqjLvC0hO9g&index=71&t=0s,Kargin Haghordum sketch 646 (Hayko Mko),KarginTV,UCEHF-l2v0qhi_IXzrfc3uZg,140,20130410,238665,1433,,16.0,public,hy,"[""24""]","[""Kargin Haghordum"", ""Kargin haxordum"", ""Կարգին Հաղորդում"", ""Hayko Mko"", ""Armenian Humor"", ""Հայկո Մկո"", ""Հայկական Հումոր"", ""Hayko"", ""Mko"", ""Հյկո"", ""Մկո"", ""Kargin"", ""Կարգին"", ""Armenia Humor"", ""haykakan humor"", ""Armenian jokes"", ""HD"", ""humor"", ""Հումոր"", ""Kargin haxordum HD"", ""Kargin Haghordum HD"", ""Hayko Mko Kargin Haxordum"", ""jokes""]",,,,False,,,,"Կարգին Հաղորդում  
Hayko Mko Armenian Humor 
Հայկո Մկո Հայկական Հումոր",youtube,True,{},{},False,True,True,processed,hd,2d,rectangular,none,,0,api,2026-08-01T13:53:34+00:00,
Ek4ZeurlKjw,https://www.youtube.com/watch?v=Ek4ZeurlKjw,https://www.youtube.com/watch?v=Ek4ZeurlKjw&list=PLDDuEZQEC_uBeOx5OzaaKZtqjLvC0hO9g&index=72&t=0s,Kargin Haghordum sketch 647 (Hayko Mko),KarginTV,UCEHF-l2v0qhi_IXzrfc3uZg,132,20130410,124002,877,,38.0,public,hy,"[""24""]","[""Kargin Haghordum"", ""Kargin haxordum"", ""Կարգին Հաղորդում"", ""Hayko Mko"", ""Armenian Humor"", ""Հայկո Մկո"", ""Հայկական Հումոր"", ""Hayko"", ""Mko"", ""Հյկո"", ""Մկո"", ""Kargin"", ""Կարգին"", ""Armenia Humor"", ""haykakan humor"", ""Armenian jokes"", ""HD"", ""humor"", ""Հումոր"", ""Kargin haxordum HD"", ""Kargin Haghordum HD"", ""Hayko Mko Kargin Haxordum"", ""jokes""]",,,,False,,,,"Կարգին Հաղորդում  
Hayko Mko Armenian Humor 
Հայկո Մկո Հայկական Հումոր",youtube,True,{},{},False,True,True,processed,hd,2d,rectangular,none,,0,api,2026-08-01T13:53:34+00:00,
LTFdwmRrjBY,https://www.youtube.com/watch?v=LTFdwmRrjBY,https://www.youtube.com/watch?v=LTFdwmRrjBY&list=PLDDuEZQEC_uBeOx5OzaaKZtqjLvC0hO9g&index=73&t=0s,Kargin Haghordum sketch 648 (Hayko Mko),KarginTV,UCEHF-l2v0qhi_IXzrfc3uZg,387,20130410,1212851,7371,,208.0,public,hy,"[""24""]","[""Kargin Haghordum"", ""Kargin haxordum"", ""Կարգին Հաղորդում"", ""Hayko Mko"", ""Armenian Humor"", ""Հայկո Մկո"", ""Հայկական Հումոր"", ""Hayko"", ""Mko"", ""Հյկո"", ""Մկո"", ""Kargin"", ""Կարգին"", ""Armenia Humor"", ""haykakan humor"", ""Armenian jokes"", ""HD"", ""humor"", ""Հումոր"", ""Kargin haxordum HD"", ""Kargin Haghordum HD"", ""Hayko Mko Kargin Haxordum"", ""jokes""]",,,,False,,,,"Կարգին Հաղորդում  
Hayko Mko Armenian Humor 
Հայկո Մկո Հայկական Հումոր",youtube,False,"{""blocked"": [""RU""]}",{},False,True,True,processed,hd,2d,rectangular,none,,0,api,2026-08-01T13:53:34+00:00,
xKIAGtRttaw,https://www.youtube.com/watch?v=xKIAGtRttaw,https://www.youtube.com/watch?v=xKIAGtRttaw&list=PLDDuEZQEC_uBeOx5OzaaKZtqjLvC0hO9g&index=74&t=0s,Kargin Haghordum sketch 649 (Hayko Mko),KarginTV,UCEHF-l2v0qhi_IXzrfc3uZg,240,20130410,2245600,7306,,121.0,public,hy,"[""24""]","[""Kargin Haghordum"", ""Kargin haxordum"", ""Կարգին Հաղորդում"", ""Hayko Mko"", ""Armenian Humor"", ""Հայկո Մկո"", ""Հայկական Հումոր"", ""Hayko"", ""Mko"", ""Հյկո"", ""Մկո"", ""Kargin"", ""Կարգին"", ""Armenia Humor"", ""haykakan humor"", ""Armenian jokes"", ""HD"", ""humor"", ""Հումոր"", ""Kargin haxordum HD"", ""Kargin Haghordum HD"", ""Hayko Mko Kargin Haxordum"", ""jokes""]",,,,False,,,,"Կարգին Հաղորդում  
Hayko Mko Armenian Humor 
Հայկո Մկո Հայկական Հումոր",youtube,True,{},{},False,True,True,processed,hd,2d,rectangular,none,,0,api,2026-08-01T13:53:34+00:00,
cLAP5VdCAc8,https://www.youtube.com/watch?v=cLAP5VdCAc8,https://www.youtube.com/watch?v=cLAP5VdCAc8&list=PLDDuEZQEC_uBeOx5OzaaKZtqjLvC0hO9g&index=76&t=0s,Kargin Haghordum sketch 702 (Hayko Mko),KarginTV,UCEHF-l2v0qhi_IXzrfc3uZg,194,20130411,201004,1226,,12.0,public,hy,"[""24""]","[""Kargin Haghordum"", ""Kargin haxordum"", ""Կարգին Հաղորդում"", ""Hayko Mko"", ""Armenian Humor"", ""Հայկո Մկո"", ""Հայկական Հումոր"", ""Hayko"", ""Mko"", ""Հյկո"", ""Մկո"", ""Kargin"", ""Կարգին"", ""Armenia Humor"", ""haykakan humor"", ""Armenian jokes"", ""HD"", ""humor"", ""Հումոր"", ""Kargin haxordum HD"", ""Kargin Haghordum HD"", ""Hayko Mko Kargin Haxordum"", ""jokes""]",,,,False,,,,"Կարգին Հաղորդում  
Hayko Mko Armenian Humor 
Հայկո Մկո Հայկական Հումոր",youtube,False,{},{},False,True,True,processed,hd,2d,rectangular,none,,0,api,2026-08-01T13:53:34+00:00,
8ZXHMEFAfNo,https://www.youtube.com/watch?v=8ZXHMEFAfNo,https://www.youtube.com/watch?v=8ZXHMEFAfNo&list=PLDDuEZQEC_uBeOx5OzaaKZtqjLvC0hO9g&index=79&t=0s,Kargin Haghordum sketch 699 (Hayko Mko),KarginTV,UCEHF-l2v0qhi_IXzrfc3uZg,220,20130411,886313,2729,,48.0,public,hy,"[""24""]","[""Kargin Haghordum"", ""Kargin haxordum"", ""Կարգին Հաղորդում"", ""Hayko Mko"", ""Armenian Humor"", ""Հայկո Մկո"", ""Հայկական Հումոր"", ""Hayko"", ""Mko"", ""Հյկո"", ""Մկո"", ""Kargin"", ""Կարգին"", ""Armenia Humor"", ""haykakan humor"", ""Armenian jokes"", ""HD"", ""humor"", ""Հումոր"", ""Kargin haxordum HD"", ""Kargin Haghordum HD"", ""Hayko Mko Kargin Haxordum"", ""jokes""]",,,,False,,,,"Կարգին Հաղորդում  
Hayko Mko Armenian Humor 
Հայկո Մկո Հայկական Հումոր",youtube,False,{},{},False,True,True,processed,hd,2d,rectangular,none,,0,api,2026-08-01T13:53:34+00:00,
eN2Bn1QuBhU,https://www.youtube.com/watch?v=eN2Bn1QuBhU,https://www.youtube.com/watch?v=eN2Bn1QuBhU&list=PLDDuEZQEC_uBeOx5OzaaKZtqjLvC0hO9g&index=80&t=0s,Kargin Haghordum sketch 698 (Hayko Mko),KarginTV,UCEHF-l2v0qhi_IXzrfc3uZg,217,20130411,591475,3834,,64.0,public,hy,"[""24""]","[""Kargin Haghordum"", ""Kargin haxordum"", ""Կարգին Հաղորդում"", ""Hayko Mko"", ""Armenian Humor"", ""Հայկո Մկո"", ""Հայկական Հումոր"", ""Hayko"", ""Mko"", ""Հյկո"", ""Մկո"", ""Kargin"", ""Կարգին"", ""Armenia Humor"", ""haykakan humor"", ""Armenian jokes"", ""HD"", ""humor"", ""Հումոր"", ""Kargin haxordum HD"", ""Kargin Haghordum HD"", ""Hayko Mko Kargin Haxordum"", ""jokes""]",,,,False,,,,"Կարգին Հաղորդում  
Hayko Mko Armenian Humor 
Հայկո Մկո Հայկական Հումոր",youtube,True,{},{},False,True,True,processed,hd,2d,rectangular,none,,0,api,2026-08-01T13:53:34+00:00,
K2iU6Dl84Cg,https://www.youtube.com/watch?v=K2iU6Dl84Cg,https://www.youtube.com/watch?v=K2iU6Dl84Cg&list=PLDDuEZQEC_uBeOx5OzaaKZtqjLvC0hO9g&index=81&t=0s,Kargin Haghordum sketch 697 (Hayko Mko),KarginTV,UCEHF-l2v0qhi_IXzrfc3uZg,228,20130411,795442,3931,,75.0,public,hy,"[""24""]","[""Kargin Haghordum"", ""Kargin haxordum"", ""Կարգին Հաղորդում"", ""Hayko Mko"", ""Armenian Humor"", ""Հայկո Մկո"", ""Հայկական Հումոր"", ""Hayko"", ""Mko"", ""Հյկո"", ""Մկո"", ""Kargin"", ""Կարգին"", ""Armenia Humor"", ""haykakan humor"", ""Armenian jokes"", ""HD"", ""humor"", ""Հումոր"", ""Kargin haxordum HD"", ""Kargin Haghordum HD"", ""Hayko Mko Kargin Haxordum"", ""jokes""]",,,,False,,,,"Կարգին Հաղորդում  
Hayko Mko Armenian Humor 
Հայկո Մկո Հայկական Հումոր",youtube,False,{},{},False,True,True,processed,hd,2d,rectangular,none,,0,api,2026-08-01T13:53:34+00:00,
-tIeNlhQlDg,https://www.youtube.com/watch?v=-tIeNlhQlDg,https://www.youtube.com/watch?v=-tIeNlhQlDg&list=PLDDuEZQEC_uBeOx5OzaaKZtqjLvC0hO9g&index=82&t=0s,Kargin Haghordum sketch 696 (Hayko Mko),KarginTV,UCEHF-l2v0qhi_IXzrfc3uZg,99,20130411,804268,4140,,86.0,public,hy,"[""24""]","[""Kargin Haghordum"", ""Kargin haxordum"", ""Կարգին Հաղորդում"", ""Hayko Mko"", ""Armenian Humor"", ""Հայկո Մկո"", ""Հայկական Հումոր"", ""Hayko"", ""Mko"", ""Հյկո"", ""Մկո"", ""Kargin"", ""Կարգին"", ""Armenia Humor"", ""haykakan humor"", ""Armenian jokes"", ""HD"", ""humor"", ""Հումոր"", ""Kargin haxordum HD"", ""Kargin Haghordum HD"", ""Hayko Mko Kargin Haxordum"", ""jokes""]",,,,False,,,,"Կարգին Հաղորդում  
Hayko Mko Armenian Humor 
Հայկո Մկո Հայկական Հումոր",youtube,True,{},{},False,True,True,processed,hd,2d,rectangular,none,,0,api,2026-08-01T13:53:34+00:00,
bmgJman6_ho,https://www.youtube.com/watch?v=bmgJman6_ho,https://www.youtube.com/watch?v=bmgJman6_ho&list=PLDDuEZQEC_uBeOx5OzaaKZtqjLvC0hO9g&index=83&t=0s,Kargin Haghordum sketch 695 (Hayko Mko),KarginTV,UCEHF-l2v0qhi_IXzrfc3uZg,109,20130411,604894,2935,,37.0,public,hy,"[""24""]","[""Kargin Haghordum"", ""Kargin haxordum"", ""Կարգին Հաղորդում"", ""Hayko Mko"", ""Armenian Humor"", ""Հայկո Մկո"", ""Հայկական Հումոր"", ""Hayko"", ""Mko"", ""Հյկո"", ""Մկո"", ""Kargin"", ""Կարգին"", ""Armenia Humor"", ""haykakan humor"", ""Armenian jokes"", ""HD"", ""humor"", ""Հումոր"", ""Kargin haxordum HD"", ""Kargin Haghordum HD"", ""Hayko Mko Kargin Haxordum"", ""jokes""]",,,,False,,,,"Կարգին Հաղորդում  
Hayko Mko Armenian Humor 
Հայկո Մկո Հայկական Հումոր",youtube,True,{},{},False,True,True,processed,hd,2d,rectangular,none,,0,api,2026-08-01T13:53:34+00:00,
PxR8KBmDkSM,https://www.youtube.com/watch?v=PxR8KBmDkSM,https://www.youtube.com/watch?v=PxR8KBmDkSM&list=PLDDuEZQEC_uBeOx5OzaaKZtqjLvC0hO9g&index=84&t=0s,Kargin Haghordum sketch 694 (Hayko Mko),KarginTV,UCEHF-l2v0qhi_IXzrfc3uZg,87,20130411,632882,4366,,95.0,public,hy,"[""24""]","[""Kargin Haghordum"", ""Kargin haxordum"", ""Կարգին Հաղորդում"", ""Hayko Mko"", ""Armenian Humor"", ""Հայկո Մկո"", ""Հայկական Հումոր"", ""Hayko"", ""Mko"", ""Հյկո"", ""Մկո"", ""Kargin"", ""Կարգին"", ""Armenia Humor"", ""haykakan humor"", ""Armenian jokes"", ""HD"", ""humor"", ""Հումոր"", ""Kargin haxordum HD"", ""Kargin Haghordum HD"", ""Hayko Mko Kargin Haxordum"", ""jokes""]",,,,False,,,,"Կարգին Հաղորդում  
Hayko Mko Armenian Humor 
Հայկո Մկո Հայկական Հումոր",youtube,True,{},{},False,True,True,processed,hd,2d,rectangular,none,,0,api,2026-08-01T13:53:34+00:00,
upUFjVrN0i8,https://www.youtube.com/watch?v=upUFjVrN0i8,https://www.youtube.com/watch?v=upUFjVrN0i8&list=PLDDuEZQEC_uBeOx5OzaaKZtqjLvC0hO9g&index=85&t=0s,Kargin Haghordum sketch 693 (Hayko Mko),KarginTV,UCEHF-l2v0qhi_IXzrfc3uZg,140,20130411,582308,3522,,43.0,public,hy,"[""24""]","[""Kargin Haghordum"", ""Kargin haxordum"", ""Կարգին Հաղորդում"", ""Hayko Mko"", ""Armenian Humor"", ""Հայկո Մկո"", ""Հայկական Հումոր"", ""Hayko"", ""Mko"", ""Հյկո"", ""Մկո"", ""Kargin"", ""Կարգին"", ""Armenia Humor"", ""haykakan humor"", ""Armenian jokes"", ""HD"", ""humor"", ""Հումոր"", ""Kargin haxordum HD"", ""Kargin Haghordum HD"", ""Hayko Mko Kargin Haxordum"", ""jokes""]",,,,False,,,,"Կարգին Հաղորդում  
Hayko Mko Armenian Humor 
Հայկո Մկո Հայկական Հումոր",youtube,True,{},{},False,True,True,processed,hd,2d,rectangular,none,,0,api,2026-08-01T13:53:34+00:00,
Ha_5wRv-4sU,https://www.youtube.com/watch?v=Ha_5wRv-4sU,https://www.youtube.com/watch?v=Ha_5wRv-4sU&list=PLDDuEZQEC_uBeOx5OzaaKZtqjLvC0hO9g&index=86&t=0s,Kargin Haghordum sketch 692 (Hayko Mko),KarginTV,UCEHF-l2v0qhi_IXzrfc3uZg,152,20130411,685748,2523,,56.0,public,hy,"[""24""]","[""Kargin Haghordum"", ""Kargin haxordum"", ""Կարգին Հաղորդում"", ""Hayko Mko"", ""Armenian Humor"", ""Հայկո Մկո"", ""Հայկական Հումոր"", ""Hayko"", ""Mko"", ""Հյկո"", ""Մկո"", ""Kargin"", ""Կարգին"", ""Armenia Humor"", ""haykakan humor"", ""Armenian jokes"", ""HD"", ""humor"", ""Հումոր"", ""Kargin haxordum HD"", ""Kargin Haghordum HD"", ""Hayko Mko Kargin Haxordum"", ""jokes""]",,,,False,,,,"Կարգին Հաղորդում  
Hayko Mko Armenian Humor 
Հայկո Մկո Հայկական Հումոր",youtube,False,{},{},False,True,True,processed,hd,2d,rectangular,none,,0,api,2026-08-01T13:53:34+00:00,
3Uod7MNtIok,https://www.youtube.com/watch?v=3Uod7MNtIok,https://www.youtube.com/watch?v=3Uod7MNtIok&list=PLDDuEZQEC_uBeOx5OzaaKZtqjLvC0hO9g&index=87&t=0s,Kargin Haghordum sketch 691 (Hayko Mko),KarginTV,UCEHF-l2v0qhi_IXzrfc3uZg,124,20130411,393925,2218,,50.0,public,hy,"[""24""]","[""Kargin Haghordum"", ""Kargin haxordum"", ""Կարգին Հաղորդում"", ""Hayko Mko"", ""Armenian Humor"", ""Հայկո Մկո"", ""Հայկական Հումոր"", ""Hayko"", ""Mko"", ""Հյկո"", ""Մկո"", ""Kargin"", ""Կարգին"", ""Armenia Humor"", ""haykakan humor"", ""Armenian jokes"", ""HD"", ""humor"", ""Հումոր"", ""Kargin haxordum HD"", ""Kargin Haghordum HD"", ""Hayko Mko Kargin Haxordum"", ""jokes""]",,,,False,,,,"Կարգին Հաղորդում  
Hayko Mko Armenian Humor 
Հայկո Մկո Հայկական Հումոր",youtube,True,{},{},False,True,True,processed,hd,2d,rectangular,none,,0,api,2026-08-01T13:53:34+00:00,
8GqYC2kfggk,https://www.youtube.com/watch?v=8GqYC2kfggk,https://www.youtube.com/watch?v=8GqYC2kfggk&list=PLDDuEZQEC_uBeOx5OzaaKZtqjLvC0hO9g&index=88&t=0s,Kargin Haghordum sketch 690 (Hayko Mko),KarginTV,UCEHF-l2v0qhi_IXzrfc3uZg,83,20130411,271698,1324,,24.0,public,hy,"[""24""]","[""Kargin Haghordum"", ""Kargin haxordum"", ""Կարգին Հաղորդում"", ""Hayko Mko"", ""Armenian Humor"", ""Հայկո Մկո"", ""Հայկական Հումոր"", ""Hayko"", ""Mko"", ""Հյկո"", ""Մկո"", ""Kargin"", ""Կարգին"", ""Armenia Humor"", ""haykakan humor"", ""Armenian jokes"", ""HD"", ""humor"", ""Հումոր"", ""Kargin haxordum HD"", ""Kargin Haghordum HD"", ""Hayko Mko Kargin Haxordum"", ""jokes""]",,,,False,,,,"Կարգին Հաղորդում  
Hayko Mko Armenian Humor 
Հայկո Մկո Հայկական Հումոր",youtube,False,{},{},False,True,True,processed,hd,2d,rectangular,none,,0,api,2026-08-01T13:53:34+00:00,
TdS_e6ZrBC0,https://www.youtube.com/watch?v=TdS_e6ZrBC0,https://www.youtube.com/watch?v=TdS_e6ZrBC0&list=PLDDuEZQEC_uBeOx5OzaaKZtqjLvC0hO9g&index=89&t=0s,Kargin Haghordum sketch 689 (Hayko Mko),KarginTV,UCEHF-l2v0qhi_IXzrfc3uZg,200,20130411,680122,4165,,73.0,public,hy,"[""24""]","[""Kargin Haghordum"", ""Kargin haxordum"", ""Կարգին Հաղորդում"", ""Hayko Mko"", ""Armenian Humor"", ""Հայկո Մկո"", ""Հայկական Հումոր"", ""Hayko"", ""Mko"", ""Հյկո"", ""Մկո"", ""Kargin"", ""Կարգին"", ""Armenia Humor"", ""haykakan humor"", ""Armenian jokes"", ""HD"", ""humor"", ""Հումոր"", ""Kargin haxordum HD"", ""Kargin Haghordum HD"", ""Hayko Mko Kargin Haxordum"", ""jokes""]",,,,False,,,,"Կարգին Հաղորդում  
Hayko Mko Armenian Humor 
Հայկո Մկո Հայկական Հումոր",youtube,False,{},{},False,True,True,processed,hd,2d,rectangular,none,,0,api,2026-08-01T13:53:34+00:00,
HihCVmDFnnw,https://www.youtube.com/watch?v=HihCVmDFnnw,https://www.youtube.com/watch?v=HihCVmDFnnw&list=PLDDuEZQEC_uBeOx5OzaaKZtqjLvC0hO9g&index=90&t=0s,Kargin Haghordum sketch 688 (Hayko Mko),KarginTV,UCEHF-l2v0qhi_IXzrfc3uZg,124,20130411,675155,2631,,37.0,public,hy,"[""24""]","[""Kargin Haghordum"", ""Kargin haxordum"", ""Կարգին Հաղորդում"", ""Hayko Mko"", ""Armenian Humor"", ""Հայկո Մկո"", ""Հայկական Հումոր"", ""Hayko"", ""Mko"", ""Հյկո"", ""Մկո"", ""Kargin"", ""Կարգին"", ""Armenia Humor"", ""haykakan humor"", ""Armenian jokes"", ""HD"", ""humor"", ""Հումոր"", ""Kargin haxordum HD"", ""Kargin Haghordum HD"", ""Hayko Mko Kargin Haxordum"", ""jokes""]",,,,False,,,,"Կարգին Հաղորդում  
Hayko Mko Armenian Humor 
Հայկո Մկո Հայկական Հումոր",youtube,True,{},{},False,True,True,processed,hd,2d,rectangular,none,,0,api,2026-08-01T13:53:35+00:00,
LZeSjXQMvyc,https://www.youtube.com/watch?v=LZeSjXQMvyc,https://www.youtube.com/watch?v=LZeSjXQMvyc&list=PLDDuEZQEC_uBeOx5OzaaKZtqjLvC0hO9g&index=91&t=0s,Kargin Haghordum sketch 687 (Hayko Mko),KarginTV,UCEHF-l2v0qhi_IXzrfc3uZg,184,20130411,222092,1923,,43.0,public,hy,"[""24""]","[""Kargin Haghordum"", ""Kargin haxordum"", ""Կարգին Հաղորդում"", ""Hayko Mko"", ""Armenian Humor"", ""Հայկո Մկո"", ""Հայկական Հումոր"", ""Hayko"", ""Mko"", ""Հյկո"", ""Մկո"", ""Kargin"", ""Կարգին"", ""Armenia Humor"", ""haykakan humor"", ""Armenian jokes"", ""HD"", ""humor"", ""Հումոր"", ""Kargin haxordum HD"", ""Kargin Haghordum HD"", ""Hayko Mko Kargin Haxordum"", ""jokes""]",,,,False,,,,"Կարգին Հաղորդում  
Hayko Mko Armenian Humor 
Հայկո Մկո Հայկական Հումոր",youtube,True,{},{},False,True,True,processed,hd,2d,rectangular,none,,0,api,2026-08-01T13:53:35+00:00,
6bl5UzPlxtE,https://www.youtube.com/watch?v=6bl5UzPlxtE,https://www.youtube.com/watch?v=6bl5UzPlxtE&list=PLDDuEZQEC_uBeOx5OzaaKZtqjLvC0hO9g&index=92&t=0s,Kargin Haghordum sketch 686 (Hayko Mko),KarginTV,UCEHF-l2v0qhi_IXzrfc3uZg,279,20130411,1057071,5702,,108.0,public,hy,"[""24""]","[""Kargin Haghordum"", ""Kargin haxordum"", ""Կարգին Հաղորդում"", ""Hayko Mko"", ""Armenian Humor"", ""Հայկո Մկո"", ""Հայկական Հումոր"", ""Hayko"", ""Mko"", ""Հյկո"", ""Մկո"", ""Kargin"", ""Կարգին"", ""Armenia Humor"", ""haykakan humor"", ""Armenian jokes"", ""HD"", ""humor"", ""Հումոր"", ""Kargin haxordum HD"", ""Kargin Haghordum HD"", ""Hayko Mko Kargin Haxordum"", ""jokes""]",,,,False,,,,"Կարգին Հաղորդում  
Hayko Mko Armenian Humor 
Հայկո Մկո Հայկական Հումոր",youtube,True,{},{},False,True,True,processed,hd,2d,rectangular,none,,0,api,2026-08-01T13:53:35+00:00,
qC_PRKGdMgk,https://www.youtube.com/watch?v=qC_PRKGdMgk,https://www.youtube.com/watch?v=qC_PRKGdMgk&list=PLDDuEZQEC_uBeOx5OzaaKZtqjLvC0hO9g&index=93&t=0s,Kargin Haghordum sketch 685 (Hayko Mko),KarginTV,UCEHF-l2v0qhi_IXzrfc3uZg,124,20130411,279001,1463,,27.0,public,hy,"[""24""]","[""Kargin Haghordum"", ""Kargin haxordum"", ""Կարգին Հաղորդում"", ""Hayko Mko"", ""Armenian Humor"", ""Հայկո Մկո"", ""Հայկական Հումոր"", ""Hayko"", ""Mko"", ""Հյկո"", ""Մկո"", ""Kargin"", ""Կարգին"", ""Armenia Humor"", ""haykakan humor"", ""Armenian jokes"", ""HD"", ""humor"", ""Հումոր"", ""Kargin haxordum HD"", ""Kargin Haghordum HD"", ""Hayko Mko Kargin Haxordum"", ""jokes""]",,,,False,,,,"Կարգին Հաղորդում  
Hayko Mko Armenian Humor 
Հայկո Մկո Հայկական Հումոր",youtube,True,{},{},False,True,True,processed,hd,2d,rectangular,none,,0,api,2026-08-01T13:53:35+00:00,
pv_4MVcjEik,https://www.youtube.com/watch?v=pv_4MVcjEik,https://www.youtube.com/watch?v=pv_4MVcjEik&list=PLDDuEZQEC_uBeOx5OzaaKZtqjLvC0hO9g&index=94&t=0s,Kargin Haghordum sketch 684 (Hayko Mko),KarginTV,UCEHF-l2v0qhi_IXzrfc3uZg,232,20130411,1387988,7138,,58.0,public,hy,"[""24""]","[""Kargin Haghordum"", ""Kargin haxordum"", ""Կարգին Հաղորդում"", ""Hayko Mko"", ""Armenian Humor"", ""Հայկո Մկո"", ""Հայկական Հումոր"", ""Hayko"", ""Mko"", ""Հյկո"", ""Մկո"", ""Kargin"", ""Կարգին"", ""Armenia Humor"", ""haykakan humor"", ""Armenian jokes"", ""HD"", ""humor"", ""Հումոր"", ""Kargin haxordum HD"", ""Kargin Haghordum HD"", ""Hayko Mko Kargin Haxordum"", ""jokes""]",,,,False,,,,"Կարգին Հաղորդում  
Hayko Mko Armenian Humor 
Հայկո Մկո Հայկական Հումոր",youtube,True,{},{},False,True,True,processed,hd,2d,rectangular,none,,0,api,2026-08-01T13:53:35+00:00,
IfCuuiv9drk,https://www.youtube.com/watch?v=IfCuuiv9drk,https://www.youtube.com/watch?v=IfCuuiv9drk&list=PLDDuEZQEC_uBeOx5OzaaKZtqjLvC0hO9g&index=95&t=0s,Kargin Haghordum sketch 683 (Hayko Mko),KarginTV,UCEHF-l2v0qhi_IXzrfc3uZg,170,20130411,227461,1524,,47.0,public,hy,"[""24""]","[""Kargin Haghordum"", ""Kargin haxordum"", ""Կարգին Հաղորդում"", ""Hayko Mko"", ""Armenian Humor"", ""Հայկո Մկո"", ""Հայկական Հումոր"", ""Hayko"", ""Mko"", ""Հյկո"", ""Մկո"", ""Kargin"", ""Կարգին"", ""Armenia Humor"", ""haykakan humor"", ""Armenian jokes"", ""HD"", ""humor"", ""Հումոր"", ""Kargin haxordum HD"", ""Kargin Haghordum HD"", ""Hayko Mko Kargin Haxordum"", ""jokes""]",,,,False,,,,"Կարգին Հաղորդում  
Hayko Mko Armenian Humor 
Հայկո Մկո Հայկական Հումոր",youtube,False,{},{},False,True,True,processed,hd,2d,rectangular,none,,0,api,2026-08-01T13:53:35+00:00,
JFAzFdOamDA,https://www.youtube.com/watch?v=JFAzFdOamDA,https://www.youtube.com/watch?v=JFAzFdOamDA&list=PLDDuEZQEC_uBeOx5OzaaKZtqjLvC0hO9g&index=96&t=0s,Kargin Haghordum sketch 682 (Hayko Mko),KarginTV,UCEHF-l2v0qhi_IXzrfc3uZg,30,20130411,456972,1798,,40.0,public,hy,"[""24""]","[""Kargin Haghordum"", ""Kargin haxordum"", ""Կարգին Հաղորդում"", ""Hayko Mko"", ""Armenian Humor"", ""Հայկո Մկո"", ""Հայկական Հումոր"", ""Hayko"", ""Mko"", ""Հյկո"", ""Մկո"", ""Kargin"", ""Կարգին"", ""Armenia Humor"", ""haykakan humor"", ""Armenian jokes"", ""HD"", ""humor"", ""Հումոր"", ""Kargin haxordum HD"", ""Kargin Haghordum HD"", ""Hayko Mko Kargin Haxordum"", ""jokes""]",,,,False,,,,"Կարգին Հաղորդում  
Hayko Mko Armenian Humor 
Հայկո Մկո Հայկական Հումոր",youtube,True,{},{},False,True,True,processed,hd,2d,rectangular,none,,0,api,2026-08-01T13:53:35+00:00,
2-uOr0ZSGL0,https://www.youtube.com/watch?v=2-uOr0ZSGL0,https://www.youtube.com/watch?v=2-uOr0ZSGL0&list=PLDDuEZQEC_uBeOx5OzaaKZtqjLvC0hO9g&index=97&t=0s,Kargin Haghordum sketch 681 (Hayko Mko),KarginTV,UCEHF-l2v0qhi_IXzrfc3uZg,101,20130411,133247,1072,,20.0,public,hy,"[""24""]","[""Kargin Haghordum"", ""Kargin haxordum"", ""Կարգին Հաղորդում"", ""Hayko Mko"", ""Armenian Humor"", ""Հայկո Մկո"", ""Հայկական Հումոր"", ""Hayko"", ""Mko"", ""Հյկո"", ""Մկո"", ""Kargin"", ""Կարգին"", ""Armenia Humor"", ""haykakan humor"", ""Armenian jokes"", ""HD"", ""humor"", ""Հումոր"", ""Kargin haxordum HD"", ""Kargin Haghordum HD"", ""Hayko Mko Kargin Haxordum"", ""jokes""]",,,,False,,,,"Կարգին Հաղորդում  
Hayko Mko Armenian Humor 
Հայկո Մկո Հայկական Հումոր",youtube,True,{},{},False,True,True,processed,hd,2d,rectangular,none,,0,api,2026-08-01T13:53:35+00:00,
OPiH_zBJTA0,https://www.youtube.com/watch?v=OPiH_zBJTA0,https://www.youtube.com/watch?v=OPiH_zBJTA0&list=PLDDuEZQEC_uBeOx5OzaaKZtqjLvC0hO9g&index=98&t=0s,Kargin Haghordum sketch 680 (Hayko Mko),KarginTV,UCEHF-l2v0qhi_IXzrfc3uZg,146,20130411,355955,2009,,48.0,public,hy,"[""24""]","[""Kargin Haghordum"", ""Kargin haxordum"", ""Կարգին Հաղորդում"", ""Hayko Mko"", ""Armenian Humor"", ""Հայկո Մկո"", ""Հայկական Հումոր"", ""Hayko"", ""Mko"", ""Հյկո"", ""Մկո"", ""Kargin"", ""Կարգին"", ""Armenia Humor"", ""haykakan humor"", ""Armenian jokes"", ""HD"", ""humor"", ""Հումոր"", ""Kargin haxordum HD"", ""Kargin Haghordum HD"", ""Hayko Mko Kargin Haxordum"", ""jokes""]",,,,False,,,,"Կարգին Հաղորդում  
Hayko Mko Armenian Humor 
Հայկո Մկո Հայկական Հումոր",youtube,True,{},{},False,True,True,processed,hd,2d,rectangular,none,,0,api,2026-08-01T13:53:35+00:00,
4TDBR2IniV8,https://www.youtube.com/watch?v=4TDBR2IniV8,https://www.youtube.com/watch?v=4TDBR2IniV8&list=PLDDuEZQEC_uBeOx5OzaaKZtqjLvC0hO9g&index=99&t=0s,Kargin Haghordum sketch 679 (Hayko Mko),KarginTV,UCEHF-l2v0qhi_IXzrfc3uZg,82,20130411,201518,929,,31.0,public,hy,"[""24""]","[""Kargin Haghordum"", ""Kargin haxordum"", ""Կարգին Հաղորդում"", ""Hayko Mko"", ""Armenian Humor"", ""Հայկո Մկո"", ""Հայկական Հումոր"", ""Hayko"", ""Mko"", ""Հյկո"", ""Մկո"", ""Kargin"", ""Կարգին"", ""Armenia Humor"", ""haykakan humor"", ""Armenian jokes"", ""HD"", ""humor"", ""Հումոր"", ""Kargin haxordum HD"", ""Kargin Haghordum HD"", ""Hayko Mko Kargin Haxordum"", ""jokes""]",,,,False,,,,"Կարգին Հաղորդում  
Hayko Mko Armenian Humor 
Հայկո Մկո Հայկական Հումոր",youtube,True,{},{},False,True,True,processed,hd,2d,rectangular,none,,0,api,2026-08-01T13:53:35+00:00,
bxYzvaEPm_I,https://www.youtube.com/watch?v=bxYzvaEPm_I,https://www.youtube.com/watch?v=bxYzvaEPm_I&list=PLDDuEZQEC_uBeOx5OzaaKZtqjLvC0hO9g&index=100&t=0s,Kargin Haghordum sketch 678 (Hayko Mko),KarginTV,UCEHF-l2v0qhi_IXzrfc3uZg,87,20130411,619748,2379,,61.0,public,hy,"[""24""]","[""Kargin Haghordum"", ""Kargin haxordum"", ""Կարգին Հաղորդում"", ""Hayko Mko"", ""Armenian Humor"", ""Հայկո Մկո"", ""Հայկական Հումոր"", ""Hayko"", ""Mko"", ""Հյկո"", ""Մկո"", ""Kargin"", ""Կարգին"", ""Armenia Humor"", ""haykakan humor"", ""Armenian jokes"", ""HD"", ""humor"", ""Հումոր"", ""Kargin haxordum HD"", ""Kargin Haghordum HD"", ""Hayko Mko Kargin Haxordum"", ""jokes""]",,,,False,,,,"Կարգին Հաղորդում  
Hayko Mko Armenian Humor 
Հայկո Մկո Հայկական Հումոր",youtube,True,{},{},False,True,True,processed,hd,2d,rectangular,none,,0,api,2026-08-01T13:53:35+00:00,
DNU5NBurfEE,https://www.youtube.com/watch?v=DNU5NBurfEE,https://www.youtube.com/watch?v=DNU5NBurfEE&list=PLDDuEZQEC_uBeOx5OzaaKZtqjLvC0hO9g&index=101&t=0s,Kargin Haghordum sketch 677 (Hayko Mko),KarginTV,UCEHF-l2v0qhi_IXzrfc3uZg,70,20130411,86051,891,,18.0,public,hy,"[""24""]","[""Kargin Haghordum"", ""Kargin haxordum"", ""Կարգին Հաղորդում"", ""Hayko Mko"", ""Armenian Humor"", ""Հայկո Մկո"", ""Հայկական Հումոր"", ""Hayko"", ""Mko"", ""Հյկո"", ""Մկո"", ""Kargin"", ""Կարգին"", ""Armenia Humor"", ""haykakan humor"", ""Armenian jokes"", ""HD"", ""humor"", ""Հումոր"", ""Kargin haxordum HD"", ""Kargin Haghordum HD"", ""Hayko Mko Kargin Haxordum"", ""jokes""]",,,,False,,,,"Կարգին Հաղորդում  
Hayko Mko Armenian Humor 
Հայկո Մկո Հայկական Հումոր",youtube,False,{},{},False,True,True,processed,hd,2d,rectangular,none,,0,api,2026-08-01T13:53:35+00:00,
xhQb_6ooXYM,https://www.youtube.com/watch?v=xhQb_6ooXYM,https://www.youtube.com/watch?v=xhQb_6ooXYM&list=PLDDuEZQEC_uBeOx5OzaaKZtqjLvC0hO9g&index=102&t=0s,Kargin Haghordum sketch 676 (Hayko Mko),KarginTV,UCEHF-l2v0qhi_IXzrfc3uZg,129,20130411,28304,267,,7.0,public,hy,"[""24""]","[""Kargin Haghordum"", ""Kargin haxordum"", ""Կարգին Հաղորդում"", ""Hayko Mko"", ""Armenian Humor"", ""Հայկո Մկո"", ""Հայկական Հումոր"", ""Hayko"", ""Mko"", ""Հյկո"", ""Մկո"", ""Kargin"", ""Կարգին"", ""Armenia Humor"", ""haykakan humor"", ""Armenian jokes"", ""HD"", ""humor"", ""Հումոր"", ""Kargin haxordum HD"", ""Kargin Haghordum HD"", ""Hayko Mko Kargin Haxordum"", ""jokes""]",,,,False,,,,"Կարգին Հաղորդում  
Hayko Mko Armenian Humor 
Հայկո Մկո Հայկական Հումոր",youtube,True,{},{},False,True,True,processed,hd,2d,rectangular,none,,0,api,2026-08-01T13:53:35+00:00,
TXdTwYXESE8,https://www.youtube.com/watch?v=TXdTwYXESE8,https://www.youtube.com/watch?v=TXdTwYXESE8&list=PLDDuEZQEC_uBeOx5OzaaKZtqjLvC0hO9g&index=103&t=0s,Kargin Haghordum sketch 675 (Hayko Mko),KarginTV,UCEHF-l2v0qhi_IXzrfc3uZg,165,20130411,219629,1792,,25.0,public,hy,"[""24""]","[""Kargin Haghordum"", ""Kargin haxordum"", ""Կարգին Հաղորդում"", ""Hayko Mko"", ""Armenian Humor"", ""Հայկո Մկո"", ""Հայկական Հումոր"", ""Hayko"", ""Mko"", ""Հյկո"", ""Մկո"", ""Kargin"", ""Կարգին"", ""Armenia Humor"", ""haykakan humor"", ""Armenian jokes"", ""HD"", ""humor"", ""Հումոր"", ""Kargin haxordum HD"", ""Kargin Haghordum HD"", ""Hayko Mko Kargin Haxordum"", ""jokes""]",,,,False,,,,"Կարգին Հաղորդում  
Hayko Mko Armenian Humor 
Հայկո Մկո Հայկական Հումոր",youtube,True,{},{},False,True,True,processed,hd,2d,rectangular,none,,0,api,2026-08-01T13:53:35+00:00,
02TFo15xTDE,https://www.youtube.com/watch?v=02TFo15xTDE,https://www.youtube.com/watch?v=02TFo15xTDE&list=PLDDuEZQEC_uBeOx5OzaaKZtqjLvC0hO9g&index=104&t=0s,Kargin Haghordum sketch 674 (Hayko Mko),KarginTV,UCEHF-l2v0qhi_IXzrfc3uZg,126,20130411,650701,3401,,60.0,public,hy,"[""24""]","[""Kargin Haghordum"", ""Kargin haxordum"", ""Կարգին Հաղորդում"", ""Hayko Mko"", ""Armenian Humor"", ""Հայկո Մկո"", ""Հայկական Հումոր"", ""Hayko"", ""Mko"", ""Հյկո"", ""Մկո"", ""Kargin"", ""Կարգին"", ""Armenia Humor"", ""haykakan humor"", ""Armenian jokes"", ""HD"", ""humor"", ""Հումոր"", ""Kargin haxordum HD"", ""Kargin Haghordum HD"", ""Hayko Mko Kargin Haxordum"", ""jokes""]",,,,False,,,,"Կարգին Հաղորդում  
Hayko Mko Armenian Humor 
Հայկո Մկո Հայկական Հումոր",youtube,False,{},{},False,True,True,processed,hd,2d,rectangular,none,,0,api,2026-08-01T13:53:35+00:00,
LlshiOrrQkk,https://www.youtube.com/watch?v=LlshiOrrQkk,https://www.youtube.com/watch?v=LlshiOrrQkk&list=PLDDuEZQEC_uBeOx5OzaaKZtqjLvC0hO9g&index=105&t=0s,Kargin Haghordum sketch 673 (Hayko Mko),KarginTV,UCEHF-l2v0qhi_IXzrfc3uZg,176,20130411,330973,2188,,51.0,public,hy,"[""24""]","[""Kargin Haghordum"", ""Kargin haxordum"", ""Կարգին Հաղորդում"", ""Hayko Mko"", ""Armenian Humor"", ""Հայկո Մկո"", ""Հայկական Հումոր"", ""Hayko"", ""Mko"", ""Հյկո"", ""Մկո"", ""Kargin"", ""Կարգին"", ""Armenia Humor"", ""haykakan humor"", ""Armenian jokes"", ""HD"", ""humor"", ""Հումոր"", ""Kargin haxordum HD"", ""Kargin Haghordum HD"", ""Hayko Mko Kargin Haxordum"", ""jokes""]",,,,False,,,,"Կարգին Հաղորդում  
Hayko Mko Armenian Humor 
Հայկո Մկո Հայկական Հումոր",youtube,True,{},{},False,True,True,processed,hd,2d,rectangular,none,,0,api,2026-08-01T13:53:35+00:00,
UvuNYEX2F8Q,https://www.youtube.com/watch?v=UvuNYEX2F8Q,https://www.youtube.com/watch?v=UvuNYEX2F8Q&list=PLDDuEZQEC_uDcYhabzxMCFCs3vGGSGVX4&index=174&t=0s,Kargin Haghordum sketch 373 (Hayko Mko),KarginTV,UCEHF-l2v0qhi_IXzrfc3uZg,195,20121228,552472,2571,,49.0,public,hy,"[""24""]","[""Kargin Haghordum"", ""Kargin haxordum"", ""Կարգին Հաղորդում"", ""Hayko Mko"", ""Armenian Humor"", ""Հայկո Մկո"", ""Հայկական Հումոր"", ""Hayko"", ""Mko"", ""Հյկո"", ""Մկո"", ""Kargin"", ""Կարգին"", ""Armenia Humor"", ""haykakan humor"", ""Armenian jokes"", ""HD"", ""humor"", ""Հումոր"", ""Kargin haxordum HD"", ""Kargin Haghordum HD"", ""Hayko Mko Kargin Haxordum"", ""jokes""]",,,,False,,,,"Կարգին Հաղորդում  
Hayko Mko Armenian Humor 
Հայկո Մկո Հայկական Հումոր",youtube,True,{},{},False,True,True,processed,hd,2d,rectangular,none,,0,api,2026-08-01T13:53:35+00:00,
Gm4Csg8_Z2I,https://www.youtube.com/watch?v=Gm4Csg8_Z2I,https://www.youtube.com/watch?v=Gm4Csg8_Z2I&list=PLDDuEZQEC_uDcYhabzxMCFCs3vGGSGVX4&index=175&t=0s,Kargin Haghordum sketch 374 (Hayko Mko),KarginTV,UCEHF-l2v0qhi_IXzrfc3uZg,111,20121228,378978,2593,,20.0,public,hy,"[""24""]","[""Kargin Haghordum"", ""Kargin haxordum"", ""Կարգին Հաղորդում"", ""Hayko Mko"", ""Armenian Humor"", ""Հայկո Մկո"", ""Հայկական Հումոր"", ""Hayko"", ""Mko"", ""Հյկո"", ""Մկո"", ""Kargin"", ""Կարգին"", ""Armenia Humor"", ""haykakan humor"", ""Armenian jokes"", ""HD"", ""humor"", ""Հումոր"", ""Kargin haxordum HD"", ""Kargin Haghordum HD"", ""Hayko Mko Kargin Haxordum"", ""jokes""]",,,,False,,,,"Կարգին Հաղորդում  
Hayko Mko Armenian Humor 
Հայկո Մկո Հայկական Հումոր",youtube,True,{},{},False,True,True,processed,hd,2d,rectangular,none,,0,api,2026-08-01T13:53:35+00:00,
72TIBrWCc_s,https://www.youtube.com/watch?v=72TIBrWCc_s,https://www.youtube.com/watch?v=72TIBrWCc_s&list=PLDDuEZQEC_uDcYhabzxMCFCs3vGGSGVX4&index=176&t=0s,Kargin Haghordum sketch 375 (Hayko Mko),KarginTV,UCEHF-l2v0qhi_IXzrfc3uZg,231,20121228,624121,4352,,98.0,public,hy,"[""24""]","[""Kargin Haghordum"", ""Kargin haxordum"", ""Կարգին Հաղորդում"", ""Hayko Mko"", ""Armenian Humor"", ""Հայկո Մկո"", ""Հայկական Հումոր"", ""Hayko"", ""Mko"", ""Հյկո"", ""Մկո"", ""Kargin"", ""Կարգին"", ""Armenia Humor"", ""haykakan humor"", ""Armenian jokes"", ""HD"", ""humor"", ""Հումոր"", ""Kargin haxordum HD"", ""Kargin Haghordum HD"", ""Hayko Mko Kargin Haxordum"", ""jokes""]",,,,False,,,,"Կարգին Հաղորդում  
Hayko Mko Armenian Humor 
Հայկո Մկո Հայկական Հումոր",youtube,True,{},{},False,True,True,processed,hd,2d,rectangular,none,,0,api,2026-08-01T13:53:35+00:00,
21TbEP5fQ1g,https://www.youtube.com/watch?v=21TbEP5fQ1g,https://www.youtube.com/watch?v=21TbEP5fQ1g&list=PLDDuEZQEC_uDcYhabzxMCFCs3vGGSGVX4&index=177&t=0s,Kargin Haghordum sketch 376 (Hayko Mko),KarginTV,UCEHF-l2v0qhi_IXzrfc3uZg,104,20121228,782269,3260,,81.0,public,hy,"[""24""]","[""Kargin Haghordum"", ""Kargin haxordum"", ""Կարգին Հաղորդում"", ""Hayko Mko"", ""Armenian Humor"", ""Հայկո Մկո"", ""Հայկական Հումոր"", ""Hayko"", ""Mko"", ""Հյկո"", ""Մկո"", ""Kargin"", ""Կարգին"", ""Armenia Humor"", ""haykakan humor"", ""Armenian jokes"", ""HD"", ""humor"", ""Հումոր"", ""Kargin haxordum HD"", ""Kargin Haghordum HD"", ""Hayko Mko Kargin Haxordum"", ""jokes""]",,,,False,,,,"Կարգին Հաղորդում  
Hayko Mko Armenian Humor 
Հայկո Մկո Հայկական Հումոր",youtube,False,{},{},False,True,True,processed,hd,2d,rectangular,none,,0,api,2026-08-01T13:53:35+00:00,
EmP2r80o6RU,https://www.youtube.com/watch?v=EmP2r80o6RU,https://www.youtube.com/watch?v=EmP2r80o6RU&list=PLDDuEZQEC_uDcYhabzxMCFCs3vGGSGVX4&index=178&t=0s,Kargin Haghordum sketch 377 (Hayko Mko),KarginTV,UCEHF-l2v0qhi_IXzrfc3uZg,267,20121228,936115,6303,,135.0,public,hy,"[""24""]","[""Kargin Haghordum"", ""Kargin haxordum"", ""Կարգին Հաղորդում"", ""Hayko Mko"", ""Armenian Humor"", ""Հայկո Մկո"", ""Հայկական Հումոր"", ""Hayko"", ""Mko"", ""Հյկո"", ""Մկո"", ""Kargin"", ""Կարգին"", ""Armenia Humor"", ""haykakan humor"", ""Armenian jokes"", ""HD"", ""humor"", ""Հումոր"", ""Kargin haxordum HD"", ""Kargin Haghordum HD"", ""Hayko Mko Kargin Haxordum"", ""jokes""]",,,,False,,,,"Կարգին Հաղորդում  
Hayko Mko Armenian Humor 
Հայկո Մկո Հայկական Հումոր",youtube,False,{},{},False,True,True,processed,hd,2d,rectangular,none,,0,api,2026-08-01T13:53:35+00:00,
GzsT0Un-yzM,https://www.youtube.com/watch?v=GzsT0Un-yzM,https://www.youtube.com/watch?v=GzsT0Un-yzM&list=PLDDuEZQEC_uDcYhabzxMCFCs3vGGSGVX4&index=179&t=0s,Kargin Haghordum sketch 378 (Hayko Mko),KarginTV,UCEHF-l2v0qhi_IXzrfc3uZg,141,20121228,404068,2360,,37.0,public,hy,"[""24""]","[""Kargin Haghordum"", ""Kargin haxordum"", ""Կարգին Հաղորդում"", ""Hayko Mko"", ""Armenian Humor"", ""Հայկո Մկո"", ""Հայկական Հումոր"", ""Hayko"", ""Mko"", ""Հյկո"", ""Մկո"", ""Kargin"", ""Կարգին"", ""Armenia Humor"", ""haykakan humor"", ""Armenian jokes"", ""HD"", ""humor"", ""Հումոր"", ""Kargin haxordum HD"", ""Kargin Haghordum HD"", ""Hayko Mko Kargin Haxordum"", ""jokes""]",,,,False,,,,"Կարգին Հաղորդում  
Hayko Mko Armenian Humor 
Հայկո Մկո Հայկական Հումոր",youtube,True,{},{},False,True,True,processed,hd,2d,rectangular,none,,0,api,2026-08-01T13:53:35+00:00,
0nskJNqqDdM,https://www.youtube.com/watch?v=0nskJNqqDdM,https://www.youtube.com/watch?v=0nskJNqqDdM&list=PLDDuEZQEC_uDcYhabzxMCFCs3vGGSGVX4&index=180&t=0s,Kargin Haghordum sketch 379 (Hayko Mko),KarginTV,UCEHF-l2v0qhi_IXzrfc3uZg,211,20121228,276980,1409,,24.0,public,hy,"[""24""]","[""Kargin Haghordum"", ""Kargin haxordum"", ""Կարգին Հաղորդում"", ""Hayko Mko"", ""Armenian Humor"", ""Հայկո Մկո"", ""Հայկական Հումոր"", ""Hayko"", ""Mko"", ""Հյկո"", ""Մկո"", ""Kargin"", ""Կարգին"", ""Armenia Humor"", ""haykakan humor"", ""Armenian jokes"", ""HD"", ""humor"", ""Հումոր"", ""Kargin haxordum HD"", ""Kargin Haghordum HD"", ""Hayko Mko Kargin Haxordum"", ""jokes""]",,,,False,,,,"Կարգին Հաղորդում  
Hayko Mko Armenian Humor 
Հայկո Մկո Հայկական Հումոր",youtube,False,{},{},False,True,True,processed,hd,2d,rectangular,none,hy,0,api,2026-08-01T13:53:35+00:00,
EJbI_w-Fktg,https://www.youtube.com/watch?v=EJbI_w-Fktg,https://www.youtube.com/watch?v=EJbI_w-Fktg&list=PLDDuEZQEC_uDcYhabzxMCFCs3vGGSGVX4&index=181&t=0s,Kargin Haghordum sketch 380 (Hayko Mko),KarginTV,UCEHF-l2v0qhi_IXzrfc3uZg,287,20121228,2327006,8168,,92.0,public,hy,"[""24""]","[""Kargin Haghordum"", ""Kargin haxordum"", ""Կարգին Հաղորդում"", ""Hayko Mko"", ""Armenian Humor"", ""Հայկո Մկո"", ""Հայկական Հումոր"", ""Hayko"", ""Mko"", ""Հյկո"", ""Մկո"", ""Kargin"", ""Կարգին"", ""Armenia Humor"", ""haykakan humor"", ""Armenian jokes"", ""HD"", ""humor"", ""Հումոր"", ""Kargin haxordum HD"", ""Kargin Haghordum HD"", ""Hayko Mko Kargin Haxordum"", ""jokes""]",,,,False,,,,"Կարգին Հաղորդում  
Hayko Mko Armenian Humor 
Հայկո Մկո Հայկական Հումոր",youtube,True,{},{},False,True,True,processed,hd,2d,rectangular,none,,0,api,2026-08-01T13:53:35+00:00,
RuPhyn4rfk0,https://www.youtube.com/watch?v=RuPhyn4rfk0,https://www.youtube.com/watch?v=RuPhyn4rfk0&list=PLDDuEZQEC_uDcYhabzxMCFCs3vGGSGVX4&index=182&t=0s,Kargin Haghordum sketch 381 (Hayko Mko),KarginTV,UCEHF-l2v0qhi_IXzrfc3uZg,54,20121228,256114,1962,,28.0,public,hy,"[""24""]","[""Kargin Haghordum"", ""Kargin haxordum"", ""Կարգին Հաղորդում"", ""Hayko Mko"", ""Armenian Humor"", ""Հայկո Մկո"", ""Հայկական Հումոր"", ""Hayko"", ""Mko"", ""Հյկո"", ""Մկո"", ""Kargin"", ""Կարգին"", ""Armenia Humor"", ""haykakan humor"", ""Armenian jokes"", ""HD"", ""humor"", ""Հումոր"", ""Kargin haxordum HD"", ""Kargin Haghordum HD"", ""Hayko Mko Kargin Haxordum"", ""jokes""]",,,,False,,,,"Կարգին Հաղորդում  
Hayko Mko Armenian Humor 
Հայկո Մկո Հայկական Հումոր",youtube,True,{},{},False,True,True,processed,hd,2d,rectangular,none,,0,api,2026-08-01T13:53:35+00:00,
W7kG-O-u41w,https://www.youtube.com/watch?v=W7kG-O-u41w,https://www.youtube.com/watch?v=W7kG-O-u41w&list=PLDDuEZQEC_uDcYhabzxMCFCs3vGGSGVX4&index=183&t=0s,Kargin Haghordum sketch 382 (Hayko Mko),KarginTV,UCEHF-l2v0qhi_IXzrfc3uZg,225,20121228,1175733,6369,,55.0,public,hy,"[""24""]","[""Kargin Haghordum"", ""Kargin haxordum"", ""Կարգին Հաղորդում"", ""Hayko Mko"", ""Armenian Humor"", ""Հայկո Մկո"", ""Հայկական Հումոր"", ""Hayko"", ""Mko"", ""Հյկո"", ""Մկո"", ""Kargin"", ""Կարգին"", ""Armenia Humor"", ""haykakan humor"", ""Armenian jokes"", ""HD"", ""humor"", ""Հումոր"", ""Kargin haxordum HD"", ""Kargin Haghordum HD"", ""Hayko Mko Kargin Haxordum"", ""jokes""]",,,,False,,,,"Կարգին Հաղորդում  
Hayko Mko Armenian Humor 
Հայկո Մկո Հայկական Հումոր",youtube,True,{},{},False,True,True,processed,hd,2d,rectangular,none,,0,api,2026-08-01T13:53:35+00:00,
XZlWDs9Zge8,https://www.youtube.com/watch?v=XZlWDs9Zge8,https://www.youtube.com/watch?v=XZlWDs9Zge8&list=PLDDuEZQEC_uAuSrUXsFVBLNkPQY3BHzLQ&index=122&t=0s,Kargin Haghordum sketch 521 (Hayko Mko),KarginTV,UCEHF-l2v0qhi_IXzrfc3uZg,78,20121228,773152,3438,,46.0,public,hy,"[""24""]","[""Kargin Haghordum"", ""Kargin haxordum"", ""Կարգին Հաղորդում"", ""Hayko Mko"", ""Armenian Humor"", ""Հայկո Մկո"", ""Հայկական Հումոր"", ""Hayko"", ""Mko"", ""Հյկո"", ""Մկո"", ""Kargin"", ""Կարգին"", ""Armenia Humor"", ""haykakan humor"", ""Armenian jokes"", ""HD"", ""humor"", ""Հումոր"", ""Kargin haxordum HD"", ""Kargin Haghordum HD"", ""Hayko Mko Kargin Haxordum"", ""jokes""]",,,,False,,,,"Կարգին Հաղորդում  
Hayko Mko Armenian Humor 
Հայկո Մկո Հայկական Հումոր",youtube,True,{},{},False,True,True,processed,hd,2d,rectangular,none,,0,api,2026-08-01T13:53:35+00:00,
n6sBvXJ1Upw,https://www.youtube.com/watch?v=n6sBvXJ1Upw,https://www.youtube.com/watch?v=n6sBvXJ1Upw&list=PLDDuEZQEC_uAuSrUXsFVBLNkPQY3BHzLQ&index=123&t=0s,Kargin Haghordum sketch 522 (Hayko Mko),KarginTV,UCEHF-l2v0qhi_IXzrfc3uZg,102,20121228,593993,2817,,29.0,public,hy,"[""24""]","[""Kargin Haghordum"", ""Kargin haxordum"", ""Կարգին Հաղորդում"", ""Hayko Mko"", ""Armenian Humor"", ""Հայկո Մկո"", ""Հայկական Հումոր"", ""Hayko"", ""Mko"", ""Հյկո"", ""Մկո"", ""Kargin"", ""Կարգին"", ""Armenia Humor"", ""haykakan humor"", ""Armenian jokes"", ""HD"", ""humor"", ""Հումոր"", ""Kargin haxordum HD"", ""Kargin Haghordum HD"", ""Hayko Mko Kargin Haxordum"", ""jokes""]",,,,False,,,,"Կարգին Հաղորդում  
Hayko Mko Armenian Humor 
Հայկո Մկո Հայկական Հումոր",youtube,True,{},{},False,True,True,processed,hd,2d,rectangular,none,,0,api,2026-08-01T13:53:35+00:00,
RO0ws8Io19M,https://www.youtube.com/watch?v=RO0ws8Io19M,https://www.youtube.com/watch?v=RO0ws8Io19M&list=PLDDuEZQEC_uAuSrUXsFVBLNkPQY3BHzLQ&index=124&t=0s,Kargin Haghordum sketch 523 (Hayko Mko),KarginTV,UCEHF-l2v0qhi_IXzrfc3uZg,155,20121228,306701,1547,,17.0,public,hy,"[""24""]","[""Kargin Haghordum"", ""Kargin haxordum"", ""Կարգին Հաղորդում"", ""Hayko Mko"", ""Armenian Humor"", ""Հայկո Մկո"", ""Հայկական Հումոր"", ""Hayko"", ""Mko"", ""Հյկո"", ""Մկո"", ""Kargin"", ""Կարգին"", ""Armenia Humor"", ""haykakan humor"", ""Armenian jokes"", ""HD"", ""humor"", ""Հումոր"", ""Kargin haxordum HD"", ""Kargin Haghordum HD"", ""Hayko Mko Kargin Haxordum"", ""jokes""]",,,,False,,,,"Կարգին Հաղորդում  
Hayko Mko Armenian Humor 
Հայկո Մկո Հայկական Հումոր",youtube,False,{},{},False,True,True,processed,hd,2d,rectangular,none,,0,api,2026-08-01T13:53:35+00:00,
ZNM35ezEGeM,https://www.youtube.com/watch?v=ZNM35ezEGeM,https://www.youtube.com/watch?v=ZNM35ezEGeM&list=PLDDuEZQEC_uAuSrUXsFVBLNkPQY3BHzLQ&index=125&t=0s,Kargin Haghordum sketch 524 (Hayko Mko),KarginTV,UCEHF-l2v0qhi_IXzrfc3uZg,166,20121228,253235,1093,,11.0,public,hy,"[""24""]","[""Kargin Haghordum"", ""Kargin haxordum"", ""Կարգին Հաղորդում"", ""Hayko Mko"", ""Armenian Humor"", ""Հայկո Մկո"", ""Հայկական Հումոր"", ""Hayko"", ""Mko"", ""Հյկո"", ""Մկո"", ""Kargin"", ""Կարգին"", ""Armenia Humor"", ""haykakan humor"", ""Armenian jokes"", ""HD"", ""humor"", ""Հումոր"", ""Kargin haxordum HD"", ""Kargin Haghordum HD"", ""Hayko Mko Kargin Haxordum"", ""jokes""]",,,,False,,,,"Կարգին Հաղորդում  
Hayko Mko Armenian Humor 
Հայկո Մկո Հայկական Հումոր",youtube,True,{},{},False,True,True,processed,hd,2d,rectangular,none,,0,api,2026-08-01T13:53:35+00:00,
iCMxQyaQjzM,https://www.youtube.com/watch?v=iCMxQyaQjzM,https://www.youtube.com/watch?v=iCMxQyaQjzM&list=PLDDuEZQEC_uAuSrUXsFVBLNkPQY3BHzLQ&index=126&t=0s,Kargin Haghordum sketch 525 (Hayko Mko),KarginTV,UCEHF-l2v0qhi_IXzrfc3uZg,235,20121228,831164,4307,,62.0,public,hy,"[""24""]","[""Kargin Haghordum"", ""Kargin haxordum"", ""Կարգին Հաղորդում"", ""Hayko Mko"", ""Armenian Humor"", ""Հայկո Մկո"", ""Հայկական Հումոր"", ""Hayko"", ""Mko"", ""Հյկո"", ""Մկո"", ""Kargin"", ""Կարգին"", ""Armenia Humor"", ""haykakan humor"", ""Armenian jokes"", ""HD"", ""humor"", ""Հումոր"", ""Kargin haxordum HD"", ""Kargin Haghordum HD"", ""Hayko Mko Kargin Haxordum"", ""jokes""]",,,,False,,,,"Կարգին Հաղորդում  
Hayko Mko Armenian Humor 
Հայկո Մկո Հայկական Հումոր",youtube,True,{},{},False,True,True,processed,hd,2d,rectangular,none,,0,api,2026-08-01T13:53:35+00:00,
iyFXOu6etNQ,https://www.youtube.com/watch?v=iyFXOu6etNQ,https://www.youtube.com/watch?v=iyFXOu6etNQ&list=PLDDuEZQEC_uAuSrUXsFVBLNkPQY3BHzLQ&index=127&t=0s,Kargin Haghordum sketch 526 (Hayko Mko),KarginTV,UCEHF-l2v0qhi_IXzrfc3uZg,376,20121228,1014690,4384,,124.0,public,hy,"[""24""]","[""Kargin Haghordum"", ""Kargin haxordum"", ""Կարգին Հաղորդում"", ""Hayko Mko"", ""Armenian Humor"", ""Հայկո Մկո"", ""Հայկական Հումոր"", ""Hayko"", ""Mko"", ""Հյկո"", ""Մկո"", ""Kargin"", ""Կարգին"", ""Armenia Humor"", ""haykakan humor"", ""Armenian jokes"", ""HD"", ""humor"", ""Հումոր"", ""Kargin haxordum HD"", ""Kargin Haghordum HD"", ""Hayko Mko Kargin Haxordum"", ""jokes""]",,,,False,,,,"Կարգին Հաղորդում  
Hayko Mko Armenian Humor 
Հայկո Մկո Հայկական Հումոր",youtube,False,"{""blocked"": [""RU""]}",{},False,True,True,processed,hd,2d,rectangular,none,,0,api,2026-08-01T13:53:35+00:00,
-ZoqTxj7rfQ,https://www.youtube.com/watch?v=-ZoqTxj7rfQ,https://www.youtube.com/watch?v=-ZoqTxj7rfQ&list=PLDDuEZQEC_uAuSrUXsFVBLNkPQY3BHzLQ&index=128&t=0s,Kargin Haghordum sketch 527 (Hayko Mko),KarginTV,UCEHF-l2v0qhi_IXzrfc3uZg,65,20121228,296113,1183,,15.0,public,hy,"[""24""]","[""Kargin Haghordum"", ""Kargin haxordum"", ""Կարգին Հաղորդում"", ""Hayko Mko"", ""Armenian Humor"", ""Հայկո Մկո"", ""Հայկական Հումոր"", ""Hayko"", ""Mko"", ""Հյկո"", ""Մկո"", ""Kargin"", ""Կարգին"", ""Armenia Humor"", ""haykakan humor"", ""Armenian jokes"", ""HD"", ""humor"", ""Հումոր"", ""Kargin haxordum HD"", ""Kargin Haghordum HD"", ""Hayko Mko Kargin Haxordum"", ""jokes""]",,,,False,,,,"Կարգին Հաղորդում  
Hayko Mko Armenian Humor 
Հայկո Մկո Հայկական Հումոր",youtube,False,{},{},False,True,True,processed,hd,2d,rectangular,none,,0,api,2026-08-01T13:53:35+00:00,
s1eVDFd9meE,https://www.youtube.com/watch?v=s1eVDFd9meE,https://www.youtube.com/watch?v=s1eVDFd9meE&list=PLDDuEZQEC_uAuSrUXsFVBLNkPQY3BHzLQ&index=129&t=0s,Kargin Haghordum sketch 528 (Hayko Mko),KarginTV,UCEHF-l2v0qhi_IXzrfc3uZg,179,20121228,2208227,6337,,139.0,public,hy,"[""24""]","[""Kargin Haghordum"", ""Kargin haxordum"", ""Կարգին Հաղորդում"", ""Hayko Mko"", ""Armenian Humor"", ""Հայկո Մկո"", ""Հայկական Հումոր"", ""Hayko"", ""Mko"", ""Հյկո"", ""Մկո"", ""Kargin"", ""Կարգին"", ""Armenia Humor"", ""haykakan humor"", ""Armenian jokes"", ""HD"", ""humor"", ""Հումոր"", ""Kargin haxordum HD"", ""Kargin Haghordum HD"", ""Hayko Mko Kargin Haxordum"", ""jokes""]",,,,False,,,,"Կարգին Հաղորդում  
Hayko Mko Armenian Humor 
Հայկո Մկո Հայկական Հումոր",youtube,True,{},{},False,True,True,processed,hd,2d,rectangular,none,,0,api,2026-08-01T13:53:35+00:00,
iy-TqNmHoLg,https://www.youtube.com/watch?v=iy-TqNmHoLg,https://www.youtube.com/watch?v=iy-TqNmHoLg&list=PLDDuEZQEC_uAuSrUXsFVBLNkPQY3BHzLQ&index=130&t=0s,Kargin Haghordum sketch 529 (Hayko Mko),KarginTV,UCEHF-l2v0qhi_IXzrfc3uZg,110,20121228,273355,1883,,18.0,public,hy,"[""24""]","[""Kargin Haghordum"", ""Kargin haxordum"", ""Կարգին Հաղորդում"", ""Hayko Mko"", ""Armenian Humor"", ""Հայկո Մկո"", ""Հայկական Հումոր"", ""Hayko"", ""Mko"", ""Հյկո"", ""Մկո"", ""Kargin"", ""Կարգին"", ""Armenia Humor"", ""haykakan humor"", ""Armenian jokes"", ""HD"", ""humor"", ""Հումոր"", ""Kargin haxordum HD"", ""Kargin Haghordum HD"", ""Hayko Mko Kargin Haxordum"", ""jokes""]",,,,False,,,,"Կարգին Հաղորդում  
Hayko Mko Armenian Humor 
Հայկո Մկո Հայկական Հումոր",youtube,True,{},{},False,True,True,processed,hd,2d,rectangular,none,,0,api,2026-08-01T13:53:35+00:00,
CRTZxK3yEH8,https://www.youtube.com/watch?v=CRTZxK3yEH8,https://www.youtube.com/watch?v=CRTZxK3yEH8&list=PLDDuEZQEC_uAuSrUXsFVBLNkPQY3BHzLQ&index=131&t=0s,Kargin Haghordum sketch 530 (Hayko Mko),KarginTV,UCEHF-l2v0qhi_IXzrfc3uZg,152,20121228,226655,1329,,24.0,public,hy,"[""24""]","[""Kargin Haghordum"", ""Kargin haxordum"", ""Կարգին Հաղորդում"", ""Hayko Mko"", ""Armenian Humor"", ""Հայկո Մկո"", ""Հայկական Հումոր"", ""Hayko"", ""Mko"", ""Հյկո"", ""Մկո"", ""Kargin"", ""Կարգին"", ""Armenia Humor"", ""haykakan humor"", ""Armenian jokes"", ""HD"", ""humor"", ""Հումոր"", ""Kargin haxordum HD"", ""Kargin Haghordum HD"", ""Hayko Mko Kargin Haxordum"", ""jokes""]",,,,False,,,,"Կարգին Հաղորդում  
Hayko Mko Armenian Humor 
Հայկո Մկո Հայկական Հումոր",youtube,True,{},{},False,True,True,processed,hd,2d,rectangular,none,,0,api,2026-08-01T13:53:35+00:00,
cmyL6zHoFeY,https://www.youtube.com/watch?v=cmyL6zHoFeY,https://www.youtube.com/watch?v=cmyL6zHoFeY&list=PLDDuEZQEC_uDcYhabzxMCFCs3vGGSGVX4&index=2&t=0s,Kargin Haghordum sketch 201 (Hayko Mko),KarginTV,UCEHF-l2v0qhi_IXzrfc3uZg,97,20121227,869001,2247,,25.0,public,hy,"[""24""]","[""Kargin Haghordum"", ""Kargin haxordum"", ""Կարգին Հաղորդում"", ""Hayko Mko"", ""Armenian Humor"", ""Հայկո Մկո"", ""Հայկական Հումոր"", ""Hayko"", ""Mko"", ""Հյկո"", ""Մկո"", ""Kargin"", ""Կարգին"", ""Armenia Humor"", ""haykakan humor"", ""Armenian jokes"", ""HD"", ""humor"", ""Հումոր"", ""Kargin haxordum HD"", ""Kargin Haghordum HD"", ""Hayko Mko Kargin Haxordum"", ""jokes""]",,,,False,,,,"Կարգին Հաղորդում  
Hayko Mko Armenian Humor 
Հայկո Մկո Հայկական Հումոր",youtube,True,{},{},False,True,True,processed,hd,2d,rectangular,none,,0,api,2026-08-01T13:53:35+00:00,
omw7gYJRc7A,https://www.youtube.com/watch?v=omw7gYJRc7A,https://www.youtube.com/watch?v=omw7gYJRc7A&list=PLDDuEZQEC_uDcYhabzxMCFCs3vGGSGVX4&index=3&t=0s,Kargin Haghordum sketch 202 (Hayko Mko),KarginTV,UCEHF-l2v0qhi_IXzrfc3uZg,219,20121227,1105512,4151,,61.0,public,hy,"[""24""]","[""Kargin Haghordum"", ""Kargin haxordum"", ""Կարգին Հաղորդում"", ""Hayko Mko"", ""Armenian Humor"", ""Հայկո Մկո"", ""Հայկական Հումոր"", ""Hayko"", ""Mko"", ""Հյկո"", ""Մկո"", ""Kargin"", ""Կարգին"", ""Armenia Humor"", ""haykakan humor"", ""Armenian jokes"", ""HD"", ""humor"", ""Հումոր"", ""Kargin haxordum HD"", ""Kargin Haghordum HD"", ""Hayko Mko Kargin Haxordum"", ""jokes""]",,,,False,,,,"Կարգին Հաղորդում  
Hayko Mko Armenian Humor 
Հայկո Մկո Հայկական Հումոր",youtube,False,"{""blocked"": [""RU""]}",{},False,True,True,processed,hd,2d,rectangular,none,,0,api,2026-08-01T13:53:35+00:00,
3bEwVKXicsQ,https://www.youtube.com/watch?v=3bEwVKXicsQ,https://www.youtube.com/watch?v=3bEwVKXicsQ&list=PLDDuEZQEC_uDcYhabzxMCFCs3vGGSGVX4&index=4&t=0s,Kargin Haghordum - Graz (Hayko Mko),KarginTV,UCEHF-l2v0qhi_IXzrfc3uZg,162,20121227,742503,2945,,35.0,public,hy,"[""24""]","[""Kargin Haghordum"", ""Kargin haxordum"", ""Կարգին Հաղորդում"", ""Hayko Mko"", ""Armenian Humor"", ""Հայկո Մկո"", ""Հայկական Հումոր"", ""Hayko"", ""Mko"", ""Հյկո"", ""Մկո"", ""Kargin"", ""Կարգին"", ""Armenia Humor"", ""haykakan humor"", ""Armenian jokes"", ""HD"", ""humor"", ""Հումոր"", ""Kargin haxordum HD"", ""Kargin Haghordum HD"", ""Hayko Mko Kargin Haxordum"", ""jokes""]",,,,False,,,,"Կարգին Հաղորդում  
Hayko Mko Armenian Humor 
Հայկո Մկո Հայկական Հումոր",youtube,False,"{""blocked"": [""RU""]}",{},False,True,True,processed,hd,2d,rectangular,none,,0,api,2026-08-01T13:53:35+00:00,
Cwo1ZwjbfBg,https://www.youtube.com/watch?v=Cwo1ZwjbfBg,https://www.youtube.com/watch?v=Cwo1ZwjbfBg&list=PLDDuEZQEC_uDcYhabzxMCFCs3vGGSGVX4&index=5&t=0s,Kargin Haghordum sketch 204 (Hayko Mko),KarginTV,UCEHF-l2v0qhi_IXzrfc3uZg,189,20121227,1527173,4873,,99.0,public,hy,"[""24""]","[""Kargin Haghordum"", ""Kargin haxordum"", ""Կարգին Հաղորդում"", ""Hayko Mko"", ""Armenian Humor"", ""Հայկո Մկո"", ""Հայկական Հումոր"", ""Hayko"", ""Mko"", ""Հյկո"", ""Մկո"", ""Kargin"", ""Կարգին"", ""Armenia Humor"", ""haykakan humor"", ""Armenian jokes"", ""HD"", ""humor"", ""Հումոր"", ""Kargin haxordum HD"", ""Kargin Haghordum HD"", ""Hayko Mko Kargin Haxordum"", ""jokes""]",,,,False,,,,"Կարգին Հաղորդում  
Hayko Mko Armenian Humor 
Հայկո Մկո Հայկական Հումոր",youtube,True,{},{},False,True,True,processed,hd,2d,rectangular,none,,0,api,2026-08-01T13:53:35+00:00,
oCoUlIYmUfM,https://www.youtube.com/watch?v=oCoUlIYmUfM,https://www.youtube.com/watch?v=oCoUlIYmUfM&list=PLDDuEZQEC_uDcYhabzxMCFCs3vGGSGVX4&index=6&t=0s,Kargin Haghordum sketch 205 (Hayko Mko),KarginTV,UCEHF-l2v0qhi_IXzrfc3uZg,221,20121227,642050,2132,,85.0,public,hy,"[""24""]","[""Kargin Haghordum"", ""Kargin haxordum"", ""Կարգին Հաղորդում"", ""Hayko Mko"", ""Armenian Humor"", ""Հայկո Մկո"", ""Հայկական Հումոր"", ""Hayko"", ""Mko"", ""Հյկո"", ""Մկո"", ""Kargin"", ""Կարգին"", ""Armenia Humor"", ""haykakan humor"", ""Armenian jokes"", ""HD"", ""humor"", ""Հումոր"", ""Kargin haxordum HD"", ""Kargin Haghordum HD"", ""Hayko Mko Kargin Haxordum"", ""jokes""]",,,,False,,,,"Կարգին Հաղորդում  
Hayko Mko Armenian Humor 
Հայկո Մկո Հայկական Հումոր",youtube,False,{},{},False,True,True,processed,hd,2d,rectangular,none,,0,api,2026-08-01T13:53:35+00:00,
mV2TGpdDfvE,https://www.youtube.com/watch?v=mV2TGpdDfvE,https://www.youtube.com/watch?v=mV2TGpdDfvE&list=PLDDuEZQEC_uDcYhabzxMCFCs3vGGSGVX4&index=7&t=0s,Kargin Haghordum sketch 206 (Hayko Mko),KarginTV,UCEHF-l2v0qhi_IXzrfc3uZg,115,20121227,485255,1352,,16.0,public,hy,"[""24""]","[""Kargin Haghordum"", ""Kargin haxordum"", ""Կարգին Հաղորդում"", ""Hayko Mko"", ""Armenian Humor"", ""Հայկո Մկո"", ""Հայկական Հումոր"", ""Hayko"", ""Mko"", ""Հյկո"", ""Մկո"", ""Kargin"", ""Կարգին"", ""Armenia Humor"", ""haykakan humor"", ""Armenian jokes"", ""HD"", ""humor"", ""Հումոր"", ""Kargin haxordum HD"", ""Kargin Haghordum HD"", ""Hayko Mko Kargin Haxordum"", ""jokes""]",,,,False,,,,"Կարգին Հաղորդում  
Hayko Mko Armenian Humor 
Հայկո Մկո Հայկական Հումոր",youtube,True,{},{},False,True,True,processed,hd,2d,rectangular,none,,0,api,2026-08-01T13:53:35+00:00,
s5NikwXQhQQ,https://www.youtube.com/watch?v=s5NikwXQhQQ,https://www.youtube.com/watch?v=s5NikwXQhQQ&list=PLDDuEZQEC_uDcYhabzxMCFCs3vGGSGVX4&index=8&t=0s,Kargin Haghordum sketch 207 (Hayko Mko),KarginTV,UCEHF-l2v0qhi_IXzrfc3uZg,130,20121227,870716,4526,,39.0,public,hy,"[""24""]","[""Kargin Haghordum"", ""Kargin haxordum"", ""Կարգին Հաղորդում"", ""Hayko Mko"", ""Armenian Humor"", ""Հայկո Մկո"", ""Հայկական Հումոր"", ""Hayko"", ""Mko"", ""Հյկո"", ""Մկո"", ""Kargin"", ""Կարգին"", ""Armenia Humor"", ""haykakan humor"", ""Armenian jokes"", ""HD"", ""humor"", ""Հումոր"", ""Kargin haxordum HD"", ""Kargin Haghordum HD"", ""Hayko Mko Kargin Haxordum"", ""jokes""]",,,,False,,,,"Կարգին Հաղորդում  
Hayko Mko Armenian Humor 
Հայկո Մկո Հայկական Հումոր",youtube,False,{},{},False,True,True,processed,hd,2d,rectangular,none,,0,api,2026-08-01T13:53:35+00:00,
dNlFGVJixUA,https://www.youtube.com/watch?v=dNlFGVJixUA,https://www.youtube.com/watch?v=dNlFGVJixUA&list=PLDDuEZQEC_uDcYhabzxMCFCs3vGGSGVX4&index=9&t=0s,Kargin Haghordum sketch 208 (Hayko Mko),KarginTV,UCEHF-l2v0qhi_IXzrfc3uZg,132,20121227,675927,2677,,25.0,public,hy,"[""24""]","[""Kargin Haghordum"", ""Kargin haxordum"", ""Կարգին Հաղորդում"", ""Hayko Mko"", ""Armenian Humor"", ""Հայկո Մկո"", ""Հայկական Հումոր"", ""Hayko"", ""Mko"", ""Հյկո"", ""Մկո"", ""Kargin"", ""Կարգին"", ""Armenia Humor"", ""haykakan humor"", ""Armenian jokes"", ""HD"", ""humor"", ""Հումոր"", ""Kargin haxordum HD"", ""Kargin Haghordum HD"", ""Hayko Mko Kargin Haxordum"", ""jokes""]",,,,False,,,,"Կարգին Հաղորդում  
Hayko Mko Armenian Humor 
Հայկո Մկո Հայկական Հումոր",youtube,True,{},{},False,True,True,processed,hd,2d,rectangular,none,,0,api,2026-08-01T13:53:35+00:00,
jf-yXCiLD2E,https://www.youtube.com/watch?v=jf-yXCiLD2E,https://www.youtube.com/watch?v=jf-yXCiLD2E&list=PLDDuEZQEC_uDcYhabzxMCFCs3vGGSGVX4&index=10&t=0s,Kargin Haghordum - Nver (Hayko Mko),KarginTV,UCEHF-l2v0qhi_IXzrfc3uZg,160,20121227,1078328,4344,,98.0,public,hy,"[""24""]","[""Kargin Haghordum"", ""Kargin haxordum"", ""Կարգին Հաղորդում"", ""Hayko Mko"", ""Armenian Humor"", ""Հայկո Մկո"", ""Հայկական Հումոր"", ""Hayko"", ""Mko"", ""Հյկո"", ""Մկո"", ""Kargin"", ""Կարգին"", ""Armenia Humor"", ""haykakan humor"", ""Armenian jokes"", ""HD"", ""humor"", ""Հումոր"", ""Kargin haxordum HD"", ""Kargin Haghordum HD"", ""Hayko Mko Kargin Haxordum"", ""jokes""]",,,,False,,,,"Կարգին Հաղորդում  
Hayko Mko Armenian Humor 
Հայկո Մկո Հայկական Հումոր",youtube,True,{},{},False,True,True,processed,hd,2d,rectangular,none,,0,api,2026-08-01T13:53:35+00:00,
FBrjIC9anzg,https://www.youtube.com/watch?v=FBrjIC9anzg,https://www.youtube.com/watch?v=FBrjIC9anzg&list=PLDDuEZQEC_uDcYhabzxMCFCs3vGGSGVX4&index=11&t=0s,Kargin Haghordum sketch 210 (Hayko Mko),KarginTV,UCEHF-l2v0qhi_IXzrfc3uZg,119,20121227,545775,2503,,31.0,public,hy,"[""24""]","[""Kargin Haghordum"", ""Kargin haxordum"", ""Կարգին Հաղորդում"", ""Hayko Mko"", ""Armenian Humor"", ""Հայկո Մկո"", ""Հայկական Հումոր"", ""Hayko"", ""Mko"", ""Հյկո"", ""Մկո"", ""Kargin"", ""Կարգին"", ""Armenia Humor"", ""haykakan humor"", ""Armenian jokes"", ""HD"", ""humor"", ""Հումոր"", ""Kargin haxordum HD"", ""Kargin Haghordum HD"", ""Hayko Mko Kargin Haxordum"", ""jokes""]",,,,False,,,,"Կարգին Հաղորդում  
Hayko Mko Armenian Humor 
Հայկո Մկո Հայկական Հումոր",youtube,True,{},{},False,True,True,processed,hd,2d,rectangular,none,,0,api,2026-08-01T13:53:35+00:00,
bugoZDFGfe8,https://www.youtube.com/watch?v=bugoZDFGfe8,https://www.youtube.com/watch?v=bugoZDFGfe8&list=PLDDuEZQEC_uDcYhabzxMCFCs3vGGSGVX4&index=12&t=0s,Kargin Haghordum sketch 211 (Hayko Mko),KarginTV,UCEHF-l2v0qhi_IXzrfc3uZg,88,20121227,1114530,2994,,46.0,public,hy,"[""24""]","[""Kargin Haghordum"", ""Kargin haxordum"", ""Կարգին Հաղորդում"", ""Hayko Mko"", ""Armenian Humor"", ""Հայկո Մկո"", ""Հայկական Հումոր"", ""Hayko"", ""Mko"", ""Հյկո"", ""Մկո"", ""Kargin"", ""Կարգին"", ""Armenia Humor"", ""haykakan humor"", ""Armenian jokes"", ""HD"", ""humor"", ""Հումոր"", ""Kargin haxordum HD"", ""Kargin Haghordum HD"", ""Hayko Mko Kargin Haxordum"", ""jokes""]",,,,False,,,,"Կարգին Հաղորդում  
Hayko Mko Armenian Humor 
Հայկո Մկո Հայկական Հումոր",youtube,True,{},{},False,True,True,processed,hd,2d,rectangular,none,,0,api,2026-08-01T13:53:35+00:00,
HQWbF7x1b9w,https://www.youtube.com/watch?v=HQWbF7x1b9w,https://www.youtube.com/watch?v=HQWbF7x1b9w&list=PLDDuEZQEC_uDcYhabzxMCFCs3vGGSGVX4&index=13&t=0s,Kargin Haghordum sketch 212 (Hayko Mko),KarginTV,UCEHF-l2v0qhi_IXzrfc3uZg,225,20121227,745122,3297,,32.0,public,hy,"[""24""]","[""Kargin Haghordum"", ""Kargin haxordum"", ""Կարգին Հաղորդում"", ""Hayko Mko"", ""Armenian Humor"", ""Հայկո Մկո"", ""Հայկական Հումոր"", ""Hayko"", ""Mko"", ""Հյկո"", ""Մկո"", ""Kargin"", ""Կարգին"", ""Armenia Humor"", ""haykakan humor"", ""Armenian jokes"", ""HD"", ""humor"", ""Հումոր"", ""Kargin haxordum HD"", ""Kargin Haghordum HD"", ""Hayko Mko Kargin Haxordum"", ""jokes""]",,,,False,,,,"Կարգին Հաղորդում  
Hayko Mko Armenian Humor 
Հայկո Մկո Հայկական Հումոր",youtube,False,{},{},False,True,True,processed,hd,2d,rectangular,none,,0,api,2026-08-01T13:53:35+00:00,
aHoRCF6pf0I,https://www.youtube.com/watch?v=aHoRCF6pf0I,https://www.youtube.com/watch?v=aHoRCF6pf0I&list=PLDDuEZQEC_uDcYhabzxMCFCs3vGGSGVX4&index=14&t=0s,Kargin Haghordum sketch 213 (Hayko Mko),KarginTV,UCEHF-l2v0qhi_IXzrfc3uZg,153,20121227,551796,2430,,37.0,public,hy,"[""24""]","[""Kargin Haghordum"", ""Kargin haxordum"", ""Կարգին Հաղորդում"", ""Hayko Mko"", ""Armenian Humor"", ""Հայկո Մկո"", ""Հայկական Հումոր"", ""Hayko"", ""Mko"", ""Հյկո"", ""Մկո"", ""Kargin"", ""Կարգին"", ""Armenia Humor"", ""haykakan humor"", ""Armenian jokes"", ""HD"", ""humor"", ""Հումոր"", ""Kargin haxordum HD"", ""Kargin Haghordum HD"", ""Hayko Mko Kargin Haxordum"", ""jokes""]",,,,False,,,,"Կարգին Հաղորդում  
Hayko Mko Armenian Humor 
Հայկո Մկո Հայկական Հումոր",youtube,False,{},{},False,True,True,processed,hd,2d,rectangular,none,,0,api,2026-08-01T13:53:35+00:00,
4R6gNneyO5c,https://www.youtube.com/watch?v=4R6gNneyO5c,https://www.youtube.com/watch?v=4R6gNneyO5c&list=PLDDuEZQEC_uDcYhabzxMCFCs3vGGSGVX4&index=15&t=0s,Kargin Haghordum sketch 214 (Hayko Mko),KarginTV,UCEHF-l2v0qhi_IXzrfc3uZg,70,20121227,722073,1433,,,public,hy,"[""24""]","[""Kargin Haghordum"", ""Kargin haxordum"", ""Կարգին Հաղորդում"", ""Hayko Mko"", ""Armenian Humor"", ""Հայկո Մկո"", ""Հայկական Հումոր"", ""Hayko"", ""Mko"", ""Հյկո"", ""Մկո"", ""Kargin"", ""Կարգին"", ""Armenia Humor"", ""haykakan humor"", ""Armenian jokes"", ""HD"", ""humor"", ""Հումոր"", ""Kargin haxordum HD"", ""Kargin Haghordum HD"", ""Hayko Mko Kargin Haxordum"", ""jokes""]",,,,False,,,,"Կարգին Հաղորդում  
Hayko Mko Armenian Humor 
Հայկո Մկո Հայկական Հումոր",youtube,True,{},{},False,True,True,processed,hd,2d,rectangular,none,,0,api,2026-08-01T13:53:35+00:00,
7v5AY7QdJQA,https://www.youtube.com/watch?v=7v5AY7QdJQA,https://www.youtube.com/watch?v=7v5AY7QdJQA&list=PLDDuEZQEC_uDcYhabzxMCFCs3vGGSGVX4&index=16&t=0s,Kargin Haghordum sketch 215 (Hayko Mko),KarginTV,UCEHF-l2v0qhi_IXzrfc3uZg,179,20121227,673370,3180,,24.0,public,hy,"[""24""]","[""Kargin Haghordum"", ""Kargin haxordum"", ""Կարգին Հաղորդում"", ""Hayko Mko"", ""Armenian Humor"", ""Հայկո Մկո"", ""Հայկական Հումոր"", ""Hayko"", ""Mko"", ""Հյկո"", ""Մկո"", ""Kargin"", ""Կարգին"", ""Armenia Humor"", ""haykakan humor"", ""Armenian jokes"", ""HD"", ""humor"", ""Հումոր"", ""Kargin haxordum HD"", ""Kargin Haghordum HD"", ""Hayko Mko Kargin Haxordum"", ""jokes""]",,,,False,,,,"Կարգին Հաղորդում  
Hayko Mko Armenian Humor 
Հայկո Մկո Հայկական Հումոր",youtube,True,{},{},False,True,True,processed,hd,2d,rectangular,none,,0,api,2026-08-01T13:53:36+00:00,
8t7hzpg0dlg,https://www.youtube.com/watch?v=8t7hzpg0dlg,https://www.youtube.com/watch?v=8t7hzpg0dlg&list=PLDDuEZQEC_uDcYhabzxMCFCs3vGGSGVX4&index=17&t=0s,Kargin Haghordum sketch 216 (Hayko Mko),KarginTV,UCEHF-l2v0qhi_IXzrfc3uZg,303,20121227,879616,3840,,53.0,public,hy,"[""24""]","[""Kargin Haghordum"", ""Kargin haxordum"", ""Կարգին Հաղորդում"", ""Hayko Mko"", ""Armenian Humor"", ""Հայկո Մկո"", ""Հայկական Հումոր"", ""Hayko"", ""Mko"", ""Հյկո"", ""Մկո"", ""Kargin"", ""Կարգին"", ""Armenia Humor"", ""haykakan humor"", ""Armenian jokes"", ""HD"", ""humor"", ""Հումոր"", ""Kargin haxordum HD"", ""Kargin Haghordum HD"", ""Hayko Mko Kargin Haxordum"", ""jokes""]",,,,False,,,,"Կարգին Հաղորդում  
Hayko Mko Armenian Humor 
Հայկո Մկո Հայկական Հումոր",youtube,False,{},{},False,True,True,processed,hd,2d,rectangular,none,,0,api,2026-08-01T13:53:36+00:00,
e1urTVhye64,https://www.youtube.com/watch?v=e1urTVhye64,https://www.youtube.com/watch?v=e1urTVhye64&list=PLDDuEZQEC_uDcYhabzxMCFCs3vGGSGVX4&index=18&t=0s,Kargin Haghordum sketch 217 (Hayko Mko),KarginTV,UCEHF-l2v0qhi_IXzrfc3uZg,115,20121227,684702,1864,,50.0,public,hy,"[""24""]","[""Kargin Haghordum"", ""Kargin haxordum"", ""Կարգին Հաղորդում"", ""Hayko Mko"", ""Armenian Humor"", ""Հայկո Մկո"", ""Հայկական Հումոր"", ""Hayko"", ""Mko"", ""Հյկո"", ""Մկո"", ""Kargin"", ""Կարգին"", ""Armenia Humor"", ""haykakan humor"", ""Armenian jokes"", ""HD"", ""humor"", ""Հումոր"", ""Kargin haxordum HD"", ""Kargin Haghordum HD"", ""Hayko Mko Kargin Haxordum"", ""jokes""]",,,,False,,,,"Կարգին Հաղորդում  
Hayko Mko Armenian Humor 
Հայկո Մկո Հայկական Հումոր",youtube,True,{},{},False,True,True,processed,hd,2d,rectangular,none,,0,api,2026-08-01T13:53:36+00:00,
AalVRTuqyQw,https://www.youtube.com/watch?v=AalVRTuqyQw,https://www.youtube.com/watch?v=AalVRTuqyQw&list=PLDDuEZQEC_uDcYhabzxMCFCs3vGGSGVX4&index=19&t=0s,Kargin Haghordum sketch 218 (Hayko Mko),KarginTV,UCEHF-l2v0qhi_IXzrfc3uZg,118,20121227,325944,818,,7.0,public,hy,"[""24""]","[""Kargin Haghordum"", ""Kargin haxordum"", ""Կարգին Հաղորդում"", ""Hayko Mko"", ""Armenian Humor"", ""Հայկո Մկո"", ""Հայկական Հումոր"", ""Hayko"", ""Mko"", ""Հյկո"", ""Մկո"", ""Kargin"", ""Կարգին"", ""Armenia Humor"", ""haykakan humor"", ""Armenian jokes"", ""HD"", ""humor"", ""Հումոր"", ""Kargin haxordum HD"", ""Kargin Haghordum HD"", ""Hayko Mko Kargin Haxordum"", ""jokes""]",,,,False,,,,"Կարգին Հաղորդում  
Hayko Mko Armenian Humor 
Հայկո Մկո Հայկական Հումոր",youtube,True,{},{},False,True,True,processed,hd,2d,rectangular,none,,0,api,2026-08-01T13:53:36+00:00,
IqipbpCUrfY,https://www.youtube.com/watch?v=IqipbpCUrfY,https://www.youtube.com/watch?v=IqipbpCUrfY&list=PLDDuEZQEC_uDcYhabzxMCFCs3vGGSGVX4&index=20&t=0s,Kargin Haghordum sketch 219 (Hayko Mko),KarginTV,UCEHF-l2v0qhi_IXzrfc3uZg,118,20121227,412572,1644,,29.0,public,hy,"[""24""]","[""Kargin Haghordum"", ""Kargin haxordum"", ""Կարգին Հաղորդում"", ""Hayko Mko"", ""Armenian Humor"", ""Հայկո Մկո"", ""Հայկական Հումոր"", ""Hayko"", ""Mko"", ""Հյկո"", ""Մկո"", ""Kargin"", ""Կարգին"", ""Armenia Humor"", ""haykakan humor"", ""Armenian jokes"", ""HD"", ""humor"", ""Հումոր"", ""Kargin haxordum HD"", ""Kargin Haghordum HD"", ""Hayko Mko Kargin Haxordum"", ""jokes""]",,,,False,,,,"Կարգին Հաղորդում  
Hayko Mko Armenian Humor 
Հայկո Մկո Հայկական Հումոր",youtube,True,{},{},False,True,True,processed,hd,2d,rectangular,none,,0,api,2026-08-01T13:53:36+00:00,
qNDzi744SCY,https://www.youtube.com/watch?v=qNDzi744SCY,https://www.youtube.com/watch?v=qNDzi744SCY&list=PLDDuEZQEC_uDcYhabzxMCFCs3vGGSGVX4&index=21&t=0s,Kargin Haghordum sketch 220 (Hayko Mko),KarginTV,UCEHF-l2v0qhi_IXzrfc3uZg,155,20121227,1169725,5031,,132.0,public,hy,"[""24""]","[""Kargin Haghordum"", ""Kargin haxordum"", ""Կարգին Հաղորդում"", ""Hayko Mko"", ""Armenian Humor"", ""Հայկո Մկո"", ""Հայկական Հումոր"", ""Hayko"", ""Mko"", ""Հյկո"", ""Մկո"", ""Kargin"", ""Կարգին"", ""Armenia Humor"", ""haykakan humor"", ""Armenian jokes"", ""HD"", ""humor"", ""Հումոր"", ""Kargin haxordum HD"", ""Kargin Haghordum HD"", ""Hayko Mko Kargin Haxordum"", ""jokes""]",,,,False,,,,"Կարգին Հաղորդում  
Hayko Mko Armenian Humor 
Հայկո Մկո Հայկական Հումոր",youtube,True,{},{},False,True,True,processed,hd,2d,rectangular,none,,0,api,2026-08-01T13:53:36+00:00,
0BdBDzNV8wM,https://www.youtube.com/watch?v=0BdBDzNV8wM,https://www.youtube.com/watch?v=0BdBDzNV8wM&list=PLDDuEZQEC_uDcYhabzxMCFCs3vGGSGVX4&index=158&t=0s,Kargin Haghordum sketch 357 (Hayko Mko),KarginTV,UCEHF-l2v0qhi_IXzrfc3uZg,115,20121228,160204,828,,9.0,public,hy,"[""24""]","[""Kargin Haghordum"", ""Kargin haxordum"", ""Կարգին Հաղորդում"", ""Hayko Mko"", ""Armenian Humor"", ""Հայկո Մկո"", ""Հայկական Հումոր"", ""Hayko"", ""Mko"", ""Հյկո"", ""Մկո"", ""Kargin"", ""Կարգին"", ""Armenia Humor"", ""haykakan humor"", ""Armenian jokes"", ""HD"", ""humor"", ""Հումոր"", ""Kargin haxordum HD"", ""Kargin Haghordum HD"", ""Hayko Mko Kargin Haxordum"", ""jokes""]",,,,False,,,,"Կարգին Հաղորդում  
Hayko Mko Armenian Humor 
Հայկո Մկո Հայկական Հումոր",youtube,True,{},{},False,True,True,processed,hd,2d,rectangular,none,,0,api,2026-08-01T13:53:36+00:00,
iAfOSpH2oEw,https://www.youtube.com/watch?v=iAfOSpH2oEw,https://www.youtube.com/watch?v=iAfOSpH2oEw&list=PLDDuEZQEC_uDcYhabzxMCFCs3vGGSGVX4&index=159&t=0s,Kargin Haghordum sketch 358 (Hayko Mko),KarginTV,UCEHF-l2v0qhi_IXzrfc3uZg,155,20121228,444548,2845,,40.0,public,hy,"[""24""]","[""Kargin Haghordum"", ""Kargin haxordum"", ""Կարգին Հաղորդում"", ""Hayko Mko"", ""Armenian Humor"", ""Հայկո Մկո"", ""Հայկական Հումոր"", ""Hayko"", ""Mko"", ""Հյկո"", ""Մկո"", ""Kargin"", ""Կարգին"", ""Armenia Humor"", ""haykakan humor"", ""Armenian jokes"", ""HD"", ""humor"", ""Հումոր"", ""Kargin haxordum HD"", ""Kargin Haghordum HD"", ""Hayko Mko Kargin Haxordum"", ""jokes""]",,,,False,,,,"Կարգին Հաղորդում  
Hayko Mko Armenian Humor 
Հայկո Մկո Հայկական Հումոր",youtube,False,{},{},False,True,True,processed,hd,2d,rectangular,none,,0,api,2026-08-01T13:53:36+00:00,
xwZmZD6KFhE,https://www.youtube.com/watch?v=xwZmZD6KFhE,https://www.youtube.com/watch?v=xwZmZD6KFhE&list=PLDDuEZQEC_uDcYhabzxMCFCs3vGGSGVX4&index=160&t=0s,Kargin Haghordum sketch 359 (Hayko Mko),KarginTV,UCEHF-l2v0qhi_IXzrfc3uZg,159,20121228,558769,3049,,30.0,public,hy,"[""24""]","[""Kargin Haghordum"", ""Kargin haxordum"", ""Կարգին Հաղորդում"", ""Hayko Mko"", ""Armenian Humor"", ""Հայկո Մկո"", ""Հայկական Հումոր"", ""Hayko"", ""Mko"", ""Հյկո"", ""Մկո"", ""Kargin"", ""Կարգին"", ""Armenia Humor"", ""haykakan humor"", ""Armenian jokes"", ""HD"", ""humor"", ""Հումոր"", ""Kargin haxordum HD"", ""Kargin Haghordum HD"", ""Hayko Mko Kargin Haxordum"", ""jokes""]",,,,False,,,,"Կարգին Հաղորդում  
Hayko Mko Armenian Humor 
Հայկո Մկո Հայկական Հումոր",youtube,True,{},{},False,True,True,processed,hd,2d,rectangular,none,,0,api,2026-08-01T13:53:36+00:00,
TsRukoHsytQ,https://www.youtube.com/watch?v=TsRukoHsytQ,https://www.youtube.com/watch?v=TsRukoHsytQ&list=PLDDuEZQEC_uDcYhabzxMCFCs3vGGSGVX4&index=161&t=0s,Kargin Haghordum sketch 360 (Hayko Mko),KarginTV,UCEHF-l2v0qhi_IXzrfc3uZg,180,20121228,396587,2229,,45.0,public,hy,"[""24""]","[""Kargin Haghordum"", ""Kargin haxordum"", ""Կարգին Հաղորդում"", ""Hayko Mko"", ""Armenian Humor"", ""Հայկո Մկո"", ""Հայկական Հումոր"", ""Hayko"", ""Mko"", ""Հյկո"", ""Մկո"", ""Kargin"", ""Կարգին"", ""Armenia Humor"", ""haykakan humor"", ""Armenian jokes"", ""HD"", ""humor"", ""Հումոր"", ""Kargin haxordum HD"", ""Kargin Haghordum HD"", ""Hayko Mko Kargin Haxordum"", ""jokes""]",,,,False,,,,"Կարգին Հաղորդում  
Hayko Mko Armenian Humor 
Հայկո Մկո Հայկական Հումոր",youtube,True,{},{},False,True,True,processed,hd,2d,rectangular,none,,0,api,2026-08-01T13:53:36+00:00,
Z7ixgFUgruc,https://www.youtube.com/watch?v=Z7ixgFUgruc,https://www.youtube.com/watch?v=Z7ixgFUgruc&list=PLDDuEZQEC_uDcYhabzxMCFCs3vGGSGVX4&index=162&t=0s,Kargin Haghordum sketch 361 (Hayko Mko),KarginTV,UCEHF-l2v0qhi_IXzrfc3uZg,219,20121228,500623,2105,,22.0,public,hy,"[""24""]","[""Kargin Haghordum"", ""Kargin haxordum"", ""Կարգին Հաղորդում"", ""Hayko Mko"", ""Armenian Humor"", ""Հայկո Մկո"", ""Հայկական Հումոր"", ""Hayko"", ""Mko"", ""Հյկո"", ""Մկո"", ""Kargin"", ""Կարգին"", ""Armenia Humor"", ""haykakan humor"", ""Armenian jokes"", ""HD"", ""humor"", ""Հումոր"", ""Kargin haxordum HD"", ""Kargin Haghordum HD"", ""Hayko Mko Kargin Haxordum"", ""jokes""]",,,,False,,,,"Կարգին Հաղորդում  
Hayko Mko Armenian Humor 
Հայկո Մկո Հայկական Հումոր",youtube,True,{},{},False,True,True,processed,hd,2d,rectangular,none,,0,api,2026-08-01T13:53:36+00:00,
KksQ0IcHiuk,https://www.youtube.com/watch?v=KksQ0IcHiuk,https://www.youtube.com/watch?v=KksQ0IcHiuk&list=PLDDuEZQEC_uDcYhabzxMCFCs3vGGSGVX4&index=163&t=0s,Kargin Haghordum sketch 362 (Hayko Mko),KarginTV,UCEHF-l2v0qhi_IXzrfc3uZg,319,20121228,499413,3286,,63.0,public,hy,"[""24""]","[""Kargin Haghordum"", ""Kargin haxordum"", ""Կարգին Հաղորդում"", ""Hayko Mko"", ""Armenian Humor"", ""Հայկո Մկո"", ""Հայկական Հումոր"", ""Hayko"", ""Mko"", ""Հյկո"", ""Մկո"", ""Kargin"", ""Կարգին"", ""Armenia Humor"", ""haykakan humor"", ""Armenian jokes"", ""HD"", ""humor"", ""Հումոր"", ""Kargin haxordum HD"", ""Kargin Haghordum HD"", ""Hayko Mko Kargin Haxordum"", ""jokes""]",,,,False,,,,"Կարգին Հաղորդում  
Hayko Mko Armenian Humor 
Հայկո Մկո Հայկական Հումոր",youtube,True,{},{},False,True,True,processed,hd,2d,rectangular,none,,0,api,2026-08-01T13:53:36+00:00,
wFZRMVBffCY,https://www.youtube.com/watch?v=wFZRMVBffCY,https://www.youtube.com/watch?v=wFZRMVBffCY&list=PLDDuEZQEC_uDcYhabzxMCFCs3vGGSGVX4&index=164&t=0s,Kargin Haghordum sketch 363 (Hayko Mko),KarginTV,UCEHF-l2v0qhi_IXzrfc3uZg,162,20121228,547317,3038,,40.0,public,hy,"[""24""]","[""Kargin Haghordum"", ""Kargin haxordum"", ""Կարգին Հաղորդում"", ""Hayko Mko"", ""Armenian Humor"", ""Հայկո Մկո"", ""Հայկական Հումոր"", ""Hayko"", ""Mko"", ""Հյկո"", ""Մկո"", ""Kargin"", ""Կարգին"", ""Armenia Humor"", ""haykakan humor"", ""Armenian jokes"", ""HD"", ""humor"", ""Հումոր"", ""Kargin haxordum HD"", ""Kargin Haghordum HD"", ""Hayko Mko Kargin Haxordum"", ""jokes""]",,,,False,,,,"Կարգին Հաղորդում  
Hayko Mko Armenian Humor 
Հայկո Մկո Հայկական Հումոր",youtube,True,{},{},False,True,True,processed,hd,2d,rectangular,none,,0,api,2026-08-01T13:53:36+00:00,
a-Ui2dncFZ0,https://www.youtube.com/watch?v=a-Ui2dncFZ0,https://www.youtube.com/watch?v=a-Ui2dncFZ0&list=PLDDuEZQEC_uDcYhabzxMCFCs3vGGSGVX4&index=165&t=0s,Kargin Haghordum - Kondi Tner (Hayko Mko),KarginTV,UCEHF-l2v0qhi_IXzrfc3uZg,164,20121228,691478,3580,,33.0,public,hy,"[""24""]","[""Kargin Haghordum"", ""Kargin haxordum"", ""Կարգին Հաղորդում"", ""Hayko Mko"", ""Armenian Humor"", ""Հայկո Մկո"", ""Հայկական Հումոր"", ""Hayko"", ""Mko"", ""Հյկո"", ""Մկո"", ""Kargin"", ""Կարգին"", ""Armenia Humor"", ""haykakan humor"", ""Armenian jokes"", ""HD"", ""humor"", ""Հումոր"", ""Kargin haxordum HD"", ""Kargin Haghordum HD"", ""Hayko Mko Kargin Haxordum"", ""jokes""]",,,,False,,,,"Կարգին Հաղորդում  
Hayko Mko Armenian Humor 
Հայկո Մկո Հայկական Հումոր",youtube,False,{},{},False,True,True,processed,hd,2d,rectangular,none,,0,api,2026-08-01T13:53:36+00:00,
mORFqQ2Pi5M,https://www.youtube.com/watch?v=mORFqQ2Pi5M,https://www.youtube.com/watch?v=mORFqQ2Pi5M&list=PLDDuEZQEC_uDcYhabzxMCFCs3vGGSGVX4&index=166&t=0s,Kargin Haghordum sketch 365 (Hayko Mko),KarginTV,UCEHF-l2v0qhi_IXzrfc3uZg,238,20121228,931259,4944,,95.0,public,hy,"[""24""]","[""Kargin Haghordum"", ""Kargin haxordum"", ""Կարգին Հաղորդում"", ""Hayko Mko"", ""Armenian Humor"", ""Հայկո Մկո"", ""Հայկական Հումոր"", ""Hayko"", ""Mko"", ""Հյկո"", ""Մկո"", ""Kargin"", ""Կարգին"", ""Armenia Humor"", ""haykakan humor"", ""Armenian jokes"", ""HD"", ""humor"", ""Հումոր"", ""Kargin haxordum HD"", ""Kargin Haghordum HD"", ""Hayko Mko Kargin Haxordum"", ""jokes""]",,,,False,,,,"Կարգին Հաղորդում  
Hayko Mko Armenian Humor 
Հայկո Մկո Հայկական Հումոր",youtube,True,{},{},False,True,True,processed,hd,2d,rectangular,none,,0,api,2026-08-01T13:53:36+00:00,
VOQYIYEfHQc,https://www.youtube.com/watch?v=VOQYIYEfHQc,https://www.youtube.com/watch?v=VOQYIYEfHQc&list=PLDDuEZQEC_uDcYhabzxMCFCs3vGGSGVX4&index=167&t=0s,Kargin Haghordum sketch 366 (Hayko Mko),KarginTV,UCEHF-l2v0qhi_IXzrfc3uZg,163,20121228,309076,1527,,25.0,public,hy,"[""24""]","[""Kargin Haghordum"", ""Kargin haxordum"", ""Կարգին Հաղորդում"", ""Hayko Mko"", ""Armenian Humor"", ""Հայկո Մկո"", ""Հայկական Հումոր"", ""Hayko"", ""Mko"", ""Հյկո"", ""Մկո"", ""Kargin"", ""Կարգին"", ""Armenia Humor"", ""haykakan humor"", ""Armenian jokes"", ""HD"", ""humor"", ""Հումոր"", ""Kargin haxordum HD"", ""Kargin Haghordum HD"", ""Hayko Mko Kargin Haxordum"", ""jokes""]",,,,False,,,,"Կարգին Հաղորդում  
Hayko Mko Armenian Humor 
Հայկո Մկո Հայկական Հումոր",youtube,True,{},{},False,True,True,processed,hd,2d,rectangular,none,,0,api,2026-08-01T13:53:36+00:00,
YKOvyZiBsss,https://www.youtube.com/watch?v=YKOvyZiBsss,https://www.youtube.com/watch?v=YKOvyZiBsss&list=PLDDuEZQEC_uDcYhabzxMCFCs3vGGSGVX4&index=168&t=0s,Kargin Haghordum sketch 367 (Hayko Mko),KarginTV,UCEHF-l2v0qhi_IXzrfc3uZg,360,20121228,2324640,11576,,192.0,public,hy,"[""24""]","[""Kargin Haghordum"", ""Kargin haxordum"", ""Կարգին Հաղորդում"", ""Hayko Mko"", ""Armenian Humor"", ""Հայկո Մկո"", ""Հայկական Հումոր"", ""Hayko"", ""Mko"", ""Հյկո"", ""Մկո"", ""Kargin"", ""Կարգին"", ""Armenia Humor"", ""haykakan humor"", ""Armenian jokes"", ""HD"", ""humor"", ""Հումոր"", ""Kargin haxordum HD"", ""Kargin Haghordum HD"", ""Hayko Mko Kargin Haxordum"", ""jokes""]",,,,False,,,,"Կարգին Հաղորդում  
Hayko Mko Armenian Humor 
Հայկո Մկո Հայկական Հումոր",youtube,True,{},{},False,True,True,processed,hd,2d,rectangular,none,,0,api,2026-08-01T13:53:36+00:00,
vyTJKuAtbeg,https://www.youtube.com/watch?v=vyTJKuAtbeg,https://www.youtube.com/watch?v=vyTJKuAtbeg&list=PLDDuEZQEC_uDcYhabzxMCFCs3vGGSGVX4&index=169&t=0s,Kargin Haghordum sketch 368 (Hayko Mko),KarginTV,UCEHF-l2v0qhi_IXzrfc3uZg,319,20121228,1406863,6873,,181.0,public,hy,"[""24""]","[""Kargin Haghordum"", ""Kargin haxordum"", ""Կարգին Հաղորդում"", ""Hayko Mko"", ""Armenian Humor"", ""Հայկո Մկո"", ""Հայկական Հումոր"", ""Hayko"", ""Mko"", ""Հյկո"", ""Մկո"", ""Kargin"", ""Կարգին"", ""Armenia Humor"", ""haykakan humor"", ""Armenian jokes"", ""HD"", ""humor"", ""Հումոր"", ""Kargin haxordum HD"", ""Kargin Haghordum HD"", ""Hayko Mko Kargin Haxordum"", ""jokes""]",,,,False,,,,"Կարգին Հաղորդում  
Hayko Mko Armenian Humor 
Հայկո Մկո Հայկական Հումոր",youtube,True,{},{},False,True,True,processed,hd,2d,rectangular,none,,0,api,2026-08-01T13:53:36+00:00,
P-82k6qN3KU,https://www.youtube.com/watch?v=P-82k6qN3KU,https://www.youtube.com/watch?v=P-82k6qN3KU&list=PLDDuEZQEC_uDcYhabzxMCFCs3vGGSGVX4&index=170&t=0s,Kargin Haghordum sketch 369 (Hayko Mko),KarginTV,UCEHF-l2v0qhi_IXzrfc3uZg,144,20121228,2136420,5709,,,public,hy,"[""24""]","[""Kargin Haghordum"", ""Kargin haxordum"", ""Կարգին Հաղորդում"", ""Hayko Mko"", ""Armenian Humor"", ""Հայկո Մկո"", ""Հայկական Հումոր"", ""Hayko"", ""Mko"", ""Հյկո"", ""Մկո"", ""Kargin"", ""Կարգին"", ""Armenia Humor"", ""haykakan humor"", ""Armenian jokes"", ""HD"", ""humor"", ""Հումոր"", ""Kargin haxordum HD"", ""Kargin Haghordum HD"", ""Hayko Mko Kargin Haxordum"", ""jokes""]",,,,False,,,,"Կարգին Հաղորդում  
Hayko Mko Armenian Humor 
Հայկո Մկո Հայկական Հումոր",youtube,True,{},{},False,True,True,processed,hd,2d,rectangular,none,hy,0,api,2026-08-01T13:53:36+00:00,
qYhj_GEOtFo,https://www.youtube.com/watch?v=qYhj_GEOtFo,https://www.youtube.com/watch?v=qYhj_GEOtFo&list=PLDDuEZQEC_uDcYhabzxMCFCs3vGGSGVX4&index=171&t=0s,Kargin Haghordum - Mlicu Anekdot (Hayko Mko),KarginTV,UCEHF-l2v0qhi_IXzrfc3uZg,169,20121228,739503,3677,,49.0,public,hy,"[""24""]","[""Kargin Haghordum"", ""Kargin haxordum"", ""Կարգին Հաղորդում"", ""Hayko Mko"", ""Armenian Humor"", ""Հայկո Մկո"", ""Հայկական Հումոր"", ""Hayko"", ""Mko"", ""Հյկո"", ""Մկո"", ""Kargin"", ""Կարգին"", ""Armenia Humor"", ""haykakan humor"", ""Armenian jokes"", ""HD"", ""humor"", ""Հումոր"", ""Kargin haxordum HD"", ""Kargin Haghordum HD"", ""Hayko Mko Kargin Haxordum"", ""jokes""]",,,,False,,,,"Կարգին Հաղորդում  
Hayko Mko Armenian Humor 
Հայկո Մկո Հայկական Հումոր",youtube,True,{},{},False,True,True,processed,hd,2d,rectangular,none,,0,api,2026-08-01T13:53:36+00:00,
kOGVCV4TAgY,https://www.youtube.com/watch?v=kOGVCV4TAgY,https://www.youtube.com/watch?v=kOGVCV4TAgY&list=PLDDuEZQEC_uDcYhabzxMCFCs3vGGSGVX4&index=172&t=0s,Kargin Haghordum sketch 371 (Hayko Mko),KarginTV,UCEHF-l2v0qhi_IXzrfc3uZg,162,20121228,636724,2705,,70.0,public,hy,"[""24""]","[""Kargin Haghordum"", ""Kargin haxordum"", ""Կարգին Հաղորդում"", ""Hayko Mko"", ""Armenian Humor"", ""Հայկո Մկո"", ""Հայկական Հումոր"", ""Hayko"", ""Mko"", ""Հյկո"", ""Մկո"", ""Kargin"", ""Կարգին"", ""Armenia Humor"", ""haykakan humor"", ""Armenian jokes"", ""HD"", ""humor"", ""Հումոր"", ""Kargin haxordum HD"", ""Kargin Haghordum HD"", ""Hayko Mko Kargin Haxordum"", ""jokes""]",,,,False,,,,"Կարգին Հաղորդում  
Hayko Mko Armenian Humor 
Հայկո Մկո Հայկական Հումոր",youtube,False,{},{},False,True,True,processed,hd,2d,rectangular,none,,0,api,2026-08-01T13:53:36+00:00,
Ol-_OaPjBN0,https://www.youtube.com/watch?v=Ol-_OaPjBN0,https://www.youtube.com/watch?v=Ol-_OaPjBN0&list=PLDDuEZQEC_uDcYhabzxMCFCs3vGGSGVX4&index=173&t=0s,Kargin Haghordum - Sex aygum (Hayko Mko),KarginTV,UCEHF-l2v0qhi_IXzrfc3uZg,155,20121228,415655,1935,,31.0,public,hy,"[""24""]","[""Kargin Haghordum"", ""Kargin haxordum"", ""Կարգին Հաղորդում"", ""Hayko Mko"", ""Armenian Humor"", ""Հայկո Մկո"", ""Հայկական Հումոր"", ""Hayko"", ""Mko"", ""Հյկո"", ""Մկո"", ""Kargin"", ""Կարգին"", ""Armenia Humor"", ""haykakan humor"", ""Armenian jokes"", ""HD"", ""humor"", ""Հումոր"", ""Kargin haxordum HD"", ""Kargin Haghordum HD"", ""Hayko Mko Kargin Haxordum"", ""jokes""]",,,,False,,,,"Կարգին Հաղորդում  
Hayko Mko Armenian Humor 
Հայկո Մկո Հայկական Հումոր",youtube,True,{},{},False,True,True,processed,hd,2d,rectangular,none,,0,api,2026-08-01T13:53:36+00:00,
pAqud0uHruk,https://www.youtube.com/watch?v=pAqud0uHruk,https://www.youtube.com/watch?v=pAqud0uHruk&list=PLDDuEZQEC_uDcYhabzxMCFCs3vGGSGVX4&index=184&t=0s,Kargin Haghordum sketch 383 (Hayko Mko),KarginTV,UCEHF-l2v0qhi_IXzrfc3uZg,58,20121228,501732,2081,,19.0,public,hy,"[""24""]","[""Kargin Haghordum"", ""Kargin haxordum"", ""Կարգին Հաղորդում"", ""Hayko Mko"", ""Armenian Humor"", ""Հայկո Մկո"", ""Հայկական Հումոր"", ""Hayko"", ""Mko"", ""Հյկո"", ""Մկո"", ""Kargin"", ""Կարգին"", ""Armenia Humor"", ""haykakan humor"", ""Armenian jokes"", ""HD"", ""humor"", ""Հումոր"", ""Kargin haxordum HD"", ""Kargin Haghordum HD"", ""Hayko Mko Kargin Haxordum"", ""jokes""]",,,,False,,,,"Կարգին Հաղորդում  
Hayko Mko Armenian Humor 
Հայկո Մկո Հայկական Հումոր",youtube,True,{},{},False,True,True,processed,hd,2d,rectangular,none,,0,api,2026-08-01T13:53:36+00:00,
w98pmmL9fh0,https://www.youtube.com/watch?v=w98pmmL9fh0,https://www.youtube.com/watch?v=w98pmmL9fh0&list=PLDDuEZQEC_uAuSrUXsFVBLNkPQY3BHzLQ&index=132&t=0s,Kargin Haghordum sketch 531 (Hayko Mko),KarginTV,UCEHF-l2v0qhi_IXzrfc3uZg,121,20121228,420128,2458,,,public,hy,"[""24""]","[""Kargin Haghordum"", ""Kargin haxordum"", ""Կարգին Հաղորդում"", ""Hayko Mko"", ""Armenian Humor"", ""Հայկո Մկո"", ""Հայկական Հումոր"", ""Hayko"", ""Mko"", ""Հյկո"", ""Մկո"", ""Kargin"", ""Կարգին"", ""Armenia Humor"", ""haykakan humor"", ""Armenian jokes"", ""HD"", ""humor"", ""Հումոր"", ""Kargin haxordum HD"", ""Kargin Haghordum HD"", ""Hayko Mko Kargin Haxordum"", ""jokes""]",,,,False,,,,"Կարգին Հաղորդում  
Hayko Mko Armenian Humor 
Հայկո Մկո Հայկական Հումոր",youtube,False,{},{},False,True,True,processed,hd,2d,rectangular,none,,0,api,2026-08-01T13:53:36+00:00,
L_5dGrklbqY,https://www.youtube.com/watch?v=L_5dGrklbqY,https://www.youtube.com/watch?v=L_5dGrklbqY&list=PLDDuEZQEC_uAuSrUXsFVBLNkPQY3BHzLQ&index=133&t=0s,Kargin Haghordum sketch 532 (Hayko Mko),KarginTV,UCEHF-l2v0qhi_IXzrfc3uZg,186,20121228,1592511,8739,,160.0,public,hy,"[""24""]","[""Kargin Haghordum"", ""Kargin haxordum"", ""Կարգին Հաղորդում"", ""Hayko Mko"", ""Armenian Humor"", ""Հայկո Մկո"", ""Հայկական Հումոր"", ""Hayko"", ""Mko"", ""Հյկո"", ""Մկո"", ""Kargin"", ""Կարգին"", ""Armenia Humor"", ""haykakan humor"", ""Armenian jokes"", ""HD"", ""humor"", ""Հումոր"", ""Kargin haxordum HD"", ""Kargin Haghordum HD"", ""Hayko Mko Kargin Haxordum"", ""jokes""]",,,,False,,,,"Կարգին Հաղորդում  
Hayko Mko Armenian Humor 
Հայկո Մկո Հայկական Հումոր",youtube,True,{},{},False,True,True,processed,hd,2d,rectangular,none,,0,api,2026-08-01T13:53:36+00:00,
3vQB7zlYtco,https://www.youtube.com/watch?v=3vQB7zlYtco,https://www.youtube.com/watch?v=3vQB7zlYtco&list=PLDDuEZQEC_uAuSrUXsFVBLNkPQY3BHzLQ&index=134&t=0s,Kargin Haghordum sketch 533 (Hayko Mko),KarginTV,UCEHF-l2v0qhi_IXzrfc3uZg,165,20121228,817568,2769,,62.0,public,hy,"[""24""]","[""Kargin Haghordum"", ""Kargin haxordum"", ""Կարգին Հաղորդում"", ""Hayko Mko"", ""Armenian Humor"", ""Հայկո Մկո"", ""Հայկական Հումոր"", ""Hayko"", ""Mko"", ""Հյկո"", ""Մկո"", ""Kargin"", ""Կարգին"", ""Armenia Humor"", ""haykakan humor"", ""Armenian jokes"", ""HD"", ""humor"", ""Հումոր"", ""Kargin haxordum HD"", ""Kargin Haghordum HD"", ""Hayko Mko Kargin Haxordum"", ""jokes""]",,,,False,,,,"Կարգին Հաղորդում  
Hayko Mko Armenian Humor 
Հայկո Մկո Հայկական Հումոր",youtube,True,{},{},False,True,True,processed,hd,2d,rectangular,none,,0,api,2026-08-01T13:53:36+00:00,
eSGwM7ZNPnA,https://www.youtube.com/watch?v=eSGwM7ZNPnA,https://www.youtube.com/watch?v=eSGwM7ZNPnA&list=PLDDuEZQEC_uAuSrUXsFVBLNkPQY3BHzLQ&index=135&t=0s,Kargin Haghordum sketch 534 (Hayko Mko),KarginTV,UCEHF-l2v0qhi_IXzrfc3uZg,89,20121228,140834,786,,4.0,public,hy,"[""24""]","[""Kargin Haghordum"", ""Kargin haxordum"", ""Կարգին Հաղորդում"", ""Hayko Mko"", ""Armenian Humor"", ""Հայկո Մկո"", ""Հայկական Հումոր"", ""Hayko"", ""Mko"", ""Հյկո"", ""Մկո"", ""Kargin"", ""Կարգին"", ""Armenia Humor"", ""haykakan humor"", ""Armenian jokes"", ""HD"", ""humor"", ""Հումոր"", ""Kargin haxordum HD"", ""Kargin Haghordum HD"", ""Hayko Mko Kargin Haxordum"", ""jokes""]",,,,False,,,,"Կարգին Հաղորդում  
Hayko Mko Armenian Humor 
Հայկո Մկո Հայկական Հումոր",youtube,True,{},{},False,True,True,processed,hd,2d,rectangular,none,,0,api,2026-08-01T13:53:36+00:00,
2O9HN34yawo,https://www.youtube.com/watch?v=2O9HN34yawo,https://www.youtube.com/watch?v=2O9HN34yawo&list=PLDDuEZQEC_uAuSrUXsFVBLNkPQY3BHzLQ&index=136&t=0s,Kargin Haghordum sketch 535 (Hayko Mko),KarginTV,UCEHF-l2v0qhi_IXzrfc3uZg,133,20121228,927306,3377,,79.0,public,hy,"[""24""]","[""Kargin Haghordum"", ""Kargin haxordum"", ""Կարգին Հաղորդում"", ""Hayko Mko"", ""Armenian Humor"", ""Հայկո Մկո"", ""Հայկական Հումոր"", ""Hayko"", ""Mko"", ""Հյկո"", ""Մկո"", ""Kargin"", ""Կարգին"", ""Armenia Humor"", ""haykakan humor"", ""Armenian jokes"", ""HD"", ""humor"", ""Հումոր"", ""Kargin haxordum HD"", ""Kargin Haghordum HD"", ""Hayko Mko Kargin Haxordum"", ""jokes""]",,,,False,,,,"Կարգին Հաղորդում  
Hayko Mko Armenian Humor 
Հայկո Մկո Հայկական Հումոր",youtube,False,{},{},False,True,True,processed,hd,2d,rectangular,none,,0,api,2026-08-01T13:53:36+00:00,
vZqFt9ZIW4w,https://www.youtube.com/watch?v=vZqFt9ZIW4w,https://www.youtube.com/watch?v=vZqFt9ZIW4w&list=PLDDuEZQEC_uAuSrUXsFVBLNkPQY3BHzLQ&index=137&t=0s,Kargin Haghordum sketch 536 (Hayko Mko),KarginTV,UCEHF-l2v0qhi_IXzrfc3uZg,185,20121228,1443106,8723,,94.0,public,hy,"[""24""]","[""Kargin Haghordum"", ""Kargin haxordum"", ""Կարգին Հաղորդում"", ""Hayko Mko"", ""Armenian Humor"", ""Հայկո Մկո"", ""Հայկական Հումոր"", ""Hayko"", ""Mko"", ""Հյկո"", ""Մկո"", ""Kargin"", ""Կարգին"", ""Armenia Humor"", ""haykakan humor"", ""Armenian jokes"", ""HD"", ""humor"", ""Հումոր"", ""Kargin haxordum HD"", ""Kargin Haghordum HD"", ""Hayko Mko Kargin Haxordum"", ""jokes""]",,,,False,,,,"Կարգին Հաղորդում  
Hayko Mko Armenian Humor 
Հայկո Մկո Հայկական Հումոր",youtube,True,{},{},False,True,True,processed,hd,2d,rectangular,none,,0,api,2026-08-01T13:53:36+00:00,
lw4-Qv8kdL4,https://www.youtube.com/watch?v=lw4-Qv8kdL4,https://www.youtube.com/watch?v=lw4-Qv8kdL4&list=PLDDuEZQEC_uAuSrUXsFVBLNkPQY3BHzLQ&index=138&t=0s,Kargin Haghordum sketch 537 (Hayko Mko),KarginTV,UCEHF-l2v0qhi_IXzrfc3uZg,168,20121228,327425,1887,,20.0,public,hy,"[""24""]","[""Kargin Haghordum"", ""Kargin haxordum"", ""Կարգին Հաղորդում"", ""Hayko Mko"", ""Armenian Humor"", ""Հայկո Մկո"", ""Հայկական Հումոր"", ""Hayko"", ""Mko"", ""Հյկո"", ""Մկո"", ""Kargin"", ""Կարգին"", ""Armenia Humor"", ""haykakan humor"", ""Armenian jokes"", ""HD"", ""humor"", ""Հումոր"", ""Kargin haxordum HD"", ""Kargin Haghordum HD"", ""Hayko Mko Kargin Haxordum"", ""jokes""]",,,,False,,,,"Կարգին Հաղորդում  
Hayko Mko Armenian Humor 
Հայկո Մկո Հայկական Հումոր",youtube,True,{},{},False,True,True,processed,hd,2d,rectangular,none,,0,api,2026-08-01T13:53:36+00:00,
1e06wVK_It0,https://www.youtube.com/watch?v=1e06wVK_It0,https://www.youtube.com/watch?v=1e06wVK_It0&list=PLDDuEZQEC_uAuSrUXsFVBLNkPQY3BHzLQ&index=139&t=0s,Kargin Haghordum sketch 538 (Hayko Mko),KarginTV,UCEHF-l2v0qhi_IXzrfc3uZg,160,20121228,980739,4845,,94.0,public,hy,"[""24""]","[""Kargin Haghordum"", ""Kargin haxordum"", ""Կարգին Հաղորդում"", ""Hayko Mko"", ""Armenian Humor"", ""Հայկո Մկո"", ""Հայկական Հումոր"", ""Hayko"", ""Mko"", ""Հյկո"", ""Մկո"", ""Kargin"", ""Կարգին"", ""Armenia Humor"", ""haykakan humor"", ""Armenian jokes"", ""HD"", ""humor"", ""Հումոր"", ""Kargin haxordum HD"", ""Kargin Haghordum HD"", ""Hayko Mko Kargin Haxordum"", ""jokes""]",,,,False,,,,"Կարգին Հաղորդում  
Hayko Mko Armenian Humor 
Հայկո Մկո Հայկական Հումոր",youtube,True,{},{},False,True,True,processed,hd,2d,rectangular,none,,0,api,2026-08-01T13:53:36+00:00,
tI8nk1ggm-k,https://www.youtube.com/watch?v=tI8nk1ggm-k,https://www.youtube.com/watch?v=tI8nk1ggm-k&list=PLDDuEZQEC_uAuSrUXsFVBLNkPQY3BHzLQ&index=140&t=0s,Kargin Haghordum sketch 539 (Hayko Mko),KarginTV,UCEHF-l2v0qhi_IXzrfc3uZg,125,20121228,821693,4946,,78.0,public,hy,"[""24""]","[""Kargin Haghordum"", ""Kargin haxordum"", ""Կարգին Հաղորդում"", ""Hayko Mko"", ""Armenian Humor"", ""Հայկո Մկո"", ""Հայկական Հումոր"", ""Hayko"", ""Mko"", ""Հյկո"", ""Մկո"", ""Kargin"", ""Կարգին"", ""Armenia Humor"", ""haykakan humor"", ""Armenian jokes"", ""HD"", ""humor"", ""Հումոր"", ""Kargin haxordum HD"", ""Kargin Haghordum HD"", ""Hayko Mko Kargin Haxordum"", ""jokes""]",,,,False,,,,"Կարգին Հաղորդում  
Hayko Mko Armenian Humor 
Հայկո Մկո Հայկական Հումոր",youtube,True,{},{},False,True,True,processed,hd,2d,rectangular,none,,0,api,2026-08-01T13:53:36+00:00,
8r_Q9kcZ3SA,https://www.youtube.com/watch?v=8r_Q9kcZ3SA,https://www.youtube.com/watch?v=8r_Q9kcZ3SA&list=PLDDuEZQEC_uAuSrUXsFVBLNkPQY3BHzLQ&index=141&t=0s,Kargin Haghordum sketch 540 (Hayko Mko),KarginTV,UCEHF-l2v0qhi_IXzrfc3uZg,87,20121228,294412,1252,,7.0,public,hy,"[""24""]","[""Kargin Haghordum"", ""Kargin haxordum"", ""Կարգին Հաղորդում"", ""Hayko Mko"", ""Armenian Humor"", ""Հայկո Մկո"", ""Հայկական Հումոր"", ""Hayko"", ""Mko"", ""Հյկո"", ""Մկո"", ""Kargin"", ""Կարգին"", ""Armenia Humor"", ""haykakan humor"", ""Armenian jokes"", ""HD"", ""humor"", ""Հումոր"", ""Kargin haxordum HD"", ""Kargin Haghordum HD"", ""Hayko Mko Kargin Haxordum"", ""jokes""]",,,,False,,,,"Կարգին Հաղորդում  
Hayko Mko Armenian Humor 
Հայկո Մկո Հայկական Հումոր",youtube,False,{},{},False,True,True,processed,hd,2d,rectangular,none,,0,api,2026-08-01T13:53:36+00:00,
tthDPL4z8kw,https://www.youtube.com/watch?v=tthDPL4z8kw,https://www.youtube.com/watch?v=tthDPL4z8kw&list=PLDDuEZQEC_uDcYhabzxMCFCs3vGGSGVX4&index=185&t=0s,Kargin Haghordum - Sirekanner (Hayko Mko),KarginTV,UCEHF-l2v0qhi_IXzrfc3uZg,100,20121228,646361,2107,,25.0,public,hy,"[""24""]","[""Kargin Haghordum"", ""Kargin haxordum"", ""Կարգին Հաղորդում"", ""Hayko Mko"", ""Armenian Humor"", ""Հայկո Մկո"", ""Հայկական Հումոր"", ""Hayko"", ""Mko"", ""Հյկո"", ""Մկո"", ""Kargin"", ""Կարգին"", ""Armenia Humor"", ""haykakan humor"", ""Armenian jokes"", ""HD"", ""humor"", ""Հումոր"", ""Kargin haxordum HD"", ""Kargin Haghordum HD"", ""Hayko Mko Kargin Haxordum"", ""jokes""]",,,,False,,,,"Կարգին Հաղորդում  
Hayko Mko Armenian Humor 
Հայկո Մկո Հայկական Հումոր",youtube,True,{},{},False,True,True,processed,hd,2d,rectangular,none,,0,api,2026-08-01T13:53:36+00:00,
C9Y8rmQIsU8,https://www.youtube.com/watch?v=C9Y8rmQIsU8,https://www.youtube.com/watch?v=C9Y8rmQIsU8&list=PLDDuEZQEC_uDcYhabzxMCFCs3vGGSGVX4&index=186&t=0s,Kargin Haghordum - Gyozen dnum (Hayko Mko),KarginTV,UCEHF-l2v0qhi_IXzrfc3uZg,292,20121228,609278,3153,,93.0,public,hy,"[""24""]","[""Kargin Haghordum"", ""Kargin haxordum"", ""Կարգին Հաղորդում"", ""Hayko Mko"", ""Armenian Humor"", ""Հայկո Մկո"", ""Հայկական Հումոր"", ""Hayko"", ""Mko"", ""Հյկո"", ""Մկո"", ""Kargin"", ""Կարգին"", ""Armenia Humor"", ""haykakan humor"", ""Armenian jokes"", ""HD"", ""humor"", ""Հումոր"", ""Kargin haxordum HD"", ""Kargin Haghordum HD"", ""Hayko Mko Kargin Haxordum"", ""jokes""]",,,,False,,,,"Կարգին Հաղորդում  
Hayko Mko Armenian Humor 
Հայկո Մկո Հայկական Հումոր",youtube,False,{},{},False,True,True,processed,hd,2d,rectangular,none,,0,api,2026-08-01T13:53:36+00:00,
alABhSPvMtU,https://www.youtube.com/watch?v=alABhSPvMtU,https://www.youtube.com/watch?v=alABhSPvMtU&list=PLDDuEZQEC_uDcYhabzxMCFCs3vGGSGVX4&index=187&t=0s,Kargin Haghordum sketch 386 (Hayko Mko),KarginTV,UCEHF-l2v0qhi_IXzrfc3uZg,122,20121228,760122,3279,,49.0,public,hy,"[""24""]","[""Kargin Haghordum"", ""Kargin haxordum"", ""Կարգին Հաղորդում"", ""Hayko Mko"", ""Armenian Humor"", ""Հայկո Մկո"", ""Հայկական Հումոր"", ""Hayko"", ""Mko"", ""Հյկո"", ""Մկո"", ""Kargin"", ""Կարգին"", ""Armenia Humor"", ""haykakan humor"", ""Armenian jokes"", ""HD"", ""humor"", ""Հումոր"", ""Kargin haxordum HD"", ""Kargin Haghordum HD"", ""Hayko Mko Kargin Haxordum"", ""jokes""]",,,,False,,,,"Կարգին Հաղորդում  
Hayko Mko Armenian Humor 
Հայկո Մկո Հայկական Հումոր",youtube,True,{},{},False,True,True,processed,hd,2d,rectangular,none,,0,api,2026-08-01T13:53:36+00:00,
MQ3EYYJk3tA,https://www.youtube.com/watch?v=MQ3EYYJk3tA,https://www.youtube.com/watch?v=MQ3EYYJk3tA&list=PLDDuEZQEC_uDcYhabzxMCFCs3vGGSGVX4&index=188&t=0s,Kargin Haghordum sketch 387 (Hayko Mko),KarginTV,UCEHF-l2v0qhi_IXzrfc3uZg,194,20121228,221388,1589,,39.0,public,hy,"[""24""]","[""Kargin Haghordum"", ""Kargin haxordum"", ""Կարգին Հաղորդում"", ""Hayko Mko"", ""Armenian Humor"", ""Հայկո Մկո"", ""Հայկական Հումոր"", ""Hayko"", ""Mko"", ""Հյկո"", ""Մկո"", ""Kargin"", ""Կարգին"", ""Armenia Humor"", ""haykakan humor"", ""Armenian jokes"", ""HD"", ""humor"", ""Հումոր"", ""Kargin haxordum HD"", ""Kargin Haghordum HD"", ""Hayko Mko Kargin Haxordum"", ""jokes""]",,,,False,,,,"Կարգին Հաղորդում  
Hayko Mko Armenian Humor 
Հայկո Մկո Հայկական Հումոր",youtube,False,{},{},False,True,True,processed,hd,2d,rectangular,none,,0,api,2026-08-01T13:53:36+00:00,
9nbEy4CLxHs,https://www.youtube.com/watch?v=9nbEy4CLxHs,https://www.youtube.com/watch?v=9nbEy4CLxHs&list=PLDDuEZQEC_uDcYhabzxMCFCs3vGGSGVX4&index=189&t=0s,Kargin Haghordum sketch 388 (Hayko Mko),KarginTV,UCEHF-l2v0qhi_IXzrfc3uZg,72,20121228,475362,3110,,21.0,public,hy,"[""24""]","[""Kargin Haghordum"", ""Kargin haxordum"", ""Կարգին Հաղորդում"", ""Hayko Mko"", ""Armenian Humor"", ""Հայկո Մկո"", ""Հայկական Հումոր"", ""Hayko"", ""Mko"", ""Հյկո"", ""Մկո"", ""Kargin"", ""Կարգին"", ""Armenia Humor"", ""haykakan humor"", ""Armenian jokes"", ""HD"", ""humor"", ""Հումոր"", ""Kargin haxordum HD"", ""Kargin Haghordum HD"", ""Hayko Mko Kargin Haxordum"", ""jokes""]",,,,False,,,,"Կարգին Հաղորդում  
Hayko Mko Armenian Humor 
Հայկո Մկո Հայկական Հումոր",youtube,True,{},{},False,True,True,processed,hd,2d,rectangular,none,,0,api,2026-08-01T13:53:36+00:00,
f6VD3ITakLc,https://www.youtube.com/watch?v=f6VD3ITakLc,https://www.youtube.com/watch?v=f6VD3ITakLc&list=PLDDuEZQEC_uDcYhabzxMCFCs3vGGSGVX4&index=190&t=0s,Kargin Haghordum sketch 389 (Hayko Mko),KarginTV,UCEHF-l2v0qhi_IXzrfc3uZg,313,20121228,896752,4889,,105.0,public,hy,"[""24""]","[""Kargin Haghordum"", ""Kargin haxordum"", ""Կարգին Հաղորդում"", ""Hayko Mko"", ""Armenian Humor"", ""Հայկո Մկո"", ""Հայկական Հումոր"", ""Hayko"", ""Mko"", ""Հյկո"", ""Մկո"", ""Kargin"", ""Կարգին"", ""Armenia Humor"", ""haykakan humor"", ""Armenian jokes"", ""HD"", ""humor"", ""Հումոր"", ""Kargin haxordum HD"", ""Kargin Haghordum HD"", ""Hayko Mko Kargin Haxordum"", ""jokes""]",,,,False,,,,"Կարգին Հաղորդում  
Hayko Mko Armenian Humor 
Հայկո Մկո Հայկական Հումոր",youtube,False,{},{},False,True,True,processed,hd,2d,rectangular,none,,0,api,2026-08-01T13:53:36+00:00,
744KvMTjI8o,https://www.youtube.com/watch?v=744KvMTjI8o,https://www.youtube.com/watch?v=744KvMTjI8o&list=PLDDuEZQEC_uDcYhabzxMCFCs3vGGSGVX4&index=191&t=0s,Kargin Haghordum sketch 390 (Hayko Mko),KarginTV,UCEHF-l2v0qhi_IXzrfc3uZg,192,20121228,779640,2964,,42.0,public,hy,"[""24""]","[""Kargin Haghordum"", ""Kargin haxordum"", ""Կարգին Հաղորդում"", ""Hayko Mko"", ""Armenian Humor"", ""Հայկո Մկո"", ""Հայկական Հումոր"", ""Hayko"", ""Mko"", ""Հյկո"", ""Մկո"", ""Kargin"", ""Կարգին"", ""Armenia Humor"", ""haykakan humor"", ""Armenian jokes"", ""HD"", ""humor"", ""Հումոր"", ""Kargin haxordum HD"", ""Kargin Haghordum HD"", ""Hayko Mko Kargin Haxordum"", ""jokes""]",,,,False,,,,"Կարգին Հաղորդում  
Hayko Mko Armenian Humor 
Հայկո Մկո Հայկական Հումոր",youtube,True,{},{},False,True,True,processed,hd,2d,rectangular,none,,0,api,2026-08-01T13:53:36+00:00,
5h24tyLhaG4,https://www.youtube.com/watch?v=5h24tyLhaG4,https://www.youtube.com/watch?v=5h24tyLhaG4&list=PLDDuEZQEC_uDcYhabzxMCFCs3vGGSGVX4&index=192&t=0s,Kargin Haghordum sketch 391 (Hayko Mko),KarginTV,UCEHF-l2v0qhi_IXzrfc3uZg,148,20121228,1134171,3540,,57.0,public,hy,"[""24""]","[""Kargin Haghordum"", ""Kargin haxordum"", ""Կարգին Հաղորդում"", ""Hayko Mko"", ""Armenian Humor"", ""Հայկո Մկո"", ""Հայկական Հումոր"", ""Hayko"", ""Mko"", ""Հյկո"", ""Մկո"", ""Kargin"", ""Կարգին"", ""Armenia Humor"", ""haykakan humor"", ""Armenian jokes"", ""HD"", ""humor"", ""Հումոր"", ""Kargin haxordum HD"", ""Kargin Haghordum HD"", ""Hayko Mko Kargin Haxordum"", ""jokes""]",,,,False,,,,"Կարգին Հաղորդում  
Hayko Mko Armenian Humor 
Հայկո Մկո Հայկական Հումոր",youtube,True,{},{},False,True,True,processed,hd,2d,rectangular,none,,0,api,2026-08-01T13:53:36+00:00,
xUCWdI0_CHo,https://www.youtube.com/watch?v=xUCWdI0_CHo,https://www.youtube.com/watch?v=xUCWdI0_CHo&list=PLDDuEZQEC_uDcYhabzxMCFCs3vGGSGVX4&index=193&t=0s,Kargin Haghordum sketch 392 (Hayko Mko),KarginTV,UCEHF-l2v0qhi_IXzrfc3uZg,111,20121228,329266,2012,,38.0,public,hy,"[""24""]","[""Kargin Haghordum"", ""Kargin haxordum"", ""Կարգին Հաղորդում"", ""Hayko Mko"", ""Armenian Humor"", ""Հայկո Մկո"", ""Հայկական Հումոր"", ""Hayko"", ""Mko"", ""Հյկո"", ""Մկո"", ""Kargin"", ""Կարգին"", ""Armenia Humor"", ""haykakan humor"", ""Armenian jokes"", ""HD"", ""humor"", ""Հումոր"", ""Kargin haxordum HD"", ""Kargin Haghordum HD"", ""Hayko Mko Kargin Haxordum"", ""jokes""]",,,,False,,,,"Կարգին Հաղորդում  
Hayko Mko Armenian Humor 
Հայկո Մկո Հայկական Հումոր",youtube,False,{},{},False,True,True,processed,hd,2d,rectangular,none,,0,api,2026-08-01T13:53:36+00:00,
HEcSGn_soZw,https://www.youtube.com/watch?v=HEcSGn_soZw,https://www.youtube.com/watch?v=HEcSGn_soZw&list=PLDDuEZQEC_uDcYhabzxMCFCs3vGGSGVX4&index=194&t=0s,Kargin Haghordum sketch 393 (Hayko Mko),KarginTV,UCEHF-l2v0qhi_IXzrfc3uZg,110,20121228,204218,1234,,8.0,public,hy,"[""24""]","[""Kargin Haghordum"", ""Kargin haxordum"", ""Կարգին Հաղորդում"", ""Hayko Mko"", ""Armenian Humor"", ""Հայկո Մկո"", ""Հայկական Հումոր"", ""Hayko"", ""Mko"", ""Հյկո"", ""Մկո"", ""Kargin"", ""Կարգին"", ""Armenia Humor"", ""haykakan humor"", ""Armenian jokes"", ""HD"", ""humor"", ""Հումոր"", ""Kargin haxordum HD"", ""Kargin Haghordum HD"", ""Hayko Mko Kargin Haxordum"", ""jokes""]",,,,False,,,,"Կարգին Հաղորդում  
Hayko Mko Armenian Humor 
Հայկո Մկո Հայկական Հումոր",youtube,True,{},{},False,True,True,processed,hd,2d,rectangular,none,,0,api,2026-08-01T13:53:37+00:00,
zruwk12QBHk,https://www.youtube.com/watch?v=zruwk12QBHk,https://www.youtube.com/watch?v=zruwk12QBHk&list=PLDDuEZQEC_uDcYhabzxMCFCs3vGGSGVX4&index=195&t=0s,Kargin Haghordum sketch 394 (Hayko Mko),KarginTV,UCEHF-l2v0qhi_IXzrfc3uZg,107,20121228,1351022,4542,,94.0,public,hy,"[""24""]","[""Kargin Haghordum"", ""Kargin haxordum"", ""Կարգին Հաղորդում"", ""Hayko Mko"", ""Armenian Humor"", ""Հայկո Մկո"", ""Հայկական Հումոր"", ""Hayko"", ""Mko"", ""Հյկո"", ""Մկո"", ""Kargin"", ""Կարգին"", ""Armenia Humor"", ""haykakan humor"", ""Armenian jokes"", ""HD"", ""humor"", ""Հումոր"", ""Kargin haxordum HD"", ""Kargin Haghordum HD"", ""Hayko Mko Kargin Haxordum"", ""jokes""]",,,,False,,,,"Կարգին Հաղորդում  
Hayko Mko Armenian Humor 
Հայկո Մկո Հայկական Հումոր",youtube,True,{},{},False,True,True,processed,hd,2d,rectangular,none,,0,api,2026-08-01T13:53:37+00:00,
I7OQpkJuUng,https://www.youtube.com/watch?v=I7OQpkJuUng,https://www.youtube.com/watch?v=I7OQpkJuUng&list=PLDDuEZQEC_uDcYhabzxMCFCs3vGGSGVX4&index=196&t=0s,Kargin Haghordum - Mards Tupoya (Hayko Mko),KarginTV,UCEHF-l2v0qhi_IXzrfc3uZg,65,20121228,913726,3699,,56.0,public,hy,"[""24""]","[""Kargin Haghordum"", ""Kargin haxordum"", ""Կարգին Հաղորդում"", ""Hayko Mko"", ""Armenian Humor"", ""Հայկո Մկո"", ""Հայկական Հումոր"", ""Hayko"", ""Mko"", ""Հյկո"", ""Մկո"", ""Kargin"", ""Կարգին"", ""Armenia Humor"", ""haykakan humor"", ""Armenian jokes"", ""HD"", ""humor"", ""Հումոր"", ""Kargin haxordum HD"", ""Kargin Haghordum HD"", ""Hayko Mko Kargin Haxordum"", ""jokes""]",,,,False,,,,"Կարգին Հաղորդում  
Hayko Mko Armenian Humor 
Հայկո Մկո Հայկական Հումոր",youtube,True,{},{},False,True,True,processed,hd,2d,rectangular,none,,0,api,2026-08-01T13:53:37+00:00,
50l5B5sOBns,https://www.youtube.com/watch?v=50l5B5sOBns,https://www.youtube.com/watch?v=50l5B5sOBns&list=PLDDuEZQEC_uDcYhabzxMCFCs3vGGSGVX4&index=197&t=0s,Kargin Haghordum - Marshrutkum (Hayko Mko),KarginTV,UCEHF-l2v0qhi_IXzrfc3uZg,99,20121228,683145,2556,,43.0,public,hy,"[""24""]","[""Kargin Haghordum"", ""Kargin haxordum"", ""Կարգին Հաղորդում"", ""Hayko Mko"", ""Armenian Humor"", ""Հայկո Մկո"", ""Հայկական Հումոր"", ""Hayko"", ""Mko"", ""Հյկո"", ""Մկո"", ""Kargin"", ""Կարգին"", ""Armenia Humor"", ""haykakan humor"", ""Armenian jokes"", ""HD"", ""humor"", ""Հումոր"", ""Kargin haxordum HD"", ""Kargin Haghordum HD"", ""Hayko Mko Kargin Haxordum"", ""jokes""]",,,,False,,,,"Կարգին Հաղորդում  
Hayko Mko Armenian Humor 
Հայկո Մկո Հայկական Հումոր",youtube,True,{},{},False,True,True,processed,hd,2d,rectangular,none,,0,api,2026-08-01T13:53:37+00:00,
fRoXRjGUAMI,https://www.youtube.com/watch?v=fRoXRjGUAMI,https://www.youtube.com/watch?v=fRoXRjGUAMI&list=PLDDuEZQEC_uDcYhabzxMCFCs3vGGSGVX4&index=198&t=0s,Kargin Haghordum - Marshrutnu shoferner (Hayko Mko),KarginTV,UCEHF-l2v0qhi_IXzrfc3uZg,292,20121228,444802,2808,,58.0,public,hy,"[""24""]","[""Kargin Haghordum"", ""Kargin haxordum"", ""Կարգին Հաղորդում"", ""Hayko Mko"", ""Armenian Humor"", ""Հայկո Մկո"", ""Հայկական Հումոր"", ""Hayko"", ""Mko"", ""Հյկո"", ""Մկո"", ""Kargin"", ""Կարգին"", ""Armenia Humor"", ""haykakan humor"", ""Armenian jokes"", ""HD"", ""humor"", ""Հումոր"", ""Kargin haxordum HD"", ""Kargin Haghordum HD"", ""Hayko Mko Kargin Haxordum"", ""jokes""]",,,,False,,,,"Կարգին Հաղորդում  
Hayko Mko Armenian Humor 
Հայկո Մկո Հայկական Հումոր",youtube,False,{},{},False,True,True,processed,hd,2d,rectangular,none,,0,api,2026-08-01T13:53:37+00:00,
PI6koCSkYTA,https://www.youtube.com/watch?v=PI6koCSkYTA,https://www.youtube.com/watch?v=PI6koCSkYTA&list=PLDDuEZQEC_uDcYhabzxMCFCs3vGGSGVX4&index=199&t=0s,Kargin Haghordum sketch 398 (Hayko Mko),KarginTV,UCEHF-l2v0qhi_IXzrfc3uZg,169,20121228,887537,4136,,110.0,public,hy,"[""24""]","[""Kargin Haghordum"", ""Kargin haxordum"", ""Կարգին Հաղորդում"", ""Hayko Mko"", ""Armenian Humor"", ""Հայկո Մկո"", ""Հայկական Հումոր"", ""Hayko"", ""Mko"", ""Հյկո"", ""Մկո"", ""Kargin"", ""Կարգին"", ""Armenia Humor"", ""haykakan humor"", ""Armenian jokes"", ""HD"", ""humor"", ""Հումոր"", ""Kargin haxordum HD"", ""Kargin Haghordum HD"", ""Hayko Mko Kargin Haxordum"", ""jokes""]",,,,False,,,,"Կարգին Հաղորդում  
Hayko Mko Armenian Humor 
Հայկո Մկո Հայկական Հումոր",youtube,True,{},{},False,True,True,processed,hd,2d,rectangular,none,,0,api,2026-08-01T13:53:37+00:00,
zyqWBVzMpFw,https://www.youtube.com/watch?v=zyqWBVzMpFw,https://www.youtube.com/watch?v=zyqWBVzMpFw&list=PLDDuEZQEC_uDcYhabzxMCFCs3vGGSGVX4&index=200&t=0s,Kargin Haghordum sketch 399 (Hayko Mko),KarginTV,UCEHF-l2v0qhi_IXzrfc3uZg,189,20121228,370963,2723,,51.0,public,hy,"[""24""]","[""Kargin Haghordum"", ""Kargin haxordum"", ""Կարգին Հաղորդում"", ""Hayko Mko"", ""Armenian Humor"", ""Հայկո Մկո"", ""Հայկական Հումոր"", ""Hayko"", ""Mko"", ""Հյկո"", ""Մկո"", ""Kargin"", ""Կարգին"", ""Armenia Humor"", ""haykakan humor"", ""Armenian jokes"", ""HD"", ""humor"", ""Հումոր"", ""Kargin haxordum HD"", ""Kargin Haghordum HD"", ""Hayko Mko Kargin Haxordum"", ""jokes""]",,,,False,,,,"Կարգին Հաղորդում  
Hayko Mko Armenian Humor 
Հայկո Մկո Հայկական Հումոր",youtube,True,{},{},False,True,True,processed,hd,2d,rectangular,none,,0,api,2026-08-01T13:53:37+00:00,
VukZlFRCEEE,https://www.youtube.com/watch?v=VukZlFRCEEE,https://www.youtube.com/watch?v=VukZlFRCEEE&list=PLDDuEZQEC_uDcYhabzxMCFCs3vGGSGVX4&index=201&t=0s,Kargin Haghordum sketch 400 (Hayko Mko),KarginTV,UCEHF-l2v0qhi_IXzrfc3uZg,116,20121228,860960,3561,,67.0,public,hy,"[""24""]","[""Kargin Haghordum"", ""Kargin haxordum"", ""Կարգին Հաղորդում"", ""Hayko Mko"", ""Armenian Humor"", ""Հայկո Մկո"", ""Հայկական Հումոր"", ""Hayko"", ""Mko"", ""Հյկո"", ""Մկո"", ""Kargin"", ""Կարգին"", ""Armenia Humor"", ""haykakan humor"", ""Armenian jokes"", ""HD"", ""humor"", ""Հումոր"", ""Kargin haxordum HD"", ""Kargin Haghordum HD"", ""Hayko Mko Kargin Haxordum"", ""jokes""]",,,,False,,,,"Կարգին Հաղորդում  
Hayko Mko Armenian Humor 
Հայկո Մկո Հայկական Հումոր",youtube,True,{},{},False,True,True,processed,hd,2d,rectangular,none,,0,api,2026-08-01T13:53:37+00:00,
6Yi4XMBeuRA,https://www.youtube.com/watch?v=6Yi4XMBeuRA,https://www.youtube.com/watch?v=6Yi4XMBeuRA&list=PLDDuEZQEC_uDcYhabzxMCFCs3vGGSGVX4&index=104&t=0s,Kargin Haghordum - Karmir glxark (Hayko Mko),KarginTV,UCEHF-l2v0qhi_IXzrfc3uZg,178,20121228,1409930,3437,,76.0,public,hy,"[""24""]","[""Kargin Haghordum"", ""Kargin haxordum"", ""Կարգին Հաղորդում"", ""Hayko Mko"", ""Armenian Humor"", ""Հայկո Մկո"", ""Հայկական Հումոր"", ""Hayko"", ""Mko"", ""Հյկո"", ""Մկո"", ""Kargin"", ""Կարգին"", ""Armenia Humor"", ""haykakan humor"", ""Armenian jokes"", ""HD"", ""humor"", ""Հումոր"", ""Kargin haxordum HD"", ""Kargin Haghordum HD"", ""Hayko Mko Kargin Haxordum"", ""jokes""]",,,,False,,,,"Կարգին Հաղորդում  
Hayko Mko Armenian Humor 
Հայկո Մկո Հայկական Հումոր",youtube,True,{},{},False,True,True,processed,hd,2d,rectangular,none,,0,api,2026-08-01T13:53:38+00:00,
KUfco-tCJyk,https://www.youtube.com/watch?v=KUfco-tCJyk,https://www.youtube.com/watch?v=KUfco-tCJyk&list=PLDDuEZQEC_uDcYhabzxMCFCs3vGGSGVX4&index=105&t=0s,Kargin Haghordum sketch 304 (Hayko Mko),KarginTV,UCEHF-l2v0qhi_IXzrfc3uZg,159,20121228,2816225,9993,,300.0,public,hy,"[""24""]","[""Kargin Haghordum"", ""Kargin haxordum"", ""Կարգին Հաղորդում"", ""Hayko Mko"", ""Armenian Humor"", ""Հայկո Մկո"", ""Հայկական Հումոր"", ""Hayko"", ""Mko"", ""Հյկո"", ""Մկո"", ""Kargin"", ""Կարգին"", ""Armenia Humor"", ""haykakan humor"", ""Armenian jokes"", ""HD"", ""humor"", ""Հումոր"", ""Kargin haxordum HD"", ""Kargin Haghordum HD"", ""Hayko Mko Kargin Haxordum"", ""jokes""]",,,,False,,,,"Կարգին Հաղորդում  
Hayko Mko Armenian Humor 
Հայկո Մկո Հայկական Հումոր",youtube,True,{},{},False,True,True,processed,hd,2d,rectangular,none,,0,api,2026-08-01T13:53:38+00:00,
KgVLvXPW-cA,https://www.youtube.com/watch?v=KgVLvXPW-cA,https://www.youtube.com/watch?v=KgVLvXPW-cA&list=PLDDuEZQEC_uDcYhabzxMCFCs3vGGSGVX4&index=106&t=0s,Kargin Haghordum sketch 305 (Hayko Mko),KarginTV,UCEHF-l2v0qhi_IXzrfc3uZg,200,20121228,474306,2827,,36.0,public,hy,"[""24""]","[""Kargin Haghordum"", ""Kargin haxordum"", ""Կարգին Հաղորդում"", ""Hayko Mko"", ""Armenian Humor"", ""Հայկո Մկո"", ""Հայկական Հումոր"", ""Hayko"", ""Mko"", ""Հյկո"", ""Մկո"", ""Kargin"", ""Կարգին"", ""Armenia Humor"", ""haykakan humor"", ""Armenian jokes"", ""HD"", ""humor"", ""Հումոր"", ""Kargin haxordum HD"", ""Kargin Haghordum HD"", ""Hayko Mko Kargin Haxordum"", ""jokes""]",,,,False,,,,"Կարգին Հաղորդում  
Hayko Mko Armenian Humor 
Հայկո Մկո Հայկական Հումոր",youtube,False,{},{},False,True,True,processed,hd,2d,rectangular,none,,0,api,2026-08-01T13:53:38+00:00,
oSqEEu5m-iE,https://www.youtube.com/watch?v=oSqEEu5m-iE,https://www.youtube.com/watch?v=oSqEEu5m-iE&list=PLDDuEZQEC_uDcYhabzxMCFCs3vGGSGVX4&index=107&t=0s,Kargin Haghordum - Txamard em uzum (Hayko Mko),KarginTV,UCEHF-l2v0qhi_IXzrfc3uZg,84,20121228,689596,2722,,47.0,public,hy,"[""24""]","[""Kargin Haghordum"", ""Kargin haxordum"", ""Կարգին Հաղորդում"", ""Hayko Mko"", ""Armenian Humor"", ""Հայկո Մկո"", ""Հայկական Հումոր"", ""Hayko"", ""Mko"", ""Հյկո"", ""Մկո"", ""Kargin"", ""Կարգին"", ""Armenia Humor"", ""haykakan humor"", ""Armenian jokes"", ""HD"", ""humor"", ""Հումոր"", ""Kargin haxordum HD"", ""Kargin Haghordum HD"", ""Hayko Mko Kargin Haxordum"", ""jokes""]",,,,False,,,,"Կարգին Հաղորդում  
Hayko Mko Armenian Humor 
Հայկո Մկո Հայկական Հումոր",youtube,True,{},{},False,True,True,processed,hd,2d,rectangular,none,,0,api,2026-08-01T13:53:38+00:00,
yBuDm4QWeP0,https://www.youtube.com/watch?v=yBuDm4QWeP0,https://www.youtube.com/watch?v=yBuDm4QWeP0&list=PLDDuEZQEC_uDcYhabzxMCFCs3vGGSGVX4&index=108&t=0s,Kargin Haghordum sketch 307 (Hayko Mko),KarginTV,UCEHF-l2v0qhi_IXzrfc3uZg,150,20121228,582829,2808,,48.0,public,hy,"[""24""]","[""Kargin Haghordum"", ""Kargin haxordum"", ""Կարգին Հաղորդում"", ""Hayko Mko"", ""Armenian Humor"", ""Հայկո Մկո"", ""Հայկական Հումոր"", ""Hayko"", ""Mko"", ""Հյկո"", ""Մկո"", ""Kargin"", ""Կարգին"", ""Armenia Humor"", ""haykakan humor"", ""Armenian jokes"", ""HD"", ""humor"", ""Հումոր"", ""Kargin haxordum HD"", ""Kargin Haghordum HD"", ""Hayko Mko Kargin Haxordum"", ""jokes""]",,,,False,,,,"Կարգին Հաղորդում  
Hayko Mko Armenian Humor 
Հայկո Մկո Հայկական Հումոր",youtube,True,{},{},False,True,True,processed,hd,2d,rectangular,none,,0,api,2026-08-01T13:53:38+00:00,
jJg5UCxtdO4,https://www.youtube.com/watch?v=jJg5UCxtdO4,https://www.youtube.com/watch?v=jJg5UCxtdO4&list=PLDDuEZQEC_uDcYhabzxMCFCs3vGGSGVX4&index=109&t=0s,Kargin Haghordum sketch 308 (Hayko Mko),KarginTV,UCEHF-l2v0qhi_IXzrfc3uZg,204,20121228,663655,5148,,83.0,public,hy,"[""24""]","[""Kargin Haghordum"", ""Kargin haxordum"", ""Կարգին Հաղորդում"", ""Hayko Mko"", ""Armenian Humor"", ""Հայկո Մկո"", ""Հայկական Հումոր"", ""Hayko"", ""Mko"", ""Հյկո"", ""Մկո"", ""Kargin"", ""Կարգին"", ""Armenia Humor"", ""haykakan humor"", ""Armenian jokes"", ""HD"", ""humor"", ""Հումոր"", ""Kargin haxordum HD"", ""Kargin Haghordum HD"", ""Hayko Mko Kargin Haxordum"", ""jokes""]",,,,False,,,,"Կարգին Հաղորդում  
Hayko Mko Armenian Humor 
Հայկո Մկո Հայկական Հումոր",youtube,True,{},{},False,True,True,processed,hd,2d,rectangular,none,,0,api,2026-08-01T13:53:38+00:00,
_8-xNJcHBXY,https://www.youtube.com/watch?v=_8-xNJcHBXY,https://www.youtube.com/watch?v=_8-xNJcHBXY&list=PLDDuEZQEC_uDcYhabzxMCFCs3vGGSGVX4&index=110&t=0s,Kargin Haghordum sketch 309 (Hayko Mko),KarginTV,UCEHF-l2v0qhi_IXzrfc3uZg,221,20121228,968526,6310,,224.0,public,hy,"[""24""]","[""Kargin Haghordum"", ""Kargin haxordum"", ""Կարգին Հաղորդում"", ""Hayko Mko"", ""Armenian Humor"", ""Հայկո Մկո"", ""Հայկական Հումոր"", ""Hayko"", ""Mko"", ""Հյկո"", ""Մկո"", ""Kargin"", ""Կարգին"", ""Armenia Humor"", ""haykakan humor"", ""Armenian jokes"", ""HD"", ""humor"", ""Հումոր"", ""Kargin haxordum HD"", ""Kargin Haghordum HD"", ""Hayko Mko Kargin Haxordum"", ""jokes""]",,,,False,,,,"Կարգին Հաղորդում  
Hayko Mko Armenian Humor 
Հայկո Մկո Հայկական Հումոր",youtube,True,{},{},False,True,True,processed,hd,2d,rectangular,none,,0,api,2026-08-01T13:53:38+00:00,
8dn6nxfcJSA,https://www.youtube.com/watch?v=8dn6nxfcJSA,https://www.youtube.com/watch?v=8dn6nxfcJSA&list=PLDDuEZQEC_uDcYhabzxMCFCs3vGGSGVX4&index=111&t=0s,Kargin Haghordum sketch 310 (Hayko Mko),KarginTV,UCEHF-l2v0qhi_IXzrfc3uZg,156,20121228,520396,3290,,55.0,public,hy,"[""24""]","[""Kargin Haghordum"", ""Kargin haxordum"", ""Կարգին Հաղորդում"", ""Hayko Mko"", ""Armenian Humor"", ""Հայկո Մկո"", ""Հայկական Հումոր"", ""Hayko"", ""Mko"", ""Հյկո"", ""Մկո"", ""Kargin"", ""Կարգին"", ""Armenia Humor"", ""haykakan humor"", ""Armenian jokes"", ""HD"", ""humor"", ""Հումոր"", ""Kargin haxordum HD"", ""Kargin Haghordum HD"", ""Hayko Mko Kargin Haxordum"", ""jokes""]",,,,False,,,,"Կարգին Հաղորդում  
Hayko Mko Armenian Humor 
Հայկո Մկո Հայկական Հումոր",youtube,True,{},{},False,True,True,processed,hd,2d,rectangular,none,,0,api,2026-08-01T13:53:38+00:00,
LdGl76gtXRY,https://www.youtube.com/watch?v=LdGl76gtXRY,https://www.youtube.com/watch?v=LdGl76gtXRY&list=PLDDuEZQEC_uDcYhabzxMCFCs3vGGSGVX4&index=112&t=0s,Kargin Haghordum sketch 311 (Hayko Mko),KarginTV,UCEHF-l2v0qhi_IXzrfc3uZg,248,20121228,630348,2093,,40.0,public,hy,"[""24""]","[""Kargin Haghordum"", ""Kargin haxordum"", ""Կարգին Հաղորդում"", ""Hayko Mko"", ""Armenian Humor"", ""Հայկո Մկո"", ""Հայկական Հումոր"", ""Hayko"", ""Mko"", ""Հյկո"", ""Մկո"", ""Kargin"", ""Կարգին"", ""Armenia Humor"", ""haykakan humor"", ""Armenian jokes"", ""HD"", ""humor"", ""Հումոր"", ""Kargin haxordum HD"", ""Kargin Haghordum HD"", ""Hayko Mko Kargin Haxordum"", ""jokes""]",,,,False,,,,"Կարգին Հաղորդում  
Hayko Mko Armenian Humor 
Հայկո Մկո Հայկական Հումոր",youtube,False,{},{},False,True,True,processed,hd,2d,rectangular,none,,0,api,2026-08-01T13:53:38+00:00,
75zxYmS3or8,https://www.youtube.com/watch?v=75zxYmS3or8,https://www.youtube.com/watch?v=75zxYmS3or8&list=PLDDuEZQEC_uDcYhabzxMCFCs3vGGSGVX4&index=113&t=0s,Kargin Haghordum sketch 312 (Hayko Mko),KarginTV,UCEHF-l2v0qhi_IXzrfc3uZg,131,20121228,99896,364,,9.0,public,hy,"[""24""]","[""Kargin Haghordum"", ""Kargin haxordum"", ""Կարգին Հաղորդում"", ""Hayko Mko"", ""Armenian Humor"", ""Հայկո Մկո"", ""Հայկական Հումոր"", ""Hayko"", ""Mko"", ""Հյկո"", ""Մկո"", ""Kargin"", ""Կարգին"", ""Armenia Humor"", ""haykakan humor"", ""Armenian jokes"", ""HD"", ""humor"", ""Հումոր"", ""Kargin haxordum HD"", ""Kargin Haghordum HD"", ""Hayko Mko Kargin Haxordum"", ""jokes""]",,,,False,,,,"Կարգին Հաղորդում  
Hayko Mko Armenian Humor 
Հայկո Մկո Հայկական Հումոր",youtube,True,{},{},False,True,True,processed,hd,2d,rectangular,none,,0,api,2026-08-01T13:53:38+00:00,
wwrMxk2hWb4,https://www.youtube.com/watch?v=wwrMxk2hWb4,https://www.youtube.com/watch?v=wwrMxk2hWb4&list=PLDDuEZQEC_uDcYhabzxMCFCs3vGGSGVX4&index=114&t=0s,Kargin Haghordum sketch 313 (Hayko Mko),KarginTV,UCEHF-l2v0qhi_IXzrfc3uZg,118,20121228,382265,2074,,29.0,public,hy,"[""24""]","[""Kargin Haghordum"", ""Kargin haxordum"", ""Կարգին Հաղորդում"", ""Hayko Mko"", ""Armenian Humor"", ""Հայկո Մկո"", ""Հայկական Հումոր"", ""Hayko"", ""Mko"", ""Հյկո"", ""Մկո"", ""Kargin"", ""Կարգին"", ""Armenia Humor"", ""haykakan humor"", ""Armenian jokes"", ""HD"", ""humor"", ""Հումոր"", ""Kargin haxordum HD"", ""Kargin Haghordum HD"", ""Hayko Mko Kargin Haxordum"", ""jokes""]",,,,False,,,,"Կարգին Հաղորդում  
Hayko Mko Armenian Humor 
Հայկո Մկո Հայկական Հումոր",youtube,False,{},{},False,True,True,processed,hd,2d,rectangular,none,hy,0,api,2026-08-01T13:53:38+00:00,
oXp-0w-ROEM,https://www.youtube.com/watch?v=oXp-0w-ROEM,https://www.youtube.com/watch?v=oXp-0w-ROEM&list=PLDDuEZQEC_uDcYhabzxMCFCs3vGGSGVX4&index=115&t=0s,Kargin Haghordum sketch 314 (Hayko Mko),KarginTV,UCEHF-l2v0qhi_IXzrfc3uZg,206,20121228,466694,3339,,61.0,public,hy,"[""24""]","[""Kargin Haghordum"", ""Kargin haxordum"", ""Կարգին Հաղորդում"", ""Hayko Mko"", ""Armenian Humor"", ""Հայկո Մկո"", ""Հայկական Հումոր"", ""Hayko"", ""Mko"", ""Հյկո"", ""Մկո"", ""Kargin"", ""Կարգին"", ""Armenia Humor"", ""haykakan humor"", ""Armenian jokes"", ""HD"", ""humor"", ""Հումոր"", ""Kargin haxordum HD"", ""Kargin Haghordum HD"", ""Hayko Mko Kargin Haxordum"", ""jokes""]",,,,False,,,,"Կարգին Հաղորդում  
Hayko Mko Armenian Humor 
Հայկո Մկո Հայկական Հումոր",youtube,False,"{""blocked"": [""RU""]}",{},False,True,True,processed,hd,2d,rectangular,none,,0,api,2026-08-01T13:53:38+00:00,
rh2-lZwbQ9s,https://www.youtube.com/watch?v=rh2-lZwbQ9s,https://www.youtube.com/watch?v=rh2-lZwbQ9s&list=PLDDuEZQEC_uDcYhabzxMCFCs3vGGSGVX4&index=116&t=0s,Kargin Haghordum sketch 315 (Hayko Mko),KarginTV,UCEHF-l2v0qhi_IXzrfc3uZg,142,20121228,601093,3496,,37.0,public,hy,"[""24""]","[""Kargin Haghordum"", ""Kargin haxordum"", ""Կարգին Հաղորդում"", ""Hayko Mko"", ""Armenian Humor"", ""Հայկո Մկո"", ""Հայկական Հումոր"", ""Hayko"", ""Mko"", ""Հյկո"", ""Մկո"", ""Kargin"", ""Կարգին"", ""Armenia Humor"", ""haykakan humor"", ""Armenian jokes"", ""HD"", ""humor"", ""Հումոր"", ""Kargin haxordum HD"", ""Kargin Haghordum HD"", ""Hayko Mko Kargin Haxordum"", ""jokes""]",,,,False,,,,"Կարգին Հաղորդում  
Hayko Mko Armenian Humor 
Հայկո Մկո Հայկական Հումոր",youtube,True,{},{},False,True,True,processed,hd,2d,rectangular,none,,0,api,2026-08-01T13:53:38+00:00,
aeiBCku2UbE,https://www.youtube.com/watch?v=aeiBCku2UbE,https://www.youtube.com/watch?v=aeiBCku2UbE&list=PLDDuEZQEC_uDcYhabzxMCFCs3vGGSGVX4&index=117&t=0s,Kargin Haghordum sketch 316 (Hayko Mko),KarginTV,UCEHF-l2v0qhi_IXzrfc3uZg,104,20121228,703114,3115,,52.0,public,hy,"[""24""]","[""Kargin Haghordum"", ""Kargin haxordum"", ""Կարգին Հաղորդում"", ""Hayko Mko"", ""Armenian Humor"", ""Հայկո Մկո"", ""Հայկական Հումոր"", ""Hayko"", ""Mko"", ""Հյկո"", ""Մկո"", ""Kargin"", ""Կարգին"", ""Armenia Humor"", ""haykakan humor"", ""Armenian jokes"", ""HD"", ""humor"", ""Հումոր"", ""Kargin haxordum HD"", ""Kargin Haghordum HD"", ""Hayko Mko Kargin Haxordum"", ""jokes""]",,,,False,,,,"Կարգին Հաղորդում  
Hayko Mko Armenian Humor 
Հայկո Մկո Հայկական Հումոր",youtube,False,{},{},False,True,True,processed,hd,2d,rectangular,none,,0,api,2026-08-01T13:53:38+00:00,
SVTouedZkkU,https://www.youtube.com/watch?v=SVTouedZkkU,https://www.youtube.com/watch?v=SVTouedZkkU&list=PLDDuEZQEC_uDcYhabzxMCFCs3vGGSGVX4&index=118&t=0s,Kargin Haghordum sketch 317 (Hayko Mko),KarginTV,UCEHF-l2v0qhi_IXzrfc3uZg,130,20121228,380294,2048,,33.0,public,hy,"[""24""]","[""Kargin Haghordum"", ""Kargin haxordum"", ""Կարգին Հաղորդում"", ""Hayko Mko"", ""Armenian Humor"", ""Հայկո Մկո"", ""Հայկական Հումոր"", ""Hayko"", ""Mko"", ""Հյկո"", ""Մկո"", ""Kargin"", ""Կարգին"", ""Armenia Humor"", ""haykakan humor"", ""Armenian jokes"", ""HD"", ""humor"", ""Հումոր"", ""Kargin haxordum HD"", ""Kargin Haghordum HD"", ""Hayko Mko Kargin Haxordum"", ""jokes""]",,,,False,,,,"Կարգին Հաղորդում  
Hayko Mko Armenian Humor 
Հայկո Մկո Հայկական Հումոր",youtube,True,{},{},False,True,True,processed,hd,2d,rectangular,none,,0,api,2026-08-01T13:53:38+00:00,
YoVa3ycxg-E,https://www.youtube.com/watch?v=YoVa3ycxg-E,https://www.youtube.com/watch?v=YoVa3ycxg-E&list=PLDDuEZQEC_uDcYhabzxMCFCs3vGGSGVX4&index=119&t=0s,Kargin Haghordum sketch 318 (Hayko Mko),KarginTV,UCEHF-l2v0qhi_IXzrfc3uZg,225,20121228,419334,3016,,45.0,public,hy,"[""24""]","[""Kargin Haghordum"", ""Kargin haxordum"", ""Կարգին Հաղորդում"", ""Hayko Mko"", ""Armenian Humor"", ""Հայկո Մկո"", ""Հայկական Հումոր"", ""Hayko"", ""Mko"", ""Հյկո"", ""Մկո"", ""Kargin"", ""Կարգին"", ""Armenia Humor"", ""haykakan humor"", ""Armenian jokes"", ""HD"", ""humor"", ""Հումոր"", ""Kargin haxordum HD"", ""Kargin Haghordum HD"", ""Hayko Mko Kargin Haxordum"", ""jokes""]",,,,False,,,,"Կարգին Հաղորդում  
Hayko Mko Armenian Humor 
Հայկո Մկո Հայկական Հումոր",youtube,False,"{""blocked"": [""BY"", ""RU""]}",{},False,True,True,processed,hd,2d,rectangular,none,,0,api,2026-08-01T13:53:38+00:00,
yW_p-x7N2bw,https://www.youtube.com/watch?v=yW_p-x7N2bw,https://www.youtube.com/watch?v=yW_p-x7N2bw&list=PLDDuEZQEC_uDcYhabzxMCFCs3vGGSGVX4&index=120&t=0s,Kargin Haghordum sketch 319 (Hayko Mko),KarginTV,UCEHF-l2v0qhi_IXzrfc3uZg,165,20121228,532546,2781,,58.0,public,hy,"[""24""]","[""Kargin Haghordum"", ""Kargin haxordum"", ""Կարգին Հաղորդում"", ""Hayko Mko"", ""Armenian Humor"", ""Հայկո Մկո"", ""Հայկական Հումոր"", ""Hayko"", ""Mko"", ""Հյկո"", ""Մկո"", ""Kargin"", ""Կարգին"", ""Armenia Humor"", ""haykakan humor"", ""Armenian jokes"", ""HD"", ""humor"", ""Հումոր"", ""Kargin haxordum HD"", ""Kargin Haghordum HD"", ""Hayko Mko Kargin Haxordum"", ""jokes""]",,,,False,,,,"Կարգին Հաղորդում  
Hayko Mko Armenian Humor 
Հայկո Մկո Հայկական Հումոր",youtube,True,{},{},False,True,True,processed,hd,2d,rectangular,none,,0,api,2026-08-01T13:53:38+00:00,
57S07atPnaI,https://www.youtube.com/watch?v=57S07atPnaI,https://www.youtube.com/watch?v=57S07atPnaI&list=PLDDuEZQEC_uDcYhabzxMCFCs3vGGSGVX4&index=121&t=0s,Kargin Haghordum sketch 320 (Hayko Mko),KarginTV,UCEHF-l2v0qhi_IXzrfc3uZg,159,20121228,225557,1532,,43.0,public,hy,"[""24""]","[""Kargin Haghordum"", ""Kargin haxordum"", ""Կարգին Հաղորդում"", ""Hayko Mko"", ""Armenian Humor"", ""Հայկո Մկո"", ""Հայկական Հումոր"", ""Hayko"", ""Mko"", ""Հյկո"", ""Մկո"", ""Kargin"", ""Կարգին"", ""Armenia Humor"", ""haykakan humor"", ""Armenian jokes"", ""HD"", ""humor"", ""Հումոր"", ""Kargin haxordum HD"", ""Kargin Haghordum HD"", ""Hayko Mko Kargin Haxordum"", ""jokes""]",,,,False,,,,"Կարգին Հաղորդում  
Hayko Mko Armenian Humor 
Հայկո Մկո Հայկական Հումոր",youtube,True,{},{},False,True,True,processed,hd,2d,rectangular,none,,0,api,2026-08-01T13:53:38+00:00,
mHi92lKcp90,https://www.youtube.com/watch?v=mHi92lKcp90,https://www.youtube.com/watch?v=mHi92lKcp90&list=PLDDuEZQEC_uDcYhabzxMCFCs3vGGSGVX4&index=122&t=0s,Kargin Haghordum sketch 321 (Hayko Mko),KarginTV,UCEHF-l2v0qhi_IXzrfc3uZg,164,20121228,424802,2501,,26.0,public,hy,"[""24""]","[""Kargin Haghordum"", ""Kargin haxordum"", ""Կարգին Հաղորդում"", ""Hayko Mko"", ""Armenian Humor"", ""Հայկո Մկո"", ""Հայկական Հումոր"", ""Hayko"", ""Mko"", ""Հյկո"", ""Մկո"", ""Kargin"", ""Կարգին"", ""Armenia Humor"", ""haykakan humor"", ""Armenian jokes"", ""HD"", ""humor"", ""Հումոր"", ""Kargin haxordum HD"", ""Kargin Haghordum HD"", ""Hayko Mko Kargin Haxordum"", ""jokes""]",,,,False,,,,"Կարգին Հաղորդում  
Hayko Mko Armenian Humor 
Հայկո Մկո Հայկական Հումոր",youtube,False,{},{},False,True,True,processed,hd,2d,rectangular,none,,0,api,2026-08-01T13:53:38+00:00,
RWd5fVbXz9k,https://www.youtube.com/watch?v=RWd5fVbXz9k,https://www.youtube.com/watch?v=RWd5fVbXz9k&list=PLDDuEZQEC_uDcYhabzxMCFCs3vGGSGVX4&index=144&t=0s,Kargin Haghordum sketch 343 (Hayko Mko),KarginTV,UCEHF-l2v0qhi_IXzrfc3uZg,112,20121228,55988,406,,7.0,public,hy,"[""24""]","[""Kargin Haghordum"", ""Kargin haxordum"", ""Կարգին Հաղորդում"", ""Hayko Mko"", ""Armenian Humor"", ""Հայկո Մկո"", ""Հայկական Հումոր"", ""Hayko"", ""Mko"", ""Հյկո"", ""Մկո"", ""Kargin"", ""Կարգին"", ""Armenia Humor"", ""haykakan humor"", ""Armenian jokes"", ""HD"", ""humor"", ""Հումոր"", ""Kargin haxordum HD"", ""Kargin Haghordum HD"", ""Hayko Mko Kargin Haxordum"", ""jokes""]",,,,False,,,,"Կարգին Հաղորդում  
Hayko Mko Armenian Humor 
Հայկո Մկո Հայկական Հումոր",youtube,True,{},{},False,True,True,processed,hd,2d,rectangular,none,,0,api,2026-08-01T13:53:38+00:00,
Fyc5VWnAMog,https://www.youtube.com/watch?v=Fyc5VWnAMog,https://www.youtube.com/watch?v=Fyc5VWnAMog&list=PLDDuEZQEC_uDcYhabzxMCFCs3vGGSGVX4&index=145&t=0s,Kargin Haghordum - Brnabarum hetenq berum (Hayko Mko),KarginTV,UCEHF-l2v0qhi_IXzrfc3uZg,1177,20121228,1897998,5164,,84.0,public,hy,"[""24""]","[""Kargin Haghordum"", ""Kargin haxordum"", ""Կարգին Հաղորդում"", ""Hayko Mko"", ""Armenian Humor"", ""Հայկո Մկո"", ""Հայկական Հումոր"", ""Hayko"", ""Mko"", ""Հյկո"", ""Մկո"", ""Kargin"", ""Կարգին"", ""Armenia Humor"", ""haykakan humor"", ""Armenian jokes"", ""HD"", ""humor"", ""Հումոր"", ""Kargin haxordum HD"", ""Kargin Haghordum HD"", ""Hayko Mko Kargin Haxordum"", ""jokes""]",,,,False,,,,"Կարգին Հաղորդում  
Hayko Mko Armenian Humor 
Հայկո Մկո Հայկական Հումոր",youtube,False,{},{},False,True,True,processed,hd,2d,rectangular,none,,0,api,2026-08-01T13:53:38+00:00,
ZObebTTNacA,https://www.youtube.com/watch?v=ZObebTTNacA,https://www.youtube.com/watch?v=ZObebTTNacA&list=PLDDuEZQEC_uDcYhabzxMCFCs3vGGSGVX4&index=146&t=0s,Kargin Haghordum sketch 345 (Hayko Mko),KarginTV,UCEHF-l2v0qhi_IXzrfc3uZg,165,20121228,898868,4298,,50.0,public,hy,"[""24""]","[""Kargin Haghordum"", ""Kargin haxordum"", ""Կարգին Հաղորդում"", ""Hayko Mko"", ""Armenian Humor"", ""Հայկո Մկո"", ""Հայկական Հումոր"", ""Hayko"", ""Mko"", ""Հյկո"", ""Մկո"", ""Kargin"", ""Կարգին"", ""Armenia Humor"", ""haykakan humor"", ""Armenian jokes"", ""HD"", ""humor"", ""Հումոր"", ""Kargin haxordum HD"", ""Kargin Haghordum HD"", ""Hayko Mko Kargin Haxordum"", ""jokes""]",,,,False,,,,"Կարգին Հաղորդում  
Hayko Mko Armenian Humor 
Հայկո Մկո Հայկական Հումոր",youtube,True,{},{},False,True,True,processed,hd,2d,rectangular,none,,0,api,2026-08-01T13:53:38+00:00,
iGuN0A4qWIU,https://www.youtube.com/watch?v=iGuN0A4qWIU,https://www.youtube.com/watch?v=iGuN0A4qWIU&list=PLDDuEZQEC_uDcYhabzxMCFCs3vGGSGVX4&index=147&t=0s,Kargin Haghordum - Kayfavat (Hayko Mko),KarginTV,UCEHF-l2v0qhi_IXzrfc3uZg,155,20121228,734083,5184,,91.0,public,hy,"[""24""]","[""Kargin Haghordum"", ""Kargin haxordum"", ""Կարգին Հաղորդում"", ""Hayko Mko"", ""Armenian Humor"", ""Հայկո Մկո"", ""Հայկական Հումոր"", ""Hayko"", ""Mko"", ""Հյկո"", ""Մկո"", ""Kargin"", ""Կարգին"", ""Armenia Humor"", ""haykakan humor"", ""Armenian jokes"", ""HD"", ""humor"", ""Հումոր"", ""Kargin haxordum HD"", ""Kargin Haghordum HD"", ""Hayko Mko Kargin Haxordum"", ""jokes""]",,,,False,,,,"Կարգին Հաղորդում  
Hayko Mko Armenian Humor 
Հայկո Մկո Հայկական Հումոր",youtube,True,{},{},False,True,True,processed,hd,2d,rectangular,none,,0,api,2026-08-01T13:53:38+00:00,
4vgmCuZn_Ok,https://www.youtube.com/watch?v=4vgmCuZn_Ok,https://www.youtube.com/watch?v=4vgmCuZn_Ok&list=PLDDuEZQEC_uDcYhabzxMCFCs3vGGSGVX4&index=148&t=0s,Kargin Haghordum sketch 347 (Hayko Mko),KarginTV,UCEHF-l2v0qhi_IXzrfc3uZg,267,20121228,2074986,5420,,68.0,public,hy,"[""24""]","[""Kargin Haghordum"", ""Kargin haxordum"", ""Կարգին Հաղորդում"", ""Hayko Mko"", ""Armenian Humor"", ""Հայկո Մկո"", ""Հայկական Հումոր"", ""Hayko"", ""Mko"", ""Հյկո"", ""Մկո"", ""Kargin"", ""Կարգին"", ""Armenia Humor"", ""haykakan humor"", ""Armenian jokes"", ""HD"", ""humor"", ""Հումոր"", ""Kargin haxordum HD"", ""Kargin Haghordum HD"", ""Hayko Mko Kargin Haxordum"", ""jokes""]",,,,False,,,,"Կարգին Հաղորդում  
Hayko Mko Armenian Humor 
Հայկո Մկո Հայկական Հումոր",youtube,False,"{""blocked"": [""RU""]}",{},False,True,True,processed,hd,2d,rectangular,none,,0,api,2026-08-01T13:53:38+00:00,
Z18dHpXGwQk,https://www.youtube.com/watch?v=Z18dHpXGwQk,https://www.youtube.com/watch?v=Z18dHpXGwQk&list=PLDDuEZQEC_uDcYhabzxMCFCs3vGGSGVX4&index=149&t=0s,Kargin Haghordum sketch 348 (Hayko Mko),KarginTV,UCEHF-l2v0qhi_IXzrfc3uZg,145,20121228,849791,4708,,42.0,public,hy,"[""24""]","[""Kargin Haghordum"", ""Kargin haxordum"", ""Կարգին Հաղորդում"", ""Hayko Mko"", ""Armenian Humor"", ""Հայկո Մկո"", ""Հայկական Հումոր"", ""Hayko"", ""Mko"", ""Հյկո"", ""Մկո"", ""Kargin"", ""Կարգին"", ""Armenia Humor"", ""haykakan humor"", ""Armenian jokes"", ""HD"", ""humor"", ""Հումոր"", ""Kargin haxordum HD"", ""Kargin Haghordum HD"", ""Hayko Mko Kargin Haxordum"", ""jokes""]",,,,False,,,,"Կարգին Հաղորդում  
Hayko Mko Armenian Humor 
Հայկո Մկո Հայկական Հումոր",youtube,True,{},{},False,True,True,processed,hd,2d,rectangular,none,,0,api,2026-08-01T13:53:38+00:00,
yb1FKWf60ug,https://www.youtube.com/watch?v=yb1FKWf60ug,https://www.youtube.com/watch?v=yb1FKWf60ug&list=PLDDuEZQEC_uDcYhabzxMCFCs3vGGSGVX4&index=150&t=0s,Kargin Haghordum sketch 349 (Hayko Mko),KarginTV,UCEHF-l2v0qhi_IXzrfc3uZg,264,20121228,290340,2405,,40.0,public,hy,"[""24""]","[""Kargin Haghordum"", ""Kargin haxordum"", ""Կարգին Հաղորդում"", ""Hayko Mko"", ""Armenian Humor"", ""Հայկո Մկո"", ""Հայկական Հումոր"", ""Hayko"", ""Mko"", ""Հյկո"", ""Մկո"", ""Kargin"", ""Կարգին"", ""Armenia Humor"", ""haykakan humor"", ""Armenian jokes"", ""HD"", ""humor"", ""Հումոր"", ""Kargin haxordum HD"", ""Kargin Haghordum HD"", ""Hayko Mko Kargin Haxordum"", ""jokes""]",,,,False,,,,"Կարգին Հաղորդում  
Hayko Mko Armenian Humor 
Հայկո Մկո Հայկական Հումոր",youtube,False,{},{},False,True,True,processed,hd,2d,rectangular,none,,0,api,2026-08-01T13:53:38+00:00,
2Fr3EAcZA9s,https://www.youtube.com/watch?v=2Fr3EAcZA9s,https://www.youtube.com/watch?v=2Fr3EAcZA9s&list=PLDDuEZQEC_uDcYhabzxMCFCs3vGGSGVX4&index=151&t=0s,Kargin Haghordum - Killer (Hayko Mko),KarginTV,UCEHF-l2v0qhi_IXzrfc3uZg,330,20121228,888665,6766,,108.0,public,hy,"[""24""]","[""Kargin Haghordum"", ""Kargin haxordum"", ""Կարգին Հաղորդում"", ""Hayko Mko"", ""Armenian Humor"", ""Հայկո Մկո"", ""Հայկական Հումոր"", ""Hayko"", ""Mko"", ""Հյկո"", ""Մկո"", ""Kargin"", ""Կարգին"", ""Armenia Humor"", ""haykakan humor"", ""Armenian jokes"", ""HD"", ""humor"", ""Հումոր"", ""Kargin haxordum HD"", ""Kargin Haghordum HD"", ""Hayko Mko Kargin Haxordum"", ""jokes""]",,,,False,,,,"Կարգին Հաղորդում  
Hayko Mko Armenian Humor 
Հայկո Մկո Հայկական Հումոր",youtube,False,{},{},False,True,True,processed,hd,2d,rectangular,none,,0,api,2026-08-01T13:53:38+00:00,
nGaSEXyQwXo,https://www.youtube.com/watch?v=nGaSEXyQwXo,https://www.youtube.com/watch?v=nGaSEXyQwXo&list=PLDDuEZQEC_uDcYhabzxMCFCs3vGGSGVX4&index=152&t=0s,Kargin Haghordum sketch 351 (Hayko Mko),KarginTV,UCEHF-l2v0qhi_IXzrfc3uZg,125,20121228,539744,3510,,28.0,public,hy,"[""24""]","[""Kargin Haghordum"", ""Kargin haxordum"", ""Կարգին Հաղորդում"", ""Hayko Mko"", ""Armenian Humor"", ""Հայկո Մկո"", ""Հայկական Հումոր"", ""Hayko"", ""Mko"", ""Հյկո"", ""Մկո"", ""Kargin"", ""Կարգին"", ""Armenia Humor"", ""haykakan humor"", ""Armenian jokes"", ""HD"", ""humor"", ""Հումոր"", ""Kargin haxordum HD"", ""Kargin Haghordum HD"", ""Hayko Mko Kargin Haxordum"", ""jokes""]",,,,False,,,,"Կարգին Հաղորդում  
Hayko Mko Armenian Humor 
Հայկո Մկո Հայկական Հումոր",youtube,True,{},{},False,True,True,processed,hd,2d,rectangular,none,,0,api,2026-08-01T13:53:38+00:00,
1xg6L8B7Z_M,https://www.youtube.com/watch?v=1xg6L8B7Z_M,https://www.youtube.com/watch?v=1xg6L8B7Z_M&list=PLDDuEZQEC_uDcYhabzxMCFCs3vGGSGVX4&index=153&t=0s,Kargin Haghordum sketch 352 (Hayko Mko),KarginTV,UCEHF-l2v0qhi_IXzrfc3uZg,41,20121228,239426,1155,,7.0,public,hy,"[""24""]","[""Kargin Haghordum"", ""Kargin haxordum"", ""Կարգին Հաղորդում"", ""Hayko Mko"", ""Armenian Humor"", ""Հայկո Մկո"", ""Հայկական Հումոր"", ""Hayko"", ""Mko"", ""Հյկո"", ""Մկո"", ""Kargin"", ""Կարգին"", ""Armenia Humor"", ""haykakan humor"", ""Armenian jokes"", ""HD"", ""humor"", ""Հումոր"", ""Kargin haxordum HD"", ""Kargin Haghordum HD"", ""Hayko Mko Kargin Haxordum"", ""jokes""]",,,,False,,,,"Կարգին Հաղորդում  
Hayko Mko Armenian Humor 
Հայկո Մկո Հայկական Հումոր",youtube,True,{},{},False,True,True,processed,hd,2d,rectangular,none,,0,api,2026-08-01T13:53:38+00:00,
PTA3xIVA92Q,https://www.youtube.com/watch?v=PTA3xIVA92Q,https://www.youtube.com/watch?v=PTA3xIVA92Q&list=PLDDuEZQEC_uDcYhabzxMCFCs3vGGSGVX4&index=154&t=0s,Kargin Haghordum - Mardaspanner (Hayko Mko),KarginTV,UCEHF-l2v0qhi_IXzrfc3uZg,130,20121228,304803,1539,,14.0,public,hy,"[""24""]","[""Kargin Haghordum"", ""Kargin haxordum"", ""Կարգին Հաղորդում"", ""Hayko Mko"", ""Armenian Humor"", ""Հայկո Մկո"", ""Հայկական Հումոր"", ""Hayko"", ""Mko"", ""Հյկո"", ""Մկո"", ""Kargin"", ""Կարգին"", ""Armenia Humor"", ""haykakan humor"", ""Armenian jokes"", ""HD"", ""humor"", ""Հումոր"", ""Kargin haxordum HD"", ""Kargin Haghordum HD"", ""Hayko Mko Kargin Haxordum"", ""jokes""]",,,,False,,,,"Կարգին Հաղորդում  
Hayko Mko Armenian Humor 
Հայկո Մկո Հայկական Հումոր",youtube,True,{},{},False,True,True,processed,hd,2d,rectangular,none,,0,api,2026-08-01T13:53:38+00:00,
Ky6n5_pKveM,https://www.youtube.com/watch?v=Ky6n5_pKveM,https://www.youtube.com/watch?v=Ky6n5_pKveM&list=PLDDuEZQEC_uDcYhabzxMCFCs3vGGSGVX4&index=155&t=0s,Kargin Haghordum  - Qvid (Hayko Mko),KarginTV,UCEHF-l2v0qhi_IXzrfc3uZg,308,20121228,784934,4369,,119.0,public,hy,"[""24""]","[""Kargin Haghordum"", ""Kargin haxordum"", ""Կարգին Հաղորդում"", ""Hayko Mko"", ""Armenian Humor"", ""Հայկո Մկո"", ""Հայկական Հումոր"", ""Hayko"", ""Mko"", ""Հյկո"", ""Մկո"", ""Kargin"", ""Կարգին"", ""Armenia Humor"", ""haykakan humor"", ""Armenian jokes"", ""HD"", ""humor"", ""Հումոր"", ""Kargin haxordum HD"", ""Kargin Haghordum HD"", ""Hayko Mko Kargin Haxordum"", ""jokes""]",,,,False,,,,"Կարգին Հաղորդում  
Hayko Mko Armenian Humor 
Հայկո Մկո Հայկական Հումոր",youtube,False,{},{},False,True,True,processed,hd,2d,rectangular,none,,0,api,2026-08-01T13:53:38+00:00,
gAzcI3ksk-s,https://www.youtube.com/watch?v=gAzcI3ksk-s,https://www.youtube.com/watch?v=gAzcI3ksk-s&list=PLDDuEZQEC_uDcYhabzxMCFCs3vGGSGVX4&index=156&t=0s,Kargin Haghordum sketch 355 (Hayko Mko),KarginTV,UCEHF-l2v0qhi_IXzrfc3uZg,235,20121228,1020893,5300,,70.0,public,hy,"[""24""]","[""Kargin Haghordum"", ""Kargin haxordum"", ""Կարգին Հաղորդում"", ""Hayko Mko"", ""Armenian Humor"", ""Հայկո Մկո"", ""Հայկական Հումոր"", ""Hayko"", ""Mko"", ""Հյկո"", ""Մկո"", ""Kargin"", ""Կարգին"", ""Armenia Humor"", ""haykakan humor"", ""Armenian jokes"", ""HD"", ""humor"", ""Հումոր"", ""Kargin haxordum HD"", ""Kargin Haghordum HD"", ""Hayko Mko Kargin Haxordum"", ""jokes""]",,,,False,,,,"Կարգին Հաղորդում  
Hayko Mko Armenian Humor 
Հայկո Մկո Հայկական Հումոր",youtube,True,{},{},False,True,True,processed,hd,2d,rectangular,none,,0,api,2026-08-01T13:53:38+00:00,
XMQh3ZnUyYM,https://www.youtube.com/watch?v=XMQh3ZnUyYM,https://www.youtube.com/watch?v=XMQh3ZnUyYM&list=PLDDuEZQEC_uDcYhabzxMCFCs3vGGSGVX4&index=157&t=0s,Kargin Haghordum sketch 356 (Hayko Mko),KarginTV,UCEHF-l2v0qhi_IXzrfc3uZg,134,20121228,846569,3819,,67.0,public,hy,"[""24""]","[""Kargin Haghordum"", ""Kargin haxordum"", ""Կարգին Հաղորդում"", ""Hayko Mko"", ""Armenian Humor"", ""Հայկո Մկո"", ""Հայկական Հումոր"", ""Hayko"", ""Mko"", ""Հյկո"", ""Մկո"", ""Kargin"", ""Կարգին"", ""Armenia Humor"", ""haykakan humor"", ""Armenian jokes"", ""HD"", ""humor"", ""Հումոր"", ""Kargin haxordum HD"", ""Kargin Haghordum HD"", ""Hayko Mko Kargin Haxordum"", ""jokes""]",,,,False,,,,"Կարգին Հաղորդում  
Hayko Mko Armenian Humor 
Հայկո Մկո Հայկական Հումոր",youtube,True,{},{},False,True,True,processed,hd,2d,rectangular,none,,0,api,2026-08-01T13:53:38+00:00,
5SCafg9ddio,https://www.youtube.com/watch?v=5SCafg9ddio,https://www.youtube.com/watch?v=5SCafg9ddio&list=PLDDuEZQEC_uAuSrUXsFVBLNkPQY3BHzLQ&index=162&t=0s,Kargin Haghordum sketch 561 (Hayko Mko),KarginTV,UCEHF-l2v0qhi_IXzrfc3uZg,232,20121228,1232292,7870,,115.0,public,hy,"[""24""]","[""Kargin Haghordum"", ""Kargin haxordum"", ""Կարգին Հաղորդում"", ""Hayko Mko"", ""Armenian Humor"", ""Հայկո Մկո"", ""Հայկական Հումոր"", ""Hayko"", ""Mko"", ""Հյկո"", ""Մկո"", ""Kargin"", ""Կարգին"", ""Armenia Humor"", ""haykakan humor"", ""Armenian jokes"", ""HD"", ""humor"", ""Հումոր"", ""Kargin haxordum HD"", ""Kargin Haghordum HD"", ""Hayko Mko Kargin Haxordum"", ""jokes""]",,,,False,,,,"Կարգին Հաղորդում  
Hayko Mko Armenian Humor 
Հայկո Մկո Հայկական Հումոր",youtube,True,{},{},False,True,True,processed,hd,2d,rectangular,none,,0,api,2026-08-01T13:53:38+00:00,
-awx6fK2h-k,https://www.youtube.com/watch?v=-awx6fK2h-k,https://www.youtube.com/watch?v=-awx6fK2h-k&list=PLDDuEZQEC_uAuSrUXsFVBLNkPQY3BHzLQ&index=163&t=0s,Kargin Haghordum sketch 562 (Hayko Mko),KarginTV,UCEHF-l2v0qhi_IXzrfc3uZg,232,20121228,756183,3306,,45.0,public,hy,"[""24""]","[""Kargin Haghordum"", ""Kargin haxordum"", ""Կարգին Հաղորդում"", ""Hayko Mko"", ""Armenian Humor"", ""Հայկո Մկո"", ""Հայկական Հումոր"", ""Hayko"", ""Mko"", ""Հյկո"", ""Մկո"", ""Kargin"", ""Կարգին"", ""Armenia Humor"", ""haykakan humor"", ""Armenian jokes"", ""HD"", ""humor"", ""Հումոր"", ""Kargin haxordum HD"", ""Kargin Haghordum HD"", ""Hayko Mko Kargin Haxordum"", ""jokes""]",,,,False,,,,"Կարգին Հաղորդում  
Hayko Mko Armenian Humor 
Հայկո Մկո Հայկական Հումոր",youtube,False,"{""blocked"": [""RU""]}",{},False,True,True,processed,hd,2d,rectangular,none,,0,api,2026-08-01T13:53:38+00:00,
J4g5N8mot14,https://www.youtube.com/watch?v=J4g5N8mot14,https://www.youtube.com/watch?v=J4g5N8mot14&list=PLDDuEZQEC_uAuSrUXsFVBLNkPQY3BHzLQ&index=164&t=0s,Kargin Haghordum sketch 563 (Hayko Mko),KarginTV,UCEHF-l2v0qhi_IXzrfc3uZg,130,20121228,733878,3099,,33.0,public,hy,"[""24""]","[""Kargin Haghordum"", ""Kargin haxordum"", ""Կարգին Հաղորդում"", ""Hayko Mko"", ""Armenian Humor"", ""Հայկո Մկո"", ""Հայկական Հումոր"", ""Hayko"", ""Mko"", ""Հյկո"", ""Մկո"", ""Kargin"", ""Կարգին"", ""Armenia Humor"", ""haykakan humor"", ""Armenian jokes"", ""HD"", ""humor"", ""Հումոր"", ""Kargin haxordum HD"", ""Kargin Haghordum HD"", ""Hayko Mko Kargin Haxordum"", ""jokes""]",,,,False,,,,"Կարգին Հաղորդում  
Hayko Mko Armenian Humor 
Հայկո Մկո Հայկական Հումոր",youtube,True,{},{},False,True,True,processed,hd,2d,rectangular,none,,0,api,2026-08-01T13:53:38+00:00,
iV-ApNITQ1U,https://www.youtube.com/watch?v=iV-ApNITQ1U,https://www.youtube.com/watch?v=iV-ApNITQ1U&list=PLDDuEZQEC_uAuSrUXsFVBLNkPQY3BHzLQ&index=165&t=0s,Kargin Haghordum sketch 564 (Hayko Mko),KarginTV,UCEHF-l2v0qhi_IXzrfc3uZg,176,20121228,950667,4503,,67.0,public,hy,"[""24""]","[""Kargin Haghordum"", ""Kargin haxordum"", ""Կարգին Հաղորդում"", ""Hayko Mko"", ""Armenian Humor"", ""Հայկո Մկո"", ""Հայկական Հումոր"", ""Hayko"", ""Mko"", ""Հյկո"", ""Մկո"", ""Kargin"", ""Կարգին"", ""Armenia Humor"", ""haykakan humor"", ""Armenian jokes"", ""HD"", ""humor"", ""Հումոր"", ""Kargin haxordum HD"", ""Kargin Haghordum HD"", ""Hayko Mko Kargin Haxordum"", ""jokes""]",,,,False,,,,"Կարգին Հաղորդում  
Hayko Mko Armenian Humor 
Հայկո Մկո Հայկական Հումոր",youtube,False,{},{},False,True,True,processed,hd,2d,rectangular,none,,0,api,2026-08-01T13:53:38+00:00,
l-s7an5_Xos,https://www.youtube.com/watch?v=l-s7an5_Xos,https://www.youtube.com/watch?v=l-s7an5_Xos&list=PLDDuEZQEC_uAuSrUXsFVBLNkPQY3BHzLQ&index=166&t=0s,Kargin Haghordum sketch 565 (Hayko Mko),KarginTV,UCEHF-l2v0qhi_IXzrfc3uZg,144,20121228,463352,2523,,32.0,public,hy,"[""24""]","[""Kargin Haghordum"", ""Kargin haxordum"", ""Կարգին Հաղորդում"", ""Hayko Mko"", ""Armenian Humor"", ""Հայկո Մկո"", ""Հայկական Հումոր"", ""Hayko"", ""Mko"", ""Հյկո"", ""Մկո"", ""Kargin"", ""Կարգին"", ""Armenia Humor"", ""haykakan humor"", ""Armenian jokes"", ""HD"", ""humor"", ""Հումոր"", ""Kargin haxordum HD"", ""Kargin Haghordum HD"", ""Hayko Mko Kargin Haxordum"", ""jokes""]",,,,False,,,,"Կարգին Հաղորդում  
Hayko Mko Armenian Humor 
Հայկո Մկո Հայկական Հումոր",youtube,False,{},{},False,True,True,processed,hd,2d,rectangular,none,,0,api,2026-08-01T13:53:38+00:00,
jZVDSlF5KsA,https://www.youtube.com/watch?v=jZVDSlF5KsA,https://www.youtube.com/watch?v=jZVDSlF5KsA&list=PLDDuEZQEC_uAuSrUXsFVBLNkPQY3BHzLQ&index=167&t=0s,Kargin Haghordum sketch 566 (Hayko Mko),KarginTV,UCEHF-l2v0qhi_IXzrfc3uZg,115,20121228,451824,2544,,30.0,public,hy,"[""24""]","[""Kargin Haghordum"", ""Kargin haxordum"", ""Կարգին Հաղորդում"", ""Hayko Mko"", ""Armenian Humor"", ""Հայկո Մկո"", ""Հայկական Հումոր"", ""Hayko"", ""Mko"", ""Հյկո"", ""Մկո"", ""Kargin"", ""Կարգին"", ""Armenia Humor"", ""haykakan humor"", ""Armenian jokes"", ""HD"", ""humor"", ""Հումոր"", ""Kargin haxordum HD"", ""Kargin Haghordum HD"", ""Hayko Mko Kargin Haxordum"", ""jokes""]",,,,False,,,,"Կարգին Հաղորդում  
Hayko Mko Armenian Humor 
Հայկո Մկո Հայկական Հումոր",youtube,True,{},{},False,True,True,processed,hd,2d,rectangular,none,,0,api,2026-08-01T13:53:38+00:00,
ZJK7CXG4Rn8,https://www.youtube.com/watch?v=ZJK7CXG4Rn8,https://www.youtube.com/watch?v=ZJK7CXG4Rn8&list=PLDDuEZQEC_uAuSrUXsFVBLNkPQY3BHzLQ&index=168&t=0s,Kargin Haghordum sketch 567 (Hayko Mko),KarginTV,UCEHF-l2v0qhi_IXzrfc3uZg,254,20121228,492838,2322,,36.0,public,hy,"[""24""]","[""Kargin Haghordum"", ""Kargin haxordum"", ""Կարգին Հաղորդում"", ""Hayko Mko"", ""Armenian Humor"", ""Հայկո Մկո"", ""Հայկական Հումոր"", ""Hayko"", ""Mko"", ""Հյկո"", ""Մկո"", ""Kargin"", ""Կարգին"", ""Armenia Humor"", ""haykakan humor"", ""Armenian jokes"", ""HD"", ""humor"", ""Հումոր"", ""Kargin haxordum HD"", ""Kargin Haghordum HD"", ""Hayko Mko Kargin Haxordum"", ""jokes""]",,,,False,,,,"Կարգին Հաղորդում  
Hayko Mko Armenian Humor 
Հայկո Մկո Հայկական Հումոր",youtube,True,{},{},False,True,True,processed,hd,2d,rectangular,none,,0,api,2026-08-01T13:53:38+00:00,
wzPFKJHpNMs,https://www.youtube.com/watch?v=wzPFKJHpNMs,https://www.youtube.com/watch?v=wzPFKJHpNMs&list=PLDDuEZQEC_uAuSrUXsFVBLNkPQY3BHzLQ&index=169&t=0s,Kargin Haghordum sketch 568 (Hayko Mko),KarginTV,UCEHF-l2v0qhi_IXzrfc3uZg,100,20121228,92783,407,,10.0,public,hy,"[""24""]","[""Kargin Haghordum"", ""Kargin haxordum"", ""Կարգին Հաղորդում"", ""Hayko Mko"", ""Armenian Humor"", ""Հայկո Մկո"", ""Հայկական Հումոր"", ""Hayko"", ""Mko"", ""Հյկո"", ""Մկո"", ""Kargin"", ""Կարգին"", ""Armenia Humor"", ""haykakan humor"", ""Armenian jokes"", ""HD"", ""humor"", ""Հումոր"", ""Kargin haxordum HD"", ""Kargin Haghordum HD"", ""Hayko Mko Kargin Haxordum"", ""jokes""]",,,,False,,,,"Կարգին Հաղորդում  
Hayko Mko Armenian Humor 
Հայկո Մկո Հայկական Հումոր",youtube,True,{},{},False,True,True,processed,hd,2d,rectangular,none,,0,api,2026-08-01T13:53:38+00:00,
9G0LtYA7lwc,https://www.youtube.com/watch?v=9G0LtYA7lwc,https://www.youtube.com/watch?v=9G0LtYA7lwc&list=PLDDuEZQEC_uAuSrUXsFVBLNkPQY3BHzLQ&index=171&t=0s,Kargin Haghordum sketch 570 (Hayko Mko),KarginTV,UCEHF-l2v0qhi_IXzrfc3uZg,175,20121229,247787,1313,,32.0,public,hy,"[""24""]","[""Kargin Haghordum"", ""Kargin haxordum"", ""Կարգին Հաղորդում"", ""Hayko Mko"", ""Armenian Humor"", ""Հայկո Մկո"", ""Հայկական Հումոր"", ""Hayko"", ""Mko"", ""Հյկո"", ""Մկո"", ""Kargin"", ""Կարգին"", ""Armenia Humor"", ""haykakan humor"", ""Armenian jokes"", ""HD"", ""humor"", ""Հումոր"", ""Kargin haxordum HD"", ""Kargin Haghordum HD"", ""Hayko Mko Kargin Haxordum"", ""jokes""]",,,,False,,,,"Կարգին Հաղորդում  
Hayko Mko Armenian Humor 
Հայկո Մկո Հայկական Հումոր",youtube,True,{},{},False,True,True,processed,hd,2d,rectangular,none,,0,api,2026-08-01T13:53:38+00:00,
64W5De5fdts,https://www.youtube.com/watch?v=64W5De5fdts,https://www.youtube.com/watch?v=64W5De5fdts&list=PLDDuEZQEC_uAuSrUXsFVBLNkPQY3BHzLQ&index=172&t=0s,Kargin Haghordum sketch 571 (Hayko Mko),KarginTV,UCEHF-l2v0qhi_IXzrfc3uZg,152,20121229,127035,964,,17.0,public,hy,"[""24""]","[""Kargin Haghordum"", ""Kargin haxordum"", ""Կարգին Հաղորդում"", ""Hayko Mko"", ""Armenian Humor"", ""Հայկո Մկո"", ""Հայկական Հումոր"", ""Hayko"", ""Mko"", ""Հյկո"", ""Մկո"", ""Kargin"", ""Կարգին"", ""Armenia Humor"", ""haykakan humor"", ""Armenian jokes"", ""HD"", ""humor"", ""Հումոր"", ""Kargin haxordum HD"", ""Kargin Haghordum HD"", ""Hayko Mko Kargin Haxordum"", ""jokes""]",,,,False,,,,"Կարգին Հաղորդում  
Hayko Mko Armenian Humor 
Հայկո Մկո Հայկական Հումոր",youtube,True,{},{},False,True,True,processed,hd,2d,rectangular,none,,0,api,2026-08-01T13:53:38+00:00,
Egs7MLLWUHI,https://www.youtube.com/watch?v=Egs7MLLWUHI,https://www.youtube.com/watch?v=Egs7MLLWUHI&list=PLDDuEZQEC_uAuSrUXsFVBLNkPQY3BHzLQ&index=173&t=0s,Kargin Haghordum sketch 572 (Hayko Mko),KarginTV,UCEHF-l2v0qhi_IXzrfc3uZg,152,20121229,423529,2546,,59.0,public,hy,"[""24""]","[""Kargin Haghordum"", ""Kargin haxordum"", ""Կարգին Հաղորդում"", ""Hayko Mko"", ""Armenian Humor"", ""Հայկո Մկո"", ""Հայկական Հումոր"", ""Hayko"", ""Mko"", ""Հյկո"", ""Մկո"", ""Kargin"", ""Կարգին"", ""Armenia Humor"", ""haykakan humor"", ""Armenian jokes"", ""HD"", ""humor"", ""Հումոր"", ""Kargin haxordum HD"", ""Kargin Haghordum HD"", ""Hayko Mko Kargin Haxordum"", ""jokes""]",,,,False,,,,"Կարգին Հաղորդում  
Hayko Mko Armenian Humor 
Հայկո Մկո Հայկական Հումոր",youtube,True,{},{},False,True,True,processed,hd,2d,rectangular,none,,0,api,2026-08-01T13:53:38+00:00,
omNYk1TQEYk,https://www.youtube.com/watch?v=omNYk1TQEYk,https://www.youtube.com/watch?v=omNYk1TQEYk&list=PLDDuEZQEC_uAuSrUXsFVBLNkPQY3BHzLQ&index=174&t=0s,Kargin Haghordum sketch 573 (Hayko Mko),KarginTV,UCEHF-l2v0qhi_IXzrfc3uZg,110,20121229,359166,2441,,50.0,public,hy,"[""24""]","[""Kargin Haghordum"", ""Kargin haxordum"", ""Կարգին Հաղորդում"", ""Hayko Mko"", ""Armenian Humor"", ""Հայկո Մկո"", ""Հայկական Հումոր"", ""Hayko"", ""Mko"", ""Հյկո"", ""Մկո"", ""Kargin"", ""Կարգին"", ""Armenia Humor"", ""haykakan humor"", ""Armenian jokes"", ""HD"", ""humor"", ""Հումոր"", ""Kargin haxordum HD"", ""Kargin Haghordum HD"", ""Hayko Mko Kargin Haxordum"", ""jokes""]",,,,False,,,,"Կարգին Հաղորդում  
Hayko Mko Armenian Humor 
Հայկո Մկո Հայկական Հումոր",youtube,False,{},{},False,True,True,processed,hd,2d,rectangular,none,,0,api,2026-08-01T13:53:38+00:00,
Vd7-2UK0P-g,https://www.youtube.com/watch?v=Vd7-2UK0P-g,https://www.youtube.com/watch?v=Vd7-2UK0P-g&list=PLDDuEZQEC_uAuSrUXsFVBLNkPQY3BHzLQ&index=175&t=0s,Kargin Haghordum sketch 574 (Hayko Mko),KarginTV,UCEHF-l2v0qhi_IXzrfc3uZg,149,20121229,746425,3672,,33.0,public,hy,"[""24""]","[""Kargin Haghordum"", ""Kargin haxordum"", ""Կարգին Հաղորդում"", ""Hayko Mko"", ""Armenian Humor"", ""Հայկո Մկո"", ""Հայկական Հումոր"", ""Hayko"", ""Mko"", ""Հյկո"", ""Մկո"", ""Kargin"", ""Կարգին"", ""Armenia Humor"", ""haykakan humor"", ""Armenian jokes"", ""HD"", ""humor"", ""Հումոր"", ""Kargin haxordum HD"", ""Kargin Haghordum HD"", ""Hayko Mko Kargin Haxordum"", ""jokes""]",,,,False,,,,"Կարգին Հաղորդում  
Hayko Mko Armenian Humor 
Հայկո Մկո Հայկական Հումոր",youtube,True,{},{},False,True,True,processed,hd,2d,rectangular,none,,0,api,2026-08-01T13:53:38+00:00,
U6_PAZlgrOo,https://www.youtube.com/watch?v=U6_PAZlgrOo,https://www.youtube.com/watch?v=U6_PAZlgrOo&list=PLDDuEZQEC_uAuSrUXsFVBLNkPQY3BHzLQ&index=176&t=0s,Kargin Haghordum sketch 575 (Hayko Mko),KarginTV,UCEHF-l2v0qhi_IXzrfc3uZg,133,20121229,336089,2208,,21.0,public,hy,"[""24""]","[""Kargin Haghordum"", ""Kargin haxordum"", ""Կարգին Հաղորդում"", ""Hayko Mko"", ""Armenian Humor"", ""Հայկո Մկո"", ""Հայկական Հումոր"", ""Hayko"", ""Mko"", ""Հյկո"", ""Մկո"", ""Kargin"", ""Կարգին"", ""Armenia Humor"", ""haykakan humor"", ""Armenian jokes"", ""HD"", ""humor"", ""Հումոր"", ""Kargin haxordum HD"", ""Kargin Haghordum HD"", ""Hayko Mko Kargin Haxordum"", ""jokes""]",,,,False,,,,"Կարգին Հաղորդում  
Hayko Mko Armenian Humor 
Հայկո Մկո Հայկական Հումոր",youtube,False,{},{},False,True,True,processed,hd,2d,rectangular,none,,0,api,2026-08-01T13:53:38+00:00,
X3XVmII-YoA,https://www.youtube.com/watch?v=X3XVmII-YoA,https://www.youtube.com/watch?v=X3XVmII-YoA&list=PLDDuEZQEC_uAuSrUXsFVBLNkPQY3BHzLQ&index=177&t=0s,Kargin Haghordum sketch 576 (Hayko Mko),KarginTV,UCEHF-l2v0qhi_IXzrfc3uZg,99,20121229,358800,1994,,25.0,public,hy,"[""24""]","[""Kargin Haghordum"", ""Kargin haxordum"", ""Կարգին Հաղորդում"", ""Hayko Mko"", ""Armenian Humor"", ""Հայկո Մկո"", ""Հայկական Հումոր"", ""Hayko"", ""Mko"", ""Հյկո"", ""Մկո"", ""Kargin"", ""Կարգին"", ""Armenia Humor"", ""haykakan humor"", ""Armenian jokes"", ""HD"", ""humor"", ""Հումոր"", ""Kargin haxordum HD"", ""Kargin Haghordum HD"", ""Hayko Mko Kargin Haxordum"", ""jokes""]",,,,False,,,,"Կարգին Հաղորդում  
Hayko Mko Armenian Humor 
Հայկո Մկո Հայկական Հումոր",youtube,True,{},{},False,True,True,processed,hd,2d,rectangular,none,,0,api,2026-08-01T13:53:38+00:00,
PyjE3Bg7VPQ,https://www.youtube.com/watch?v=PyjE3Bg7VPQ,https://www.youtube.com/watch?v=PyjE3Bg7VPQ&list=PLDDuEZQEC_uAuSrUXsFVBLNkPQY3BHzLQ&index=178&t=0s,Kargin Haghordum sketch 577 (Hayko Mko),KarginTV,UCEHF-l2v0qhi_IXzrfc3uZg,238,20121229,1496037,6703,,104.0,public,hy,"[""24""]","[""Kargin Haghordum"", ""Kargin haxordum"", ""Կարգին Հաղորդում"", ""Hayko Mko"", ""Armenian Humor"", ""Հայկո Մկո"", ""Հայկական Հումոր"", ""Hayko"", ""Mko"", ""Հյկո"", ""Մկո"", ""Kargin"", ""Կարգին"", ""Armenia Humor"", ""haykakan humor"", ""Armenian jokes"", ""HD"", ""humor"", ""Հումոր"", ""Kargin haxordum HD"", ""Kargin Haghordum HD"", ""Hayko Mko Kargin Haxordum"", ""jokes""]",,,,False,,,,"Կարգին Հաղորդում  
Hayko Mko Armenian Humor 
Հայկո Մկո Հայկական Հումոր",youtube,False,{},{},False,True,True,processed,hd,2d,rectangular,none,,0,api,2026-08-01T13:53:38+00:00,
gqX74mJk63I,https://www.youtube.com/watch?v=gqX74mJk63I,https://www.youtube.com/watch?v=gqX74mJk63I&list=PLDDuEZQEC_uAuSrUXsFVBLNkPQY3BHzLQ&index=179&t=0s,Kargin Haghordum sketch 578 (Hayko Mko),KarginTV,UCEHF-l2v0qhi_IXzrfc3uZg,134,20121229,415052,2145,,21.0,public,hy,"[""24""]","[""Kargin Haghordum"", ""Kargin haxordum"", ""Կարգին Հաղորդում"", ""Hayko Mko"", ""Armenian Humor"", ""Հայկո Մկո"", ""Հայկական Հումոր"", ""Hayko"", ""Mko"", ""Հյկո"", ""Մկո"", ""Kargin"", ""Կարգին"", ""Armenia Humor"", ""haykakan humor"", ""Armenian jokes"", ""HD"", ""humor"", ""Հումոր"", ""Kargin haxordum HD"", ""Kargin Haghordum HD"", ""Hayko Mko Kargin Haxordum"", ""jokes""]",,,,False,,,,"Կարգին Հաղորդում  
Hayko Mko Armenian Humor 
Հայկո Մկո Հայկական Հումոր",youtube,True,{},{},False,True,True,processed,hd,2d,rectangular,none,,0,api,2026-08-01T13:53:40+00:00,
hfQb2B0KVs4,https://www.youtube.com/watch?v=hfQb2B0KVs4,https://www.youtube.com/watch?v=hfQb2B0KVs4&list=PLDDuEZQEC_uAuSrUXsFVBLNkPQY3BHzLQ&index=180&t=0s,Kargin Haghordum sketch 579 (Hayko Mko),KarginTV,UCEHF-l2v0qhi_IXzrfc3uZg,103,20121229,171772,1057,,13.0,public,hy,"[""24""]","[""Kargin Haghordum"", ""Kargin haxordum"", ""Կարգին Հաղորդում"", ""Hayko Mko"", ""Armenian Humor"", ""Հայկո Մկո"", ""Հայկական Հումոր"", ""Hayko"", ""Mko"", ""Հյկո"", ""Մկո"", ""Kargin"", ""Կարգին"", ""Armenia Humor"", ""haykakan humor"", ""Armenian jokes"", ""HD"", ""humor"", ""Հումոր"", ""Kargin haxordum HD"", ""Kargin Haghordum HD"", ""Hayko Mko Kargin Haxordum"", ""jokes""]",,,,False,,,,"Կարգին Հաղորդում  
Hayko Mko Armenian Humor 
Հայկո Մկո Հայկական Հումոր",youtube,True,{},{},False,True,True,processed,hd,2d,rectangular,none,,0,api,2026-08-01T13:53:40+00:00,
DZERKfVqWmc,https://www.youtube.com/watch?v=DZERKfVqWmc,https://www.youtube.com/watch?v=DZERKfVqWmc&list=PLDDuEZQEC_uAuSrUXsFVBLNkPQY3BHzLQ&index=181&t=0s,Kargin Haghordum sketch 580 (Hayko Mko),KarginTV,UCEHF-l2v0qhi_IXzrfc3uZg,149,20121229,334782,2461,,57.0,public,hy,"[""24""]","[""Kargin Haghordum"", ""Kargin haxordum"", ""Կարգին Հաղորդում"", ""Hayko Mko"", ""Armenian Humor"", ""Հայկո Մկո"", ""Հայկական Հումոր"", ""Hayko"", ""Mko"", ""Հյկո"", ""Մկո"", ""Kargin"", ""Կարգին"", ""Armenia Humor"", ""haykakan humor"", ""Armenian jokes"", ""HD"", ""humor"", ""Հումոր"", ""Kargin haxordum HD"", ""Kargin Haghordum HD"", ""Hayko Mko Kargin Haxordum"", ""jokes""]",,,,False,,,,"Կարգին Հաղորդում  
Hayko Mko Armenian Humor 
Հայկո Մկո Հայկական Հումոր",youtube,False,{},{},False,True,True,processed,hd,2d,rectangular,none,,0,api,2026-08-01T13:53:40+00:00,
mrIUW3fCUUo,https://www.youtube.com/watch?v=mrIUW3fCUUo,https://www.youtube.com/watch?v=mrIUW3fCUUo&list=PLDDuEZQEC_uDcYhabzxMCFCs3vGGSGVX4&index=27&t=0s,Kargin Haghordum - Gomikavan (Hayko Mko),KarginTV,UCEHF-l2v0qhi_IXzrfc3uZg,1035,20121227,2176432,6993,,203.0,public,hy,"[""24""]","[""Kargin Haghordum"", ""Kargin haxordum"", ""Կարգին Հաղորդում"", ""Hayko Mko"", ""Armenian Humor"", ""Հայկո Մկո"", ""Հայկական Հումոր"", ""Hayko"", ""Mko"", ""Հյկո"", ""Մկո"", ""Kargin"", ""Կարգին"", ""Armenia Humor"", ""haykakan humor"", ""Armenian jokes"", ""HD"", ""humor"", ""Հումոր"", ""Kargin haxordum HD"", ""Kargin Haghordum HD"", ""Hayko Mko Kargin Haxordum"", ""jokes""]",,,,False,,,,"Կարգին Հաղորդում  
Hayko Mko Armenian Humor 
Հայկո Մկո Հայկական Հումոր",youtube,False,{},{},False,True,True,processed,hd,2d,rectangular,none,,0,api,2026-08-01T13:53:40+00:00,
E0apclx3wqU,https://www.youtube.com/watch?v=E0apclx3wqU,https://www.youtube.com/watch?v=E0apclx3wqU&list=PLDDuEZQEC_uDcYhabzxMCFCs3vGGSGVX4&index=28&t=0s,Kargin Haghordum sketch 227 (Hayko Mko),KarginTV,UCEHF-l2v0qhi_IXzrfc3uZg,877,20121228,1602372,5689,,133.0,public,hy,"[""24""]","[""Kargin Haghordum"", ""Kargin haxordum"", ""Կարգին Հաղորդում"", ""Hayko Mko"", ""Armenian Humor"", ""Հայկո Մկո"", ""Հայկական Հումոր"", ""Hayko"", ""Mko"", ""Հյկո"", ""Մկո"", ""Kargin"", ""Կարգին"", ""Armenia Humor"", ""haykakan humor"", ""Armenian jokes"", ""HD"", ""humor"", ""Հումոր"", ""Kargin haxordum HD"", ""Kargin Haghordum HD"", ""Hayko Mko Kargin Haxordum"", ""jokes""]",,,,False,,,,"Կարգին Հաղորդում  
Hayko Mko Armenian Humor 
Հայկո Մկո Հայկական Հումոր",youtube,False,{},{},False,True,True,processed,hd,2d,rectangular,none,,0,api,2026-08-01T13:53:40+00:00,
3UZOwmPovQ4,https://www.youtube.com/watch?v=3UZOwmPovQ4,https://www.youtube.com/watch?v=3UZOwmPovQ4&list=PLDDuEZQEC_uDcYhabzxMCFCs3vGGSGVX4&index=29&t=0s,Kargin Haghordum sketch 228 (Hayko Mko),KarginTV,UCEHF-l2v0qhi_IXzrfc3uZg,1068,20121228,3082679,10821,,306.0,public,hy,"[""24""]","[""Kargin Haghordum"", ""Kargin haxordum"", ""Կարգին Հաղորդում"", ""Hayko Mko"", ""Armenian Humor"", ""Հայկո Մկո"", ""Հայկական Հումոր"", ""Hayko"", ""Mko"", ""Հյկո"", ""Մկո"", ""Kargin"", ""Կարգին"", ""Armenia Humor"", ""haykakan humor"", ""Armenian jokes"", ""HD"", ""humor"", ""Հումոր"", ""Kargin haxordum HD"", ""Kargin Haghordum HD"", ""Hayko Mko Kargin Haxordum"", ""jokes""]",,,,False,,,,"Կարգին Հաղորդում  
Hayko Mko Armenian Humor 
Հայկո Մկո Հայկական Հումոր",youtube,False,"{""blocked"": [""RU""]}",{},False,True,True,processed,hd,2d,rectangular,none,,0,api,2026-08-01T13:53:40+00:00,
lO4fAllxmwc,https://www.youtube.com/watch?v=lO4fAllxmwc,https://www.youtube.com/watch?v=lO4fAllxmwc&list=PLDDuEZQEC_uDcYhabzxMCFCs3vGGSGVX4&index=30&t=0s,Kargin Haghordum - Annasun Erkira (Hayko Mko),KarginTV,UCEHF-l2v0qhi_IXzrfc3uZg,960,20121228,3493484,13174,,361.0,public,hy,"[""24""]","[""Kargin Haghordum"", ""Kargin haxordum"", ""Կարգին Հաղորդում"", ""Hayko Mko"", ""Armenian Humor"", ""Հայկո Մկո"", ""Հայկական Հումոր"", ""Hayko"", ""Mko"", ""Հյկո"", ""Մկո"", ""Kargin"", ""Կարգին"", ""Armenia Humor"", ""haykakan humor"", ""Armenian jokes"", ""HD"", ""humor"", ""Հումոր"", ""Kargin haxordum HD"", ""Kargin Haghordum HD"", ""Hayko Mko Kargin Haxordum"", ""jokes""]",,,,False,,,,"Կարգին Հաղորդում  
Hayko Mko Armenian Humor 
Հայկո Մկո Հայկական Հումոր",youtube,True,{},{},False,True,True,processed,hd,2d,rectangular,none,,0,api,2026-08-01T13:53:40+00:00,
L3CiQABljX8,https://www.youtube.com/watch?v=L3CiQABljX8,https://www.youtube.com/watch?v=L3CiQABljX8&list=PLDDuEZQEC_uDcYhabzxMCFCs3vGGSGVX4&index=31&t=0s,Kargin Haghordum sketch 230 (Hayko Mko),KarginTV,UCEHF-l2v0qhi_IXzrfc3uZg,566,20121228,2196476,10600,,175.0,public,hy,"[""24""]","[""Kargin Haghordum"", ""Kargin haxordum"", ""Կարգին Հաղորդում"", ""Hayko Mko"", ""Armenian Humor"", ""Հայկո Մկո"", ""Հայկական Հումոր"", ""Hayko"", ""Mko"", ""Հյկո"", ""Մկո"", ""Kargin"", ""Կարգին"", ""Armenia Humor"", ""haykakan humor"", ""Armenian jokes"", ""HD"", ""humor"", ""Հումոր"", ""Kargin haxordum HD"", ""Kargin Haghordum HD"", ""Hayko Mko Kargin Haxordum"", ""jokes""]",,,,False,,,,"Կարգին Հաղորդում  
Hayko Mko Armenian Humor 
Հայկո Մկո Հայկական Հումոր",youtube,False,{},{},False,True,True,processed,hd,2d,rectangular,none,,0,api,2026-08-01T13:53:40+00:00,
FtICIlsQLTA,https://www.youtube.com/watch?v=FtICIlsQLTA,https://www.youtube.com/watch?v=FtICIlsQLTA&list=PLDDuEZQEC_uDcYhabzxMCFCs3vGGSGVX4&index=32&t=0s,Kargin Haghordum sketch 231 (Hayko Mko),KarginTV,UCEHF-l2v0qhi_IXzrfc3uZg,57,20121228,611854,4377,,30.0,public,hy,"[""24""]","[""Kargin Haghordum"", ""Kargin haxordum"", ""Կարգին Հաղորդում"", ""Hayko Mko"", ""Armenian Humor"", ""Հայկո Մկո"", ""Հայկական Հումոր"", ""Hayko"", ""Mko"", ""Հյկո"", ""Մկո"", ""Kargin"", ""Կարգին"", ""Armenia Humor"", ""haykakan humor"", ""Armenian jokes"", ""HD"", ""humor"", ""Հումոր"", ""Kargin haxordum HD"", ""Kargin Haghordum HD"", ""Hayko Mko Kargin Haxordum"", ""jokes""]",,,,False,,,,"Կարգին Հաղորդում  
Hayko Mko Armenian Humor 
Հայկո Մկո Հայկական Հումոր",youtube,True,{},{},False,True,True,processed,hd,2d,rectangular,none,,0,api,2026-08-01T13:53:40+00:00,
lEnpko13tr0,https://www.youtube.com/watch?v=lEnpko13tr0,https://www.youtube.com/watch?v=lEnpko13tr0&list=PLDDuEZQEC_uDcYhabzxMCFCs3vGGSGVX4&index=33&t=0s,Kargin Haghordum sketch 232 (Hayko Mko),KarginTV,UCEHF-l2v0qhi_IXzrfc3uZg,211,20121228,1147267,4345,,110.0,public,hy,"[""24""]","[""Kargin Haghordum"", ""Kargin haxordum"", ""Կարգին Հաղորդում"", ""Hayko Mko"", ""Armenian Humor"", ""Հայկո Մկո"", ""Հայկական Հումոր"", ""Hayko"", ""Mko"", ""Հյկո"", ""Մկո"", ""Kargin"", ""Կարգին"", ""Armenia Humor"", ""haykakan humor"", ""Armenian jokes"", ""HD"", ""humor"", ""Հումոր"", ""Kargin haxordum HD"", ""Kargin Haghordum HD"", ""Hayko Mko Kargin Haxordum"", ""jokes""]",,,,False,,,,"Կարգին Հաղորդում  
Hayko Mko Armenian Humor 
Հայկո Մկո Հայկական Հումոր",youtube,True,{},{},False,True,True,processed,hd,2d,rectangular,none,,0,api,2026-08-01T13:53:40+00:00,
syOoThNi4Xs,https://www.youtube.com/watch?v=syOoThNi4Xs,https://www.youtube.com/watch?v=syOoThNi4Xs&list=PLDDuEZQEC_uDcYhabzxMCFCs3vGGSGVX4&index=34&t=0s,Kargin Haghordum sketch 233 (Hayko Mko),KarginTV,UCEHF-l2v0qhi_IXzrfc3uZg,199,20121228,425325,2486,,53.0,public,hy,"[""24""]","[""Kargin Haghordum"", ""Kargin haxordum"", ""Կարգին Հաղորդում"", ""Hayko Mko"", ""Armenian Humor"", ""Հայկո Մկո"", ""Հայկական Հումոր"", ""Hayko"", ""Mko"", ""Հյկո"", ""Մկո"", ""Kargin"", ""Կարգին"", ""Armenia Humor"", ""haykakan humor"", ""Armenian jokes"", ""HD"", ""humor"", ""Հումոր"", ""Kargin haxordum HD"", ""Kargin Haghordum HD"", ""Hayko Mko Kargin Haxordum"", ""jokes""]",,,,False,,,,"Կարգին Հաղորդում  
Hayko Mko Armenian Humor 
Հայկո Մկո Հայկական Հումոր",youtube,False,{},{},False,True,True,processed,hd,2d,rectangular,none,,0,api,2026-08-01T13:53:40+00:00,
J8d87i6o5Sw,https://www.youtube.com/watch?v=J8d87i6o5Sw,https://www.youtube.com/watch?v=J8d87i6o5Sw&list=PLDDuEZQEC_uDcYhabzxMCFCs3vGGSGVX4&index=35&t=0s,Kargin Haghordum sketch 234 (Hayko Mko),KarginTV,UCEHF-l2v0qhi_IXzrfc3uZg,116,20121228,1186264,5830,,113.0,public,hy,"[""24""]","[""Kargin Haghordum"", ""Kargin haxordum"", ""Կարգին Հաղորդում"", ""Hayko Mko"", ""Armenian Humor"", ""Հայկո Մկո"", ""Հայկական Հումոր"", ""Hayko"", ""Mko"", ""Հյկո"", ""Մկո"", ""Kargin"", ""Կարգին"", ""Armenia Humor"", ""haykakan humor"", ""Armenian jokes"", ""HD"", ""humor"", ""Հումոր"", ""Kargin haxordum HD"", ""Kargin Haghordum HD"", ""Hayko Mko Kargin Haxordum"", ""jokes""]",,,,False,,,,"Կարգին Հաղորդում  
Hayko Mko Armenian Humor 
Հայկո Մկո Հայկական Հումոր",youtube,False,"{""blocked"": [""BY"", ""RU""]}",{},False,True,True,processed,hd,2d,rectangular,none,,0,api,2026-08-01T13:53:40+00:00,
fGgYL8ceT-s,https://www.youtube.com/watch?v=fGgYL8ceT-s,https://www.youtube.com/watch?v=fGgYL8ceT-s&list=PLDDuEZQEC_uDcYhabzxMCFCs3vGGSGVX4&index=36&t=0s,Kargin Haghordum sketch 235 (Hayko Mko),KarginTV,UCEHF-l2v0qhi_IXzrfc3uZg,109,20121228,830247,4295,,44.0,public,hy,"[""24""]","[""Kargin Haghordum"", ""Kargin haxordum"", ""Կարգին Հաղորդում"", ""Hayko Mko"", ""Armenian Humor"", ""Հայկո Մկո"", ""Հայկական Հումոր"", ""Hayko"", ""Mko"", ""Հյկո"", ""Մկո"", ""Kargin"", ""Կարգին"", ""Armenia Humor"", ""haykakan humor"", ""Armenian jokes"", ""HD"", ""humor"", ""Հումոր"", ""Kargin haxordum HD"", ""Kargin Haghordum HD"", ""Hayko Mko Kargin Haxordum"", ""jokes""]",,,,False,,,,"Կարգին Հաղորդում  
Hayko Mko Armenian Humor 
Հայկո Մկո Հայկական Հումոր",youtube,True,{},{},False,True,True,processed,hd,2d,rectangular,none,,0,api,2026-08-01T13:53:40+00:00,
96mxdWDAUZU,https://www.youtube.com/watch?v=96mxdWDAUZU,https://www.youtube.com/watch?v=96mxdWDAUZU&list=PLDDuEZQEC_uDcYhabzxMCFCs3vGGSGVX4&index=37&t=0s,Kargin Haghordum sketch 236 (Hayko Mko),KarginTV,UCEHF-l2v0qhi_IXzrfc3uZg,124,20121228,714209,3619,,52.0,public,hy,"[""24""]","[""Kargin Haghordum"", ""Kargin haxordum"", ""Կարգին Հաղորդում"", ""Hayko Mko"", ""Armenian Humor"", ""Հայկո Մկո"", ""Հայկական Հումոր"", ""Hayko"", ""Mko"", ""Հյկո"", ""Մկո"", ""Kargin"", ""Կարգին"", ""Armenia Humor"", ""haykakan humor"", ""Armenian jokes"", ""HD"", ""humor"", ""Հումոր"", ""Kargin haxordum HD"", ""Kargin Haghordum HD"", ""Hayko Mko Kargin Haxordum"", ""jokes""]",,,,False,,,,"Կարգին Հաղորդում  
Hayko Mko Armenian Humor 
Հայկո Մկո Հայկական Հումոր",youtube,True,{},{},False,True,True,processed,hd,2d,rectangular,none,,0,api,2026-08-01T13:53:40+00:00,
dtB4fvHeUM8,https://www.youtube.com/watch?v=dtB4fvHeUM8,https://www.youtube.com/watch?v=dtB4fvHeUM8&list=PLDDuEZQEC_uDcYhabzxMCFCs3vGGSGVX4&index=38&t=0s,Kargin Haghordum sketch 237 (Hayko Mko),KarginTV,UCEHF-l2v0qhi_IXzrfc3uZg,255,20121228,1305300,7700,,110.0,public,hy,"[""24""]","[""Kargin Haghordum"", ""Kargin haxordum"", ""Կարգին Հաղորդում"", ""Hayko Mko"", ""Armenian Humor"", ""Հայկո Մկո"", ""Հայկական Հումոր"", ""Hayko"", ""Mko"", ""Հյկո"", ""Մկո"", ""Kargin"", ""Կարգին"", ""Armenia Humor"", ""haykakan humor"", ""Armenian jokes"", ""HD"", ""humor"", ""Հումոր"", ""Kargin haxordum HD"", ""Kargin Haghordum HD"", ""Hayko Mko Kargin Haxordum"", ""jokes""]",,,,False,,,,"Կարգին Հաղորդում  
Hayko Mko Armenian Humor 
Հայկո Մկո Հայկական Հումոր",youtube,False,{},{},False,True,True,processed,hd,2d,rectangular,none,,0,api,2026-08-01T13:53:40+00:00,
hvEGBlNOiu0,https://www.youtube.com/watch?v=hvEGBlNOiu0,https://www.youtube.com/watch?v=hvEGBlNOiu0&list=PLDDuEZQEC_uDcYhabzxMCFCs3vGGSGVX4&index=39&t=0s,Kargin Haghordum sketch 238 (Hayko Mko),KarginTV,UCEHF-l2v0qhi_IXzrfc3uZg,126,20121228,427463,2325,,47.0,public,hy,"[""24""]","[""Kargin Haghordum"", ""Kargin haxordum"", ""Կարգին Հաղորդում"", ""Hayko Mko"", ""Armenian Humor"", ""Հայկո Մկո"", ""Հայկական Հումոր"", ""Hayko"", ""Mko"", ""Հյկո"", ""Մկո"", ""Kargin"", ""Կարգին"", ""Armenia Humor"", ""haykakan humor"", ""Armenian jokes"", ""HD"", ""humor"", ""Հումոր"", ""Kargin haxordum HD"", ""Kargin Haghordum HD"", ""Hayko Mko Kargin Haxordum"", ""jokes""]",,,,False,,,,"Կարգին Հաղորդում  
Hayko Mko Armenian Humor 
Հայկո Մկո Հայկական Հումոր",youtube,False,{},{},False,True,True,processed,hd,2d,rectangular,none,,0,api,2026-08-01T13:53:40+00:00,
i6OOJVFZuw0,https://www.youtube.com/watch?v=i6OOJVFZuw0,https://www.youtube.com/watch?v=i6OOJVFZuw0&list=PLDDuEZQEC_uDcYhabzxMCFCs3vGGSGVX4&index=40&t=0s,Kargin Haghordum sketch 239 (Hayko Mko),KarginTV,UCEHF-l2v0qhi_IXzrfc3uZg,245,20121228,595467,3454,,86.0,public,hy,"[""24""]","[""Kargin Haghordum"", ""Kargin haxordum"", ""Կարգին Հաղորդում"", ""Hayko Mko"", ""Armenian Humor"", ""Հայկո Մկո"", ""Հայկական Հումոր"", ""Hayko"", ""Mko"", ""Հյկո"", ""Մկո"", ""Kargin"", ""Կարգին"", ""Armenia Humor"", ""haykakan humor"", ""Armenian jokes"", ""HD"", ""humor"", ""Հումոր"", ""Kargin haxordum HD"", ""Kargin Haghordum HD"", ""Hayko Mko Kargin Haxordum"", ""jokes""]",,,,False,,,,"Կարգին Հաղորդում  
Hayko Mko Armenian Humor 
Հայկո Մկո Հայկական Հումոր",youtube,True,{},{},False,True,True,processed,hd,2d,rectangular,none,,0,api,2026-08-01T13:53:40+00:00,
hg2wB7YOT_E,https://www.youtube.com/watch?v=hg2wB7YOT_E,https://www.youtube.com/watch?v=hg2wB7YOT_E&list=PLDDuEZQEC_uDcYhabzxMCFCs3vGGSGVX4&index=41&t=0s,Kargin Haghordum sketch 240 (Hayko Mko),KarginTV,UCEHF-l2v0qhi_IXzrfc3uZg,143,20121228,616509,3323,,42.0,public,hy,"[""24""]","[""Kargin Haghordum"", ""Kargin haxordum"", ""Կարգին Հաղորդում"", ""Hayko Mko"", ""Armenian Humor"", ""Հայկո Մկո"", ""Հայկական Հումոր"", ""Hayko"", ""Mko"", ""Հյկո"", ""Մկո"", ""Kargin"", ""Կարգին"", ""Armenia Humor"", ""haykakan humor"", ""Armenian jokes"", ""HD"", ""humor"", ""Հումոր"", ""Kargin haxordum HD"", ""Kargin Haghordum HD"", ""Hayko Mko Kargin Haxordum"", ""jokes""]",,,,False,,,,"Կարգին Հաղորդում  
Hayko Mko Armenian Humor 
Հայկո Մկո Հայկական Հումոր",youtube,False,"{""blocked"": [""RU""]}",{},False,True,True,processed,hd,2d,rectangular,none,,0,api,2026-08-01T13:53:40+00:00,
SQw0AhjhCPg,https://www.youtube.com/watch?v=SQw0AhjhCPg,https://www.youtube.com/watch?v=SQw0AhjhCPg&list=PLDDuEZQEC_uAuSrUXsFVBLNkPQY3BHzLQ&index=6&t=0s,Kargin Haghordum sketch 405 (Hayko Mko),KarginTV,UCEHF-l2v0qhi_IXzrfc3uZg,289,20121228,936177,3977,,58.0,public,hy,"[""24""]","[""Kargin Haghordum"", ""Kargin haxordum"", ""Կարգին Հաղորդում"", ""Hayko Mko"", ""Armenian Humor"", ""Հայկո Մկո"", ""Հայկական Հումոր"", ""Hayko"", ""Mko"", ""Հյկո"", ""Մկո"", ""Kargin"", ""Կարգին"", ""Armenia Humor"", ""haykakan humor"", ""Armenian jokes"", ""HD"", ""humor"", ""Հումոր"", ""Kargin haxordum HD"", ""Kargin Haghordum HD"", ""Hayko Mko Kargin Haxordum"", ""jokes""]",,,,False,,,,"Կարգին Հաղորդում  
Hayko Mko Armenian Humor 
Հայկո Մկո Հայկական Հումոր",youtube,True,{},{},False,True,True,processed,hd,2d,rectangular,none,,0,api,2026-08-01T13:53:40+00:00,
Tx4PpH29Dtw,https://www.youtube.com/watch?v=Tx4PpH29Dtw,https://www.youtube.com/watch?v=Tx4PpH29Dtw&list=PLDDuEZQEC_uAuSrUXsFVBLNkPQY3BHzLQ&index=7&t=0s,Kargin Haghordum sketch 406 (Hayko Mko),KarginTV,UCEHF-l2v0qhi_IXzrfc3uZg,277,20121228,1081781,4360,,46.0,public,hy,"[""24""]","[""Kargin Haghordum"", ""Kargin haxordum"", ""Կարգին Հաղորդում"", ""Hayko Mko"", ""Armenian Humor"", ""Հայկո Մկո"", ""Հայկական Հումոր"", ""Hayko"", ""Mko"", ""Հյկո"", ""Մկո"", ""Kargin"", ""Կարգին"", ""Armenia Humor"", ""haykakan humor"", ""Armenian jokes"", ""HD"", ""humor"", ""Հումոր"", ""Kargin haxordum HD"", ""Kargin Haghordum HD"", ""Hayko Mko Kargin Haxordum"", ""jokes""]",,,,False,,,,"Կարգին Հաղորդում  
Hayko Mko Armenian Humor 
Հայկո Մկո Հայկական Հումոր",youtube,True,{},{},False,True,True,processed,hd,2d,rectangular,none,,0,api,2026-08-01T13:53:40+00:00,
ZCKToD60iNY,https://www.youtube.com/watch?v=ZCKToD60iNY,https://www.youtube.com/watch?v=ZCKToD60iNY&list=PLDDuEZQEC_uAuSrUXsFVBLNkPQY3BHzLQ&index=8&t=0s,Kargin Haghordum sketch 407 (Hayko Mko),KarginTV,UCEHF-l2v0qhi_IXzrfc3uZg,175,20121228,2413875,11764,,254.0,public,hy,"[""24""]","[""Kargin Haghordum"", ""Kargin haxordum"", ""Կարգին Հաղորդում"", ""Hayko Mko"", ""Armenian Humor"", ""Հայկո Մկո"", ""Հայկական Հումոր"", ""Hayko"", ""Mko"", ""Հյկո"", ""Մկո"", ""Kargin"", ""Կարգին"", ""Armenia Humor"", ""haykakan humor"", ""Armenian jokes"", ""HD"", ""humor"", ""Հումոր"", ""Kargin haxordum HD"", ""Kargin Haghordum HD"", ""Hayko Mko Kargin Haxordum"", ""jokes""]",,,,False,,,,"Կարգին Հաղորդում  
Hayko Mko Armenian Humor 
Հայկո Մկո Հայկական Հումոր",youtube,True,{},{},False,True,True,processed,hd,2d,rectangular,none,,0,api,2026-08-01T13:53:40+00:00,
HuwjAoOzPXQ,https://www.youtube.com/watch?v=HuwjAoOzPXQ,https://www.youtube.com/watch?v=HuwjAoOzPXQ&list=PLDDuEZQEC_uAuSrUXsFVBLNkPQY3BHzLQ&index=9&t=0s,Kargin Haghordum sketch 408 (Hayko Mko),KarginTV,UCEHF-l2v0qhi_IXzrfc3uZg,198,20121228,904035,4215,,97.0,public,hy,"[""24""]","[""Kargin Haghordum"", ""Kargin haxordum"", ""Կարգին Հաղորդում"", ""Hayko Mko"", ""Armenian Humor"", ""Հայկո Մկո"", ""Հայկական Հումոր"", ""Hayko"", ""Mko"", ""Հյկո"", ""Մկո"", ""Kargin"", ""Կարգին"", ""Armenia Humor"", ""haykakan humor"", ""Armenian jokes"", ""HD"", ""humor"", ""Հումոր"", ""Kargin haxordum HD"", ""Kargin Haghordum HD"", ""Hayko Mko Kargin Haxordum"", ""jokes""]",,,,False,,,,"Կարգին Հաղորդում  
Hayko Mko Armenian Humor 
Հայկո Մկո Հայկական Հումոր",youtube,True,{},{},False,True,True,processed,hd,2d,rectangular,none,,0,api,2026-08-01T13:53:40+00:00,
K6xpw9baTrY,https://www.youtube.com/watch?v=K6xpw9baTrY,https://www.youtube.com/watch?v=K6xpw9baTrY&list=PLDDuEZQEC_uAuSrUXsFVBLNkPQY3BHzLQ&index=10&t=0s,Kargin Haghordum sketch 409 (Hayko Mko),KarginTV,UCEHF-l2v0qhi_IXzrfc3uZg,151,20121228,658934,1956,,29.0,public,hy,"[""24""]","[""Kargin Haghordum"", ""Kargin haxordum"", ""Կարգին Հաղորդում"", ""Hayko Mko"", ""Armenian Humor"", ""Հայկո Մկո"", ""Հայկական Հումոր"", ""Hayko"", ""Mko"", ""Հյկո"", ""Մկո"", ""Kargin"", ""Կարգին"", ""Armenia Humor"", ""haykakan humor"", ""Armenian jokes"", ""HD"", ""humor"", ""Հումոր"", ""Kargin haxordum HD"", ""Kargin Haghordum HD"", ""Hayko Mko Kargin Haxordum"", ""jokes""]",,,,False,,,,"Կարգին Հաղորդում  
Hayko Mko Armenian Humor 
Հայկո Մկո Հայկական Հումոր",youtube,True,{},{},False,True,True,processed,hd,2d,rectangular,none,,0,api,2026-08-01T13:53:40+00:00,
CcDMgyCFmVk,https://www.youtube.com/watch?v=CcDMgyCFmVk,https://www.youtube.com/watch?v=CcDMgyCFmVk&list=PLDDuEZQEC_uAuSrUXsFVBLNkPQY3BHzLQ&index=11&t=0s,Kargin Haghordum sketch 410 (Hayko Mko),KarginTV,UCEHF-l2v0qhi_IXzrfc3uZg,197,20121228,905040,3424,,43.0,public,hy,"[""24""]","[""Kargin Haghordum"", ""Kargin haxordum"", ""Կարգին Հաղորդում"", ""Hayko Mko"", ""Armenian Humor"", ""Հայկո Մկո"", ""Հայկական Հումոր"", ""Hayko"", ""Mko"", ""Հյկո"", ""Մկո"", ""Kargin"", ""Կարգին"", ""Armenia Humor"", ""haykakan humor"", ""Armenian jokes"", ""HD"", ""humor"", ""Հումոր"", ""Kargin haxordum HD"", ""Kargin Haghordum HD"", ""Hayko Mko Kargin Haxordum"", ""jokes""]",,,,False,,,,"Կարգին Հաղորդում  
Hayko Mko Armenian Humor 
Հայկո Մկո Հայկական Հումոր",youtube,True,{},{},False,True,True,processed,hd,2d,rectangular,none,,0,api,2026-08-01T13:53:40+00:00,
3zwRnUyE2Lw,https://www.youtube.com/watch?v=3zwRnUyE2Lw,https://www.youtube.com/watch?v=3zwRnUyE2Lw&list=PLDDuEZQEC_uAuSrUXsFVBLNkPQY3BHzLQ&index=13&t=0s,Kargin Haghordum sketch 412 (Hayko Mko),KarginTV,UCEHF-l2v0qhi_IXzrfc3uZg,43,20121228,792155,1719,,17.0,public,hy,"[""24""]","[""Kargin Haghordum"", ""Kargin haxordum"", ""Կարգին Հաղորդում"", ""Hayko Mko"", ""Armenian Humor"", ""Հայկո Մկո"", ""Հայկական Հումոր"", ""Hayko"", ""Mko"", ""Հյկո"", ""Մկո"", ""Kargin"", ""Կարգին"", ""Armenia Humor"", ""haykakan humor"", ""Armenian jokes"", ""HD"", ""humor"", ""Հումոր"", ""Kargin haxordum HD"", ""Kargin Haghordum HD"", ""Hayko Mko Kargin Haxordum"", ""jokes""]",,,,False,,,,"Կարգին Հաղորդում  
Hayko Mko Armenian Humor 
Հայկո Մկո Հայկական Հումոր",youtube,True,{},{},False,True,True,processed,hd,2d,rectangular,none,,0,api,2026-08-01T13:53:40+00:00,
h7IqrsqBy1M,https://www.youtube.com/watch?v=h7IqrsqBy1M,https://www.youtube.com/watch?v=h7IqrsqBy1M&list=PLDDuEZQEC_uAuSrUXsFVBLNkPQY3BHzLQ&index=15&t=0s,Kargin Haghordum sketch 414 (Hayko Mko),KarginTV,UCEHF-l2v0qhi_IXzrfc3uZg,129,20121228,411144,1857,,38.0,public,hy,"[""24""]","[""Kargin Haghordum"", ""Kargin haxordum"", ""Կարգին Հաղորդում"", ""Hayko Mko"", ""Armenian Humor"", ""Հայկո Մկո"", ""Հայկական Հումոր"", ""Hayko"", ""Mko"", ""Հյկո"", ""Մկո"", ""Kargin"", ""Կարգին"", ""Armenia Humor"", ""haykakan humor"", ""Armenian jokes"", ""HD"", ""humor"", ""Հումոր"", ""Kargin haxordum HD"", ""Kargin Haghordum HD"", ""Hayko Mko Kargin Haxordum"", ""jokes""]",,,,False,,,,"Կարգին Հաղորդում  
Hayko Mko Armenian Humor 
Հայկո Մկո Հայկական Հումոր",youtube,True,{},{},False,True,True,processed,hd,2d,rectangular,none,,0,api,2026-08-01T13:53:40+00:00,
VU8zjC3tRtk,https://www.youtube.com/watch?v=VU8zjC3tRtk,https://www.youtube.com/watch?v=VU8zjC3tRtk&list=PLDDuEZQEC_uAuSrUXsFVBLNkPQY3BHzLQ&index=16&t=0s,Kargin Haghordum sketch 415 (Hayko Mko),KarginTV,UCEHF-l2v0qhi_IXzrfc3uZg,168,20121228,604031,2531,,30.0,public,hy,"[""24""]","[""Kargin Haghordum"", ""Kargin haxordum"", ""Կարգին Հաղորդում"", ""Hayko Mko"", ""Armenian Humor"", ""Հայկո Մկո"", ""Հայկական Հումոր"", ""Hayko"", ""Mko"", ""Հյկո"", ""Մկո"", ""Kargin"", ""Կարգին"", ""Armenia Humor"", ""haykakan humor"", ""Armenian jokes"", ""HD"", ""humor"", ""Հումոր"", ""Kargin haxordum HD"", ""Kargin Haghordum HD"", ""Hayko Mko Kargin Haxordum"", ""jokes""]",,,,False,,,,"Կարգին Հաղորդում  
Hayko Mko Armenian Humor 
Հայկո Մկո Հայկական Հումոր",youtube,True,{},{},False,True,True,processed,hd,2d,rectangular,none,,0,api,2026-08-01T13:53:40+00:00,
zcRPQIR6CYk,https://www.youtube.com/watch?v=zcRPQIR6CYk,https://www.youtube.com/watch?v=zcRPQIR6CYk&list=PLDDuEZQEC_uAuSrUXsFVBLNkPQY3BHzLQ&index=17&t=0s,Kargin Haghordum sketch 416 (Hayko Mko),KarginTV,UCEHF-l2v0qhi_IXzrfc3uZg,191,20121228,595210,2418,,58.0,public,hy,"[""24""]","[""Kargin Haghordum"", ""Kargin haxordum"", ""Կարգին Հաղորդում"", ""Hayko Mko"", ""Armenian Humor"", ""Հայկո Մկո"", ""Հայկական Հումոր"", ""Hayko"", ""Mko"", ""Հյկո"", ""Մկո"", ""Kargin"", ""Կարգին"", ""Armenia Humor"", ""haykakan humor"", ""Armenian jokes"", ""HD"", ""humor"", ""Հումոր"", ""Kargin haxordum HD"", ""Kargin Haghordum HD"", ""Hayko Mko Kargin Haxordum"", ""jokes""]",,,,False,,,,"Կարգին Հաղորդում  
Hayko Mko Armenian Humor 
Հայկո Մկո Հայկական Հումոր",youtube,True,{},{},False,True,True,processed,hd,2d,rectangular,none,,0,api,2026-08-01T13:53:40+00:00,
-VwDzvytdbc,https://www.youtube.com/watch?v=-VwDzvytdbc,https://www.youtube.com/watch?v=-VwDzvytdbc&list=PLDDuEZQEC_uAuSrUXsFVBLNkPQY3BHzLQ&index=18&t=0s,Kargin Haghordum sketch 417 (Hayko Mko),KarginTV,UCEHF-l2v0qhi_IXzrfc3uZg,181,20121228,555014,2459,,29.0,public,hy,"[""24""]","[""Kargin Haghordum"", ""Kargin haxordum"", ""Կարգին Հաղորդում"", ""Hayko Mko"", ""Armenian Humor"", ""Հայկո Մկո"", ""Հայկական Հումոր"", ""Hayko"", ""Mko"", ""Հյկո"", ""Մկո"", ""Kargin"", ""Կարգին"", ""Armenia Humor"", ""haykakan humor"", ""Armenian jokes"", ""HD"", ""humor"", ""Հումոր"", ""Kargin haxordum HD"", ""Kargin Haghordum HD"", ""Hayko Mko Kargin Haxordum"", ""jokes""]",,,,False,,,,"Կարգին Հաղորդում  
Hayko Mko Armenian Humor 
Հայկո Մկո Հայկական Հումոր",youtube,True,{},{},False,True,True,processed,hd,2d,rectangular,none,,0,api,2026-08-01T13:53:40+00:00,
Xl9mFRcvF6Y,https://www.youtube.com/watch?v=Xl9mFRcvF6Y,https://www.youtube.com/watch?v=Xl9mFRcvF6Y&list=PLDDuEZQEC_uAuSrUXsFVBLNkPQY3BHzLQ&index=19&t=0s,Kargin Haghordum sketch 418 (Hayko Mko),KarginTV,UCEHF-l2v0qhi_IXzrfc3uZg,322,20121228,1150352,5019,,115.0,public,hy,"[""24""]","[""Kargin Haghordum"", ""Kargin haxordum"", ""Կարգին Հաղորդում"", ""Hayko Mko"", ""Armenian Humor"", ""Հայկո Մկո"", ""Հայկական Հումոր"", ""Hayko"", ""Mko"", ""Հյկո"", ""Մկո"", ""Kargin"", ""Կարգին"", ""Armenia Humor"", ""haykakan humor"", ""Armenian jokes"", ""HD"", ""humor"", ""Հումոր"", ""Kargin haxordum HD"", ""Kargin Haghordum HD"", ""Hayko Mko Kargin Haxordum"", ""jokes""]",,,,False,,,,"Կարգին Հաղորդում  
Hayko Mko Armenian Humor 
Հայկո Մկո Հայկական Հումոր",youtube,True,{},{},False,True,True,processed,hd,2d,rectangular,none,,0,api,2026-08-01T13:53:40+00:00,
DDKIuEPoY5Y,https://www.youtube.com/watch?v=DDKIuEPoY5Y,https://www.youtube.com/watch?v=DDKIuEPoY5Y&list=PLDDuEZQEC_uAuSrUXsFVBLNkPQY3BHzLQ&index=62&t=0s,Kargin Haghordum sketch 461 (Hayko Mko),KarginTV,UCEHF-l2v0qhi_IXzrfc3uZg,208,20121228,731923,3922,,71.0,public,hy,"[""24""]","[""Kargin Haghordum"", ""Kargin haxordum"", ""Կարգին Հաղորդում"", ""Hayko Mko"", ""Armenian Humor"", ""Հայկո Մկո"", ""Հայկական Հումոր"", ""Hayko"", ""Mko"", ""Հյկո"", ""Մկո"", ""Kargin"", ""Կարգին"", ""Armenia Humor"", ""haykakan humor"", ""Armenian jokes"", ""HD"", ""humor"", ""Հումոր"", ""Kargin haxordum HD"", ""Kargin Haghordum HD"", ""Hayko Mko Kargin Haxordum"", ""jokes""]",,,,False,,,,"Կարգին Հաղորդում  
Hayko Mko Armenian Humor 
Հայկո Մկո Հայկական Հումոր",youtube,True,{},{},False,True,True,processed,hd,2d,rectangular,none,,0,api,2026-08-01T13:53:40+00:00,
aYpOwxAtRuI,https://www.youtube.com/watch?v=aYpOwxAtRuI,https://www.youtube.com/watch?v=aYpOwxAtRuI&list=PLDDuEZQEC_uAuSrUXsFVBLNkPQY3BHzLQ&index=63&t=0s,Kargin Haghordum sketch 462 (Hayko Mko),KarginTV,UCEHF-l2v0qhi_IXzrfc3uZg,173,20121228,568601,2788,,58.0,public,hy,"[""24""]","[""Kargin Haghordum"", ""Kargin haxordum"", ""Կարգին Հաղորդում"", ""Hayko Mko"", ""Armenian Humor"", ""Հայկո Մկո"", ""Հայկական Հումոր"", ""Hayko"", ""Mko"", ""Հյկո"", ""Մկո"", ""Kargin"", ""Կարգին"", ""Armenia Humor"", ""haykakan humor"", ""Armenian jokes"", ""HD"", ""humor"", ""Հումոր"", ""Kargin haxordum HD"", ""Kargin Haghordum HD"", ""Hayko Mko Kargin Haxordum"", ""jokes""]",,,,False,,,,"Կարգին Հաղորդում  
Hayko Mko Armenian Humor 
Հայկո Մկո Հայկական Հումոր",youtube,False,{},{},False,True,True,processed,hd,2d,rectangular,none,,0,api,2026-08-01T13:53:40+00:00,
2V15_8OeTto,https://www.youtube.com/watch?v=2V15_8OeTto,https://www.youtube.com/watch?v=2V15_8OeTto&list=PLDDuEZQEC_uAuSrUXsFVBLNkPQY3BHzLQ&index=64&t=0s,Kargin Haghordum sketch 463 (Hayko Mko),KarginTV,UCEHF-l2v0qhi_IXzrfc3uZg,128,20121228,328929,1486,,27.0,public,hy,"[""24""]","[""Kargin Haghordum"", ""Kargin haxordum"", ""Կարգին Հաղորդում"", ""Hayko Mko"", ""Armenian Humor"", ""Հայկո Մկո"", ""Հայկական Հումոր"", ""Hayko"", ""Mko"", ""Հյկո"", ""Մկո"", ""Kargin"", ""Կարգին"", ""Armenia Humor"", ""haykakan humor"", ""Armenian jokes"", ""HD"", ""humor"", ""Հումոր"", ""Kargin haxordum HD"", ""Kargin Haghordum HD"", ""Hayko Mko Kargin Haxordum"", ""jokes""]",,,,False,,,,"Կարգին Հաղորդում  
Hayko Mko Armenian Humor 
Հայկո Մկո Հայկական Հումոր",youtube,True,{},{},False,True,True,processed,hd,2d,rectangular,none,,0,api,2026-08-01T13:53:40+00:00,
u1EtmLaMt5Y,https://www.youtube.com/watch?v=u1EtmLaMt5Y,https://www.youtube.com/watch?v=u1EtmLaMt5Y&list=PLDDuEZQEC_uAuSrUXsFVBLNkPQY3BHzLQ&index=65&t=0s,Kargin Haghordum sketch 464 (Hayko Mko),KarginTV,UCEHF-l2v0qhi_IXzrfc3uZg,155,20121228,465680,2489,,73.0,public,hy,"[""24""]","[""Kargin Haghordum"", ""Kargin haxordum"", ""Կարգին Հաղորդում"", ""Hayko Mko"", ""Armenian Humor"", ""Հայկո Մկո"", ""Հայկական Հումոր"", ""Hayko"", ""Mko"", ""Հյկո"", ""Մկո"", ""Kargin"", ""Կարգին"", ""Armenia Humor"", ""haykakan humor"", ""Armenian jokes"", ""HD"", ""humor"", ""Հումոր"", ""Kargin haxordum HD"", ""Kargin Haghordum HD"", ""Hayko Mko Kargin Haxordum"", ""jokes""]",,,,False,,,,"Կարգին Հաղորդում  
Hayko Mko Armenian Humor 
Հայկո Մկո Հայկական Հումոր",youtube,True,{},{},False,True,True,processed,hd,2d,rectangular,none,,0,api,2026-08-01T13:53:40+00:00,
o_E51E2o07Y,https://www.youtube.com/watch?v=o_E51E2o07Y,https://www.youtube.com/watch?v=o_E51E2o07Y&list=PLDDuEZQEC_uAuSrUXsFVBLNkPQY3BHzLQ&index=66&t=0s,Kargin Haghordum sketch 465 (Hayko Mko),KarginTV,UCEHF-l2v0qhi_IXzrfc3uZg,176,20121228,1648704,5524,,113.0,public,hy,"[""24""]","[""Kargin Haghordum"", ""Kargin haxordum"", ""Կարգին Հաղորդում"", ""Hayko Mko"", ""Armenian Humor"", ""Հայկո Մկո"", ""Հայկական Հումոր"", ""Hayko"", ""Mko"", ""Հյկո"", ""Մկո"", ""Kargin"", ""Կարգին"", ""Armenia Humor"", ""haykakan humor"", ""Armenian jokes"", ""HD"", ""humor"", ""Հումոր"", ""Kargin haxordum HD"", ""Kargin Haghordum HD"", ""Hayko Mko Kargin Haxordum"", ""jokes""]",,,,False,,,,"Կարգին Հաղորդում  
Hayko Mko Armenian Humor 
Հայկո Մկո Հայկական Հումոր",youtube,False,{},{},False,True,True,processed,hd,2d,rectangular,none,,0,api,2026-08-01T13:53:40+00:00,
R6VbgKcNBYY,https://www.youtube.com/watch?v=R6VbgKcNBYY,https://www.youtube.com/watch?v=R6VbgKcNBYY&list=PLDDuEZQEC_uAuSrUXsFVBLNkPQY3BHzLQ&index=67&t=0s,Kargin Haghordum sketch 466 (Hayko Mko),KarginTV,UCEHF-l2v0qhi_IXzrfc3uZg,268,20121228,636896,3158,,46.0,public,hy,"[""24""]","[""Kargin Haghordum"", ""Kargin haxordum"", ""Կարգին Հաղորդում"", ""Hayko Mko"", ""Armenian Humor"", ""Հայկո Մկո"", ""Հայկական Հումոր"", ""Hayko"", ""Mko"", ""Հյկո"", ""Մկո"", ""Kargin"", ""Կարգին"", ""Armenia Humor"", ""haykakan humor"", ""Armenian jokes"", ""HD"", ""humor"", ""Հումոր"", ""Kargin haxordum HD"", ""Kargin Haghordum HD"", ""Hayko Mko Kargin Haxordum"", ""jokes""]",,,,False,,,,"Կարգին Հաղորդում  
Hayko Mko Armenian Humor 
Հայկո Մկո Հայկական Հումոր",youtube,False,{},{},False,True,True,processed,hd,2d,rectangular,none,,0,api,2026-08-01T13:53:40+00:00,
83J-iWzByxo,https://www.youtube.com/watch?v=83J-iWzByxo,https://www.youtube.com/watch?v=83J-iWzByxo&list=PLDDuEZQEC_uAuSrUXsFVBLNkPQY3BHzLQ&index=68&t=0s,Kargin Haghordum sketch 467 (Hayko Mko),KarginTV,UCEHF-l2v0qhi_IXzrfc3uZg,137,20121228,567795,2049,,39.0,public,hy,"[""24""]","[""Kargin Haghordum"", ""Kargin haxordum"", ""Կարգին Հաղորդում"", ""Hayko Mko"", ""Armenian Humor"", ""Հայկո Մկո"", ""Հայկական Հումոր"", ""Hayko"", ""Mko"", ""Հյկո"", ""Մկո"", ""Kargin"", ""Կարգին"", ""Armenia Humor"", ""haykakan humor"", ""Armenian jokes"", ""HD"", ""humor"", ""Հումոր"", ""Kargin haxordum HD"", ""Kargin Haghordum HD"", ""Hayko Mko Kargin Haxordum"", ""jokes""]",,,,False,,,,"Կարգին Հաղորդում  
Hayko Mko Armenian Humor 
Հայկո Մկո Հայկական Հումոր",youtube,True,{},{},False,True,True,processed,hd,2d,rectangular,none,,0,api,2026-08-01T13:53:40+00:00,
XnG-IxtQs2Y,https://www.youtube.com/watch?v=XnG-IxtQs2Y,https://www.youtube.com/watch?v=XnG-IxtQs2Y&list=PLDDuEZQEC_uAuSrUXsFVBLNkPQY3BHzLQ&index=69&t=0s,Kargin Haghordum sketch 468 (Hayko Mko),KarginTV,UCEHF-l2v0qhi_IXzrfc3uZg,130,20121228,726287,3590,,30.0,public,hy,"[""24""]","[""Kargin Haghordum"", ""Kargin haxordum"", ""Կարգին Հաղորդում"", ""Hayko Mko"", ""Armenian Humor"", ""Հայկո Մկո"", ""Հայկական Հումոր"", ""Hayko"", ""Mko"", ""Հյկո"", ""Մկո"", ""Kargin"", ""Կարգին"", ""Armenia Humor"", ""haykakan humor"", ""Armenian jokes"", ""HD"", ""humor"", ""Հումոր"", ""Kargin haxordum HD"", ""Kargin Haghordum HD"", ""Hayko Mko Kargin Haxordum"", ""jokes""]",,,,False,,,,"Կարգին Հաղորդում  
Hayko Mko Armenian Humor 
Հայկո Մկո Հայկական Հումոր",youtube,True,{},{},False,True,True,processed,hd,2d,rectangular,none,,0,api,2026-08-01T13:53:40+00:00,
7k0hfLEtvmQ,https://www.youtube.com/watch?v=7k0hfLEtvmQ,https://www.youtube.com/watch?v=7k0hfLEtvmQ&list=PLDDuEZQEC_uAuSrUXsFVBLNkPQY3BHzLQ&index=70&t=0s,Kargin Haghordum sketch 469 (Hayko Mko),KarginTV,UCEHF-l2v0qhi_IXzrfc3uZg,170,20121228,828258,4241,,45.0,public,hy,"[""24""]","[""Kargin Haghordum"", ""Kargin haxordum"", ""Կարգին Հաղորդում"", ""Hayko Mko"", ""Armenian Humor"", ""Հայկո Մկո"", ""Հայկական Հումոր"", ""Hayko"", ""Mko"", ""Հյկո"", ""Մկո"", ""Kargin"", ""Կարգին"", ""Armenia Humor"", ""haykakan humor"", ""Armenian jokes"", ""HD"", ""humor"", ""Հումոր"", ""Kargin haxordum HD"", ""Kargin Haghordum HD"", ""Hayko Mko Kargin Haxordum"", ""jokes""]",,,,False,,,,"Կարգին Հաղորդում  
Hayko Mko Armenian Humor 
Հայկո Մկո Հայկական Հումոր",youtube,True,{},{},False,True,True,processed,hd,2d,rectangular,none,,0,api,2026-08-01T13:53:40+00:00,
f1rGyGwoJ68,https://www.youtube.com/watch?v=f1rGyGwoJ68,https://www.youtube.com/watch?v=f1rGyGwoJ68&list=PLDDuEZQEC_uAuSrUXsFVBLNkPQY3BHzLQ&index=71&t=0s,Kargin Haghordum sketch 470 (Hayko Mko),KarginTV,UCEHF-l2v0qhi_IXzrfc3uZg,185,20121228,418060,2029,,36.0,public,hy,"[""24""]","[""Kargin Haghordum"", ""Kargin haxordum"", ""Կարգին Հաղորդում"", ""Hayko Mko"", ""Armenian Humor"", ""Հայկո Մկո"", ""Հայկական Հումոր"", ""Hayko"", ""Mko"", ""Հյկո"", ""Մկո"", ""Kargin"", ""Կարգին"", ""Armenia Humor"", ""haykakan humor"", ""Armenian jokes"", ""HD"", ""humor"", ""Հումոր"", ""Kargin haxordum HD"", ""Kargin Haghordum HD"", ""Hayko Mko Kargin Haxordum"", ""jokes""]",,,,False,,,,"Կարգին Հաղորդում  
Hayko Mko Armenian Humor 
Հայկո Մկո Հայկական Հումոր",youtube,True,{},{},False,True,True,processed,hd,2d,rectangular,none,,0,api,2026-08-01T13:53:40+00:00,
R37WlCTJ_CI,https://www.youtube.com/watch?v=R37WlCTJ_CI,https://www.youtube.com/watch?v=R37WlCTJ_CI&list=PLDDuEZQEC_uAuSrUXsFVBLNkPQY3BHzLQ&index=72&t=0s,Kargin Haghordum sketch 471 (Hayko Mko),KarginTV,UCEHF-l2v0qhi_IXzrfc3uZg,313,20121228,1853282,8659,,237.0,public,hy,"[""24""]","[""Kargin Haghordum"", ""Kargin haxordum"", ""Կարգին Հաղորդում"", ""Hayko Mko"", ""Armenian Humor"", ""Հայկո Մկո"", ""Հայկական Հումոր"", ""Hayko"", ""Mko"", ""Հյկո"", ""Մկո"", ""Kargin"", ""Կարգին"", ""Armenia Humor"", ""haykakan humor"", ""Armenian jokes"", ""HD"", ""humor"", ""Հումոր"", ""Kargin haxordum HD"", ""Kargin Haghordum HD"", ""Hayko Mko Kargin Haxordum"", ""jokes""]",,,,False,,,,"Կարգին Հաղորդում  
Hayko Mko Armenian Humor 
Հայկո Մկո Հայկական Հումոր",youtube,False,{},{},False,True,True,processed,hd,2d,rectangular,none,,0,api,2026-08-01T13:53:40+00:00,
rGxJc7LyiKs,https://www.youtube.com/watch?v=rGxJc7LyiKs,https://www.youtube.com/watch?v=rGxJc7LyiKs&list=PLDDuEZQEC_uAuSrUXsFVBLNkPQY3BHzLQ&index=73&t=0s,Kargin Haghordum sketch 472 (Hayko Mko),KarginTV,UCEHF-l2v0qhi_IXzrfc3uZg,112,20121228,825876,3179,,36.0,public,hy,"[""24""]","[""Kargin Haghordum"", ""Kargin haxordum"", ""Կարգին Հաղորդում"", ""Hayko Mko"", ""Armenian Humor"", ""Հայկո Մկո"", ""Հայկական Հումոր"", ""Hayko"", ""Mko"", ""Հյկո"", ""Մկո"", ""Kargin"", ""Կարգին"", ""Armenia Humor"", ""haykakan humor"", ""Armenian jokes"", ""HD"", ""humor"", ""Հումոր"", ""Kargin haxordum HD"", ""Kargin Haghordum HD"", ""Hayko Mko Kargin Haxordum"", ""jokes""]",,,,False,,,,"Կարգին Հաղորդում  
Hayko Mko Armenian Humor 
Հայկո Մկո Հայկական Հումոր",youtube,False,{},{},False,True,True,processed,hd,2d,rectangular,none,,0,api,2026-08-01T13:53:40+00:00,
vbWvlxJnC_w,https://www.youtube.com/watch?v=vbWvlxJnC_w,https://www.youtube.com/watch?v=vbWvlxJnC_w&list=PLDDuEZQEC_uAuSrUXsFVBLNkPQY3BHzLQ&index=74&t=0s,Kargin Haghordum sketch 473 (Hayko Mko),KarginTV,UCEHF-l2v0qhi_IXzrfc3uZg,188,20121228,791666,3395,,59.0,public,hy,"[""24""]","[""Kargin Haghordum"", ""Kargin haxordum"", ""Կարգին Հաղորդում"", ""Hayko Mko"", ""Armenian Humor"", ""Հայկո Մկո"", ""Հայկական Հումոր"", ""Hayko"", ""Mko"", ""Հյկո"", ""Մկո"", ""Kargin"", ""Կարգին"", ""Armenia Humor"", ""haykakan humor"", ""Armenian jokes"", ""HD"", ""humor"", ""Հումոր"", ""Kargin haxordum HD"", ""Kargin Haghordum HD"", ""Hayko Mko Kargin Haxordum"", ""jokes""]",,,,False,,,,"Կարգին Հաղորդում  
Hayko Mko Armenian Humor 
Հայկո Մկո Հայկական Հումոր",youtube,True,{},{},False,True,True,processed,hd,2d,rectangular,none,,0,api,2026-08-01T13:53:40+00:00,
Y9fj6fuNFfA,https://www.youtube.com/watch?v=Y9fj6fuNFfA,https://www.youtube.com/watch?v=Y9fj6fuNFfA&list=PLDDuEZQEC_uAuSrUXsFVBLNkPQY3BHzLQ&index=75&t=0s,Kargin Haghordum sketch 474 (Hayko Mko),KarginTV,UCEHF-l2v0qhi_IXzrfc3uZg,232,20121228,639457,2973,,54.0,public,hy,"[""24""]","[""Kargin Haghordum"", ""Kargin haxordum"", ""Կարգին Հաղորդում"", ""Hayko Mko"", ""Armenian Humor"", ""Հայկո Մկո"", ""Հայկական Հումոր"", ""Hayko"", ""Mko"", ""Հյկո"", ""Մկո"", ""Kargin"", ""Կարգին"", ""Armenia Humor"", ""haykakan humor"", ""Armenian jokes"", ""HD"", ""humor"", ""Հումոր"", ""Kargin haxordum HD"", ""Kargin Haghordum HD"", ""Hayko Mko Kargin Haxordum"", ""jokes""]",,,,False,,,,"Կարգին Հաղորդում  
Hayko Mko Armenian Humor 
Հայկո Մկո Հայկական Հումոր",youtube,False,{},{},False,True,True,processed,hd,2d,rectangular,none,,0,api,2026-08-01T13:53:40+00:00,
_OF9JzCnuPY,https://www.youtube.com/watch?v=_OF9JzCnuPY,https://www.youtube.com/watch?v=_OF9JzCnuPY&list=PLDDuEZQEC_uAuSrUXsFVBLNkPQY3BHzLQ&index=76&t=0s,Kargin Haghordum sketch 475 (Hayko Mko),KarginTV,UCEHF-l2v0qhi_IXzrfc3uZg,359,20121228,1952108,9461,,214.0,public,hy,"[""24""]","[""Kargin Haghordum"", ""Kargin haxordum"", ""Կարգին Հաղորդում"", ""Hayko Mko"", ""Armenian Humor"", ""Հայկո Մկո"", ""Հայկական Հումոր"", ""Hayko"", ""Mko"", ""Հյկո"", ""Մկո"", ""Kargin"", ""Կարգին"", ""Armenia Humor"", ""haykakan humor"", ""Armenian jokes"", ""HD"", ""humor"", ""Հումոր"", ""Kargin haxordum HD"", ""Kargin Haghordum HD"", ""Hayko Mko Kargin Haxordum"", ""jokes""]",,,,False,,,,"Կարգին Հաղորդում  
Hayko Mko Armenian Humor 
Հայկո Մկո Հայկական Հումոր",youtube,False,{},{},False,True,True,processed,hd,2d,rectangular,none,,0,api,2026-08-01T13:53:40+00:00,
Xk6LJCfLsSU,https://www.youtube.com/watch?v=Xk6LJCfLsSU,https://www.youtube.com/watch?v=Xk6LJCfLsSU&list=PLDDuEZQEC_uAuSrUXsFVBLNkPQY3BHzLQ&index=77&t=0s,Kargin Haghordum sketch 476 (Hayko Mko),KarginTV,UCEHF-l2v0qhi_IXzrfc3uZg,194,20121228,494845,2760,,27.0,public,hy,"[""24""]","[""Kargin Haghordum"", ""Kargin haxordum"", ""Կարգին Հաղորդում"", ""Hayko Mko"", ""Armenian Humor"", ""Հայկո Մկո"", ""Հայկական Հումոր"", ""Hayko"", ""Mko"", ""Հյկո"", ""Մկո"", ""Kargin"", ""Կարգին"", ""Armenia Humor"", ""haykakan humor"", ""Armenian jokes"", ""HD"", ""humor"", ""Հումոր"", ""Kargin haxordum HD"", ""Kargin Haghordum HD"", ""Hayko Mko Kargin Haxordum"", ""jokes""]",,,,False,,,,"Կարգին Հաղորդում  
Hayko Mko Armenian Humor 
Հայկո Մկո Հայկական Հումոր",youtube,False,{},{},False,True,True,processed,hd,2d,rectangular,none,,0,api,2026-08-01T13:53:40+00:00,
Ehr0llqH58A,https://www.youtube.com/watch?v=Ehr0llqH58A,https://www.youtube.com/watch?v=Ehr0llqH58A&list=PLDDuEZQEC_uAuSrUXsFVBLNkPQY3BHzLQ&index=78&t=0s,Kargin Haghordum sketch 477 (Hayko Mko),KarginTV,UCEHF-l2v0qhi_IXzrfc3uZg,127,20121228,1506660,5800,,82.0,public,hy,"[""24""]","[""Kargin Haghordum"", ""Kargin haxordum"", ""Կարգին Հաղորդում"", ""Hayko Mko"", ""Armenian Humor"", ""Հայկո Մկո"", ""Հայկական Հումոր"", ""Hayko"", ""Mko"", ""Հյկո"", ""Մկո"", ""Kargin"", ""Կարգին"", ""Armenia Humor"", ""haykakan humor"", ""Armenian jokes"", ""HD"", ""humor"", ""Հումոր"", ""Kargin haxordum HD"", ""Kargin Haghordum HD"", ""Hayko Mko Kargin Haxordum"", ""jokes""]",,,,False,,,,"Կարգին Հաղորդում  
Hayko Mko Armenian Humor 
Հայկո Մկո Հայկական Հումոր",youtube,True,{},{},False,True,True,processed,hd,2d,rectangular,none,,0,api,2026-08-01T13:53:40+00:00,
7KKsmTxazyY,https://www.youtube.com/watch?v=7KKsmTxazyY,https://www.youtube.com/watch?v=7KKsmTxazyY&list=PLDDuEZQEC_uAuSrUXsFVBLNkPQY3BHzLQ&index=79&t=0s,Kargin Haghordum sketch 478 (Hayko Mko),KarginTV,UCEHF-l2v0qhi_IXzrfc3uZg,186,20121228,84465,471,,13.0,public,hy,"[""24""]","[""Kargin Haghordum"", ""Kargin haxordum"", ""Կարգին Հաղորդում"", ""Hayko Mko"", ""Armenian Humor"", ""Հայկո Մկո"", ""Հայկական Հումոր"", ""Hayko"", ""Mko"", ""Հյկո"", ""Մկո"", ""Kargin"", ""Կարգին"", ""Armenia Humor"", ""haykakan humor"", ""Armenian jokes"", ""HD"", ""humor"", ""Հումոր"", ""Kargin haxordum HD"", ""Kargin Haghordum HD"", ""Hayko Mko Kargin Haxordum"", ""jokes""]",,,,False,,,,"Կարգին Հաղորդում  
Hayko Mko Armenian Humor 
Հայկո Մկո Հայկական Հումոր",youtube,False,{},{},False,True,True,processed,hd,2d,rectangular,none,,0,api,2026-08-01T13:53:40+00:00,
kc_5NV5QkFI,https://www.youtube.com/watch?v=kc_5NV5QkFI,https://www.youtube.com/watch?v=kc_5NV5QkFI&list=PLDDuEZQEC_uAuSrUXsFVBLNkPQY3BHzLQ&index=80&t=0s,Kargin Haghordum sketch 479 (Hayko Mko),KarginTV,UCEHF-l2v0qhi_IXzrfc3uZg,87,20121228,189230,1469,,16.0,public,hy,"[""24""]","[""Kargin Haghordum"", ""Kargin haxordum"", ""Կարգին Հաղորդում"", ""Hayko Mko"", ""Armenian Humor"", ""Հայկո Մկո"", ""Հայկական Հումոր"", ""Hayko"", ""Mko"", ""Հյկո"", ""Մկո"", ""Kargin"", ""Կարգին"", ""Armenia Humor"", ""haykakan humor"", ""Armenian jokes"", ""HD"", ""humor"", ""Հումոր"", ""Kargin haxordum HD"", ""Kargin Haghordum HD"", ""Hayko Mko Kargin Haxordum"", ""jokes""]",,,,False,,,,"Կարգին Հաղորդում  
Hayko Mko Armenian Humor 
Հայկո Մկո Հայկական Հումոր",youtube,True,{},{},False,True,True,processed,hd,2d,rectangular,none,,0,api,2026-08-01T13:53:40+00:00,
3d2XLlAcU6s,https://www.youtube.com/watch?v=3d2XLlAcU6s,https://www.youtube.com/watch?v=3d2XLlAcU6s&list=PLDDuEZQEC_uAuSrUXsFVBLNkPQY3BHzLQ&index=81&t=0s,Kargin Haghordum sketch 480 (Hayko Mko),KarginTV,UCEHF-l2v0qhi_IXzrfc3uZg,177,20121228,203333,1224,,25.0,public,hy,"[""24""]","[""Kargin Haghordum"", ""Kargin haxordum"", ""Կարգին Հաղորդում"", ""Hayko Mko"", ""Armenian Humor"", ""Հայկո Մկո"", ""Հայկական Հումոր"", ""Hayko"", ""Mko"", ""Հյկո"", ""Մկո"", ""Kargin"", ""Կարգին"", ""Armenia Humor"", ""haykakan humor"", ""Armenian jokes"", ""HD"", ""humor"", ""Հումոր"", ""Kargin haxordum HD"", ""Kargin Haghordum HD"", ""Hayko Mko Kargin Haxordum"", ""jokes""]",,,,False,,,,"Կարգին Հաղորդում  
Hayko Mko Armenian Humor 
Հայկո Մկո Հայկական Հումոր",youtube,False,{},{},False,True,True,processed,hd,2d,rectangular,none,,0,api,2026-08-01T13:53:40+00:00,
Jbh5eTLRTlI,https://www.youtube.com/watch?v=Jbh5eTLRTlI,https://www.youtube.com/watch?v=Jbh5eTLRTlI&list=PLDDuEZQEC_uDcYhabzxMCFCs3vGGSGVX4&index=83&t=0s,Kargin Haghordum sketch 282 (Hayko Mko),KarginTV,UCEHF-l2v0qhi_IXzrfc3uZg,253,20121228,164840,1123,,32.0,public,hy,"[""24""]","[""Kargin Haghordum"", ""Kargin haxordum"", ""Կարգին Հաղորդում"", ""Hayko Mko"", ""Armenian Humor"", ""Հայկո Մկո"", ""Հայկական Հումոր"", ""Hayko"", ""Mko"", ""Հյկո"", ""Մկո"", ""Kargin"", ""Կարգին"", ""Armenia Humor"", ""haykakan humor"", ""Armenian jokes"", ""HD"", ""humor"", ""Հումոր"", ""Kargin haxordum HD"", ""Kargin Haghordum HD"", ""Hayko Mko Kargin Haxordum"", ""jokes""]",,,,False,,,,"Կարգին Հաղորդում  
Hayko Mko Armenian Humor 
Հայկո Մկո Հայկական Հումոր",youtube,False,{},{},False,True,True,processed,hd,2d,rectangular,none,,0,api,2026-08-01T13:53:41+00:00,
no4ep1gH5g4,https://www.youtube.com/watch?v=no4ep1gH5g4,https://www.youtube.com/watch?v=no4ep1gH5g4&list=PLDDuEZQEC_uDcYhabzxMCFCs3vGGSGVX4&index=84&t=0s,Kargin Haghordum sketch 283 (Hayko Mko),KarginTV,UCEHF-l2v0qhi_IXzrfc3uZg,69,20121228,114399,680,,13.0,public,hy,"[""24""]","[""Kargin Haghordum"", ""Kargin haxordum"", ""Կարգին Հաղորդում"", ""Hayko Mko"", ""Armenian Humor"", ""Հայկո Մկո"", ""Հայկական Հումոր"", ""Hayko"", ""Mko"", ""Հյկո"", ""Մկո"", ""Kargin"", ""Կարգին"", ""Armenia Humor"", ""haykakan humor"", ""Armenian jokes"", ""HD"", ""humor"", ""Հումոր"", ""Kargin haxordum HD"", ""Kargin Haghordum HD"", ""Hayko Mko Kargin Haxordum"", ""jokes""]",,,,False,,,,"Կարգին Հաղորդում  
Hayko Mko Armenian Humor 
Հայկո Մկո Հայկական Հումոր",youtube,True,{},{},False,True,True,processed,hd,2d,rectangular,none,,0,api,2026-08-01T13:53:41+00:00,
g_3SkZC0-RE,https://www.youtube.com/watch?v=g_3SkZC0-RE,https://www.youtube.com/watch?v=g_3SkZC0-RE&list=PLDDuEZQEC_uDcYhabzxMCFCs3vGGSGVX4&index=85&t=0s,Kargin Haghordum sketch 284 (Hayko Mko),KarginTV,UCEHF-l2v0qhi_IXzrfc3uZg,126,20121228,787948,2617,,30.0,public,hy,"[""24""]","[""Kargin Haghordum"", ""Kargin haxordum"", ""Կարգին Հաղորդում"", ""Hayko Mko"", ""Armenian Humor"", ""Հայկո Մկո"", ""Հայկական Հումոր"", ""Hayko"", ""Mko"", ""Հյկո"", ""Մկո"", ""Kargin"", ""Կարգին"", ""Armenia Humor"", ""haykakan humor"", ""Armenian jokes"", ""HD"", ""humor"", ""Հումոր"", ""Kargin haxordum HD"", ""Kargin Haghordum HD"", ""Hayko Mko Kargin Haxordum"", ""jokes""]",,,,False,,,,"Կարգին Հաղորդում  
Hayko Mko Armenian Humor 
Հայկո Մկո Հայկական Հումոր",youtube,False,"{""blocked"": [""RU""]}",{},False,True,True,processed,hd,2d,rectangular,none,,0,api,2026-08-01T13:53:41+00:00,
Vh6QG5UZdFc,https://www.youtube.com/watch?v=Vh6QG5UZdFc,https://www.youtube.com/watch?v=Vh6QG5UZdFc&list=PLDDuEZQEC_uDcYhabzxMCFCs3vGGSGVX4&index=86&t=0s,Kargin Haghordum sketch 285 (Hayko Mko),KarginTV,UCEHF-l2v0qhi_IXzrfc3uZg,193,20121228,729950,3734,,107.0,public,hy,"[""24""]","[""Kargin Haghordum"", ""Kargin haxordum"", ""Կարգին Հաղորդում"", ""Hayko Mko"", ""Armenian Humor"", ""Հայկո Մկո"", ""Հայկական Հումոր"", ""Hayko"", ""Mko"", ""Հյկո"", ""Մկո"", ""Kargin"", ""Կարգին"", ""Armenia Humor"", ""haykakan humor"", ""Armenian jokes"", ""HD"", ""humor"", ""Հումոր"", ""Kargin haxordum HD"", ""Kargin Haghordum HD"", ""Hayko Mko Kargin Haxordum"", ""jokes""]",,,,False,,,,"Կարգին Հաղորդում  
Hayko Mko Armenian Humor 
Հայկո Մկո Հայկական Հումոր",youtube,True,{},{},False,True,True,processed,hd,2d,rectangular,none,,0,api,2026-08-01T13:53:41+00:00,
Y4EO-zo7DDM,https://www.youtube.com/watch?v=Y4EO-zo7DDM,https://www.youtube.com/watch?v=Y4EO-zo7DDM&list=PLDDuEZQEC_uDcYhabzxMCFCs3vGGSGVX4&index=87&t=0s,Kargin Haghordum sketch 286 (Hayko Mko),KarginTV,UCEHF-l2v0qhi_IXzrfc3uZg,177,20121228,153519,647,,26.0,public,hy,"[""24""]","[""Kargin Haghordum"", ""Kargin haxordum"", ""Կարգին Հաղորդում"", ""Hayko Mko"", ""Armenian Humor"", ""Հայկո Մկո"", ""Հայկական Հումոր"", ""Hayko"", ""Mko"", ""Հյկո"", ""Մկո"", ""Kargin"", ""Կարգին"", ""Armenia Humor"", ""haykakan humor"", ""Armenian jokes"", ""HD"", ""humor"", ""Հումոր"", ""Kargin haxordum HD"", ""Kargin Haghordum HD"", ""Hayko Mko Kargin Haxordum"", ""jokes""]",,,,False,,,,"Կարգին Հաղորդում  
Hayko Mko Armenian Humor 
Հայկո Մկո Հայկական Հումոր",youtube,True,{},{},False,True,True,processed,hd,2d,rectangular,none,,0,api,2026-08-01T13:53:41+00:00,
bG0Vzk2SuQU,https://www.youtube.com/watch?v=bG0Vzk2SuQU,https://www.youtube.com/watch?v=bG0Vzk2SuQU&list=PLDDuEZQEC_uDcYhabzxMCFCs3vGGSGVX4&index=88&t=0s,Kargin Haghordum sketch 287 (Hayko Mko),KarginTV,UCEHF-l2v0qhi_IXzrfc3uZg,194,20121228,639104,4382,,80.0,public,hy,"[""24""]","[""Kargin Haghordum"", ""Kargin haxordum"", ""Կարգին Հաղորդում"", ""Hayko Mko"", ""Armenian Humor"", ""Հայկո Մկո"", ""Հայկական Հումոր"", ""Hayko"", ""Mko"", ""Հյկո"", ""Մկո"", ""Kargin"", ""Կարգին"", ""Armenia Humor"", ""haykakan humor"", ""Armenian jokes"", ""HD"", ""humor"", ""Հումոր"", ""Kargin haxordum HD"", ""Kargin Haghordum HD"", ""Hayko Mko Kargin Haxordum"", ""jokes""]",,,,False,,,,"Կարգին Հաղորդում  
Hayko Mko Armenian Humor 
Հայկո Մկո Հայկական Հումոր",youtube,True,{},{},False,True,True,processed,hd,2d,rectangular,none,,0,api,2026-08-01T13:53:41+00:00,
-WWA2YfdNrg,https://www.youtube.com/watch?v=-WWA2YfdNrg,https://www.youtube.com/watch?v=-WWA2YfdNrg&list=PLDDuEZQEC_uDcYhabzxMCFCs3vGGSGVX4&index=89&t=0s,Kargin Haghordum sketch 288 (Hayko Mko),KarginTV,UCEHF-l2v0qhi_IXzrfc3uZg,151,20121228,288011,2027,,24.0,public,hy,"[""24""]","[""Kargin Haghordum"", ""Kargin haxordum"", ""Կարգին Հաղորդում"", ""Hayko Mko"", ""Armenian Humor"", ""Հայկո Մկո"", ""Հայկական Հումոր"", ""Hayko"", ""Mko"", ""Հյկո"", ""Մկո"", ""Kargin"", ""Կարգին"", ""Armenia Humor"", ""haykakan humor"", ""Armenian jokes"", ""HD"", ""humor"", ""Հումոր"", ""Kargin haxordum HD"", ""Kargin Haghordum HD"", ""Hayko Mko Kargin Haxordum"", ""jokes""]",,,,False,,,,"Կարգին Հաղորդում  
Hayko Mko Armenian Humor 
Հայկո Մկո Հայկական Հումոր",youtube,False,{},{},False,True,True,processed,hd,2d,rectangular,none,,0,api,2026-08-01T13:53:41+00:00,
C1hueP-askc,https://www.youtube.com/watch?v=C1hueP-askc,https://www.youtube.com/watch?v=C1hueP-askc&list=PLDDuEZQEC_uDcYhabzxMCFCs3vGGSGVX4&index=90&t=0s,Kargin Haghordum sketch 289 (Hayko Mko),KarginTV,UCEHF-l2v0qhi_IXzrfc3uZg,153,20121228,435487,2291,,40.0,public,hy,"[""24""]","[""Kargin Haghordum"", ""Kargin haxordum"", ""Կարգին Հաղորդում"", ""Hayko Mko"", ""Armenian Humor"", ""Հայկո Մկո"", ""Հայկական Հումոր"", ""Hayko"", ""Mko"", ""Հյկո"", ""Մկո"", ""Kargin"", ""Կարգին"", ""Armenia Humor"", ""haykakan humor"", ""Armenian jokes"", ""HD"", ""humor"", ""Հումոր"", ""Kargin haxordum HD"", ""Kargin Haghordum HD"", ""Hayko Mko Kargin Haxordum"", ""jokes""]",,,,False,,,,"Կարգին Հաղորդում  
Hayko Mko Armenian Humor 
Հայկո Մկո Հայկական Հումոր",youtube,False,{},{},False,True,True,processed,hd,2d,rectangular,none,,0,api,2026-08-01T13:53:41+00:00,
VFajwBRJxc4,https://www.youtube.com/watch?v=VFajwBRJxc4,https://www.youtube.com/watch?v=VFajwBRJxc4&list=PLDDuEZQEC_uDcYhabzxMCFCs3vGGSGVX4&index=91&t=0s,Kargin Haghordum sketch 290 (Hayko Mko),KarginTV,UCEHF-l2v0qhi_IXzrfc3uZg,169,20121228,342171,2157,,8.0,public,hy,"[""24""]","[""Kargin Haghordum"", ""Kargin haxordum"", ""Կարգին Հաղորդում"", ""Hayko Mko"", ""Armenian Humor"", ""Հայկո Մկո"", ""Հայկական Հումոր"", ""Hayko"", ""Mko"", ""Հյկո"", ""Մկո"", ""Kargin"", ""Կարգին"", ""Armenia Humor"", ""haykakan humor"", ""Armenian jokes"", ""HD"", ""humor"", ""Հումոր"", ""Kargin haxordum HD"", ""Kargin Haghordum HD"", ""Hayko Mko Kargin Haxordum"", ""jokes""]",,,,False,,,,"Կարգին Հաղորդում  
Hayko Mko Armenian Humor 
Հայկո Մկո Հայկական Հումոր",youtube,True,{},{},False,True,True,processed,hd,2d,rectangular,none,,0,api,2026-08-01T13:53:41+00:00,
amnE17M7PL8,https://www.youtube.com/watch?v=amnE17M7PL8,https://www.youtube.com/watch?v=amnE17M7PL8&list=PLDDuEZQEC_uDcYhabzxMCFCs3vGGSGVX4&index=92&t=0s,Kargin Haghordum sketch 291 (Hayko Mko),KarginTV,UCEHF-l2v0qhi_IXzrfc3uZg,93,20121228,496668,2173,,20.0,public,hy,"[""24""]","[""Kargin Haghordum"", ""Kargin haxordum"", ""Կարգին Հաղորդում"", ""Hayko Mko"", ""Armenian Humor"", ""Հայկո Մկո"", ""Հայկական Հումոր"", ""Hayko"", ""Mko"", ""Հյկո"", ""Մկո"", ""Kargin"", ""Կարգին"", ""Armenia Humor"", ""haykakan humor"", ""Armenian jokes"", ""HD"", ""humor"", ""Հումոր"", ""Kargin haxordum HD"", ""Kargin Haghordum HD"", ""Hayko Mko Kargin Haxordum"", ""jokes""]",,,,False,,,,"Կարգին Հաղորդում  
Hayko Mko Armenian Humor 
Հայկո Մկո Հայկական Հումոր",youtube,True,{},{},False,True,True,processed,hd,2d,rectangular,none,hy,0,api,2026-08-01T13:53:41+00:00,
JmTVyvlDssA,https://www.youtube.com/watch?v=JmTVyvlDssA,https://www.youtube.com/watch?v=JmTVyvlDssA&list=PLDDuEZQEC_uDcYhabzxMCFCs3vGGSGVX4&index=93&t=0s,Kargin Haghordum sketch 292 (Hayko Mko),KarginTV,UCEHF-l2v0qhi_IXzrfc3uZg,323,20121228,559610,3428,,66.0,public,hy,"[""24""]","[""Kargin Haghordum"", ""Kargin haxordum"", ""Կարգին Հաղորդում"", ""Hayko Mko"", ""Armenian Humor"", ""Հայկո Մկո"", ""Հայկական Հումոր"", ""Hayko"", ""Mko"", ""Հյկո"", ""Մկո"", ""Kargin"", ""Կարգին"", ""Armenia Humor"", ""haykakan humor"", ""Armenian jokes"", ""HD"", ""humor"", ""Հումոր"", ""Kargin haxordum HD"", ""Kargin Haghordum HD"", ""Hayko Mko Kargin Haxordum"", ""jokes""]",,,,False,,,,"Կարգին Հաղորդում  
Hayko Mko Armenian Humor 
Հայկո Մկո Հայկական Հումոր",youtube,False,{},{},False,True,True,processed,hd,2d,rectangular,none,,0,api,2026-08-01T13:53:41+00:00,
HB8G9zual8A,https://www.youtube.com/watch?v=HB8G9zual8A,https://www.youtube.com/watch?v=HB8G9zual8A&list=PLDDuEZQEC_uDcYhabzxMCFCs3vGGSGVX4&index=94&t=0s,Kargin Haghordum sketch 293 (Hayko Mko),KarginTV,UCEHF-l2v0qhi_IXzrfc3uZg,206,20121228,1897367,8765,,158.0,public,hy,"[""24""]","[""Kargin Haghordum"", ""Kargin haxordum"", ""Կարգին Հաղորդում"", ""Hayko Mko"", ""Armenian Humor"", ""Հայկո Մկո"", ""Հայկական Հումոր"", ""Hayko"", ""Mko"", ""Հյկո"", ""Մկո"", ""Kargin"", ""Կարգին"", ""Armenia Humor"", ""haykakan humor"", ""Armenian jokes"", ""HD"", ""humor"", ""Հումոր"", ""Kargin haxordum HD"", ""Kargin Haghordum HD"", ""Hayko Mko Kargin Haxordum"", ""jokes""]",,,,False,,,,"Կարգին Հաղորդում  
Hayko Mko Armenian Humor 
Հայկո Մկո Հայկական Հումոր",youtube,True,{},{},False,True,True,processed,hd,2d,rectangular,none,,0,api,2026-08-01T13:53:41+00:00,
My_7yrhaguw,https://www.youtube.com/watch?v=My_7yrhaguw,https://www.youtube.com/watch?v=My_7yrhaguw&list=PLDDuEZQEC_uDcYhabzxMCFCs3vGGSGVX4&index=95&t=0s,Kargin Haghordum sketch 294 (Hayko Mko),KarginTV,UCEHF-l2v0qhi_IXzrfc3uZg,176,20121228,455059,3293,,37.0,public,hy,"[""24""]","[""Kargin Haghordum"", ""Kargin haxordum"", ""Կարգին Հաղորդում"", ""Hayko Mko"", ""Armenian Humor"", ""Հայկո Մկո"", ""Հայկական Հումոր"", ""Hayko"", ""Mko"", ""Հյկո"", ""Մկո"", ""Kargin"", ""Կարգին"", ""Armenia Humor"", ""haykakan humor"", ""Armenian jokes"", ""HD"", ""humor"", ""Հումոր"", ""Kargin haxordum HD"", ""Kargin Haghordum HD"", ""Hayko Mko Kargin Haxordum"", ""jokes""]",,,,False,,,,"Կարգին Հաղորդում  
Hayko Mko Armenian Humor 
Հայկո Մկո Հայկական Հումոր",youtube,False,"{""blocked"": [""RU""]}",{},False,True,True,processed,hd,2d,rectangular,none,,0,api,2026-08-01T13:53:41+00:00,
DeOxiMRihZ0,https://www.youtube.com/watch?v=DeOxiMRihZ0,https://www.youtube.com/watch?v=DeOxiMRihZ0&list=PLC4FFB3F0AFB8146C&index=70&t=0s,Kargin Haghordum - Sumka (Hayko Mko),KarginTV,UCEHF-l2v0qhi_IXzrfc3uZg,110,20120617,133523,576,,9.0,public,hy,"[""24""]","[""Kargin Haghordum"", ""Kargin haxordum"", ""Կարգին Հաղորդում"", ""Hayko Mko"", ""Armenian Humor"", ""Հայկո Մկո"", ""Հայկական Հումոր"", ""Hayko"", ""Mko"", ""Հյկո"", ""Մկո"", ""Kargin"", ""Կարգին"", ""Armenia Humor"", ""haykakan humor"", ""Armenian jokes"", ""HD"", ""humor"", ""Հումոր"", ""Kargin haxordum HD"", ""Kargin Haghordum HD"", ""Hayko Mko Kargin Haxordum"", ""jokes""]",,,,False,,,,"Կարգին Հաղորդում
Hayko Mko Armenian Humor
Հայկո Մկո Հայկական Հումոր",youtube,True,{},{},False,True,True,processed,sd,2d,rectangular,none,,0,api,2026-08-01T13:53:41+00:00,
qunPSBfJJW4,https://www.youtube.com/watch?v=qunPSBfJJW4,https://www.youtube.com/watch?v=qunPSBfJJW4&list=PLDDuEZQEC_uAuSrUXsFVBLNkPQY3BHzLQ&index=102&t=0s,Kargin Haghordum sketch 501 (Hayko Mko),KarginTV,UCEHF-l2v0qhi_IXzrfc3uZg,173,20121228,1399131,7379,,95.0,public,hy,"[""24""]","[""Kargin Haghordum"", ""Kargin haxordum"", ""Կարգին Հաղորդում"", ""Hayko Mko"", ""Armenian Humor"", ""Հայկո Մկո"", ""Հայկական Հումոր"", ""Hayko"", ""Mko"", ""Հյկո"", ""Մկո"", ""Kargin"", ""Կարգին"", ""Armenia Humor"", ""haykakan humor"", ""Armenian jokes"", ""HD"", ""humor"", ""Հումոր"", ""Kargin haxordum HD"", ""Kargin Haghordum HD"", ""Hayko Mko Kargin Haxordum"", ""jokes""]",,,,False,,,,"Կարգին Հաղորդում  
Hayko Mko Armenian Humor 
Հայկո Մկո Հայկական Հումոր",youtube,False,{},{},False,True,True,processed,hd,2d,rectangular,none,,0,api,2026-08-01T13:53:41+00:00,
FSkB_ZHQEsk,https://www.youtube.com/watch?v=FSkB_ZHQEsk,https://www.youtube.com/watch?v=FSkB_ZHQEsk&list=PLDDuEZQEC_uAuSrUXsFVBLNkPQY3BHzLQ&index=104&t=0s,Kargin Haghordum sketch 503 (Hayko Mko),KarginTV,UCEHF-l2v0qhi_IXzrfc3uZg,184,20121228,563391,3703,,93.0,public,hy,"[""24""]","[""Kargin Haghordum"", ""Kargin haxordum"", ""Կարգին Հաղորդում"", ""Hayko Mko"", ""Armenian Humor"", ""Հայկո Մկո"", ""Հայկական Հումոր"", ""Hayko"", ""Mko"", ""Հյկո"", ""Մկո"", ""Kargin"", ""Կարգին"", ""Armenia Humor"", ""haykakan humor"", ""Armenian jokes"", ""HD"", ""humor"", ""Հումոր"", ""Kargin haxordum HD"", ""Kargin Haghordum HD"", ""Hayko Mko Kargin Haxordum"", ""jokes""]",,,,False,,,,"Կարգին Հաղորդում  
Hayko Mko Armenian Humor 
Հայկո Մկո Հայկական Հումոր",youtube,True,{},{},False,True,True,processed,hd,2d,rectangular,none,,0,api,2026-08-01T13:53:41+00:00,
aKTubiR1dpo,https://www.youtube.com/watch?v=aKTubiR1dpo,https://www.youtube.com/watch?v=aKTubiR1dpo&list=PLDDuEZQEC_uAuSrUXsFVBLNkPQY3BHzLQ&index=103&t=0s,Kargin Haghordum sketch 502 (Hayko Mko),KarginTV,UCEHF-l2v0qhi_IXzrfc3uZg,144,20121228,2027076,8880,,178.0,public,hy,"[""24""]","[""Kargin Haghordum"", ""Kargin haxordum"", ""Կարգին Հաղորդում"", ""Hayko Mko"", ""Armenian Humor"", ""Հայկո Մկո"", ""Հայկական Հումոր"", ""Hayko"", ""Mko"", ""Հյկո"", ""Մկո"", ""Kargin"", ""Կարգին"", ""Armenia Humor"", ""haykakan humor"", ""Armenian jokes"", ""HD"", ""humor"", ""Հումոր"", ""Kargin haxordum HD"", ""Kargin Haghordum HD"", ""Hayko Mko Kargin Haxordum"", ""jokes""]",,,,False,,,,"Կարգին Հաղորդում  
Hayko Mko Armenian Humor 
Հայկո Մկո Հայկական Հումոր",youtube,True,{},{},False,True,True,processed,hd,2d,rectangular,none,,0,api,2026-08-01T13:53:41+00:00,
2JwlYWOsMS0,https://www.youtube.com/watch?v=2JwlYWOsMS0,https://www.youtube.com/watch?v=2JwlYWOsMS0&list=PLDDuEZQEC_uAuSrUXsFVBLNkPQY3BHzLQ&index=105&t=0s,Kargin Haghordum sketch 504 (Hayko Mko),KarginTV,UCEHF-l2v0qhi_IXzrfc3uZg,101,20121228,391026,1508,,20.0,public,hy,"[""24""]","[""Kargin Haghordum"", ""Kargin haxordum"", ""Կարգին Հաղորդում"", ""Hayko Mko"", ""Armenian Humor"", ""Հայկո Մկո"", ""Հայկական Հումոր"", ""Hayko"", ""Mko"", ""Հյկո"", ""Մկո"", ""Kargin"", ""Կարգին"", ""Armenia Humor"", ""haykakan humor"", ""Armenian jokes"", ""HD"", ""humor"", ""Հումոր"", ""Kargin haxordum HD"", ""Kargin Haghordum HD"", ""Hayko Mko Kargin Haxordum"", ""jokes""]",,,,False,,,,"Կարգին Հաղորդում  
Hayko Mko Armenian Humor 
Հայկո Մկո Հայկական Հումոր",youtube,True,{},{},False,True,True,processed,hd,2d,rectangular,none,,0,api,2026-08-01T13:53:41+00:00,
8QT38vnwbDU,https://www.youtube.com/watch?v=8QT38vnwbDU,https://www.youtube.com/watch?v=8QT38vnwbDU&list=PLDDuEZQEC_uAuSrUXsFVBLNkPQY3BHzLQ&index=106&t=0s,Kargin Haghordum sketch 505 (Hayko Mko),KarginTV,UCEHF-l2v0qhi_IXzrfc3uZg,142,20121228,360130,1921,,31.0,public,hy,"[""24""]","[""Kargin Haghordum"", ""Kargin haxordum"", ""Կարգին Հաղորդում"", ""Hayko Mko"", ""Armenian Humor"", ""Հայկո Մկո"", ""Հայկական Հումոր"", ""Hayko"", ""Mko"", ""Հյկո"", ""Մկո"", ""Kargin"", ""Կարգին"", ""Armenia Humor"", ""haykakan humor"", ""Armenian jokes"", ""HD"", ""humor"", ""Հումոր"", ""Kargin haxordum HD"", ""Kargin Haghordum HD"", ""Hayko Mko Kargin Haxordum"", ""jokes""]",,,,False,,,,"Կարգին Հաղորդում  
Hayko Mko Armenian Humor 
Հայկո Մկո Հայկական Հումոր",youtube,True,{},{},False,True,True,processed,hd,2d,rectangular,none,,0,api,2026-08-01T13:53:41+00:00,
4qxINXiM5J8,https://www.youtube.com/watch?v=4qxINXiM5J8,https://www.youtube.com/watch?v=4qxINXiM5J8&list=PLDDuEZQEC_uAuSrUXsFVBLNkPQY3BHzLQ&index=107&t=0s,Kargin Haghordum sketch 506 (Hayko Mko),KarginTV,UCEHF-l2v0qhi_IXzrfc3uZg,238,20121228,745801,3942,,57.0,public,hy,"[""24""]","[""Kargin Haghordum"", ""Kargin haxordum"", ""Կարգին Հաղորդում"", ""Hayko Mko"", ""Armenian Humor"", ""Հայկո Մկո"", ""Հայկական Հումոր"", ""Hayko"", ""Mko"", ""Հյկո"", ""Մկո"", ""Kargin"", ""Կարգին"", ""Armenia Humor"", ""haykakan humor"", ""Armenian jokes"", ""HD"", ""humor"", ""Հումոր"", ""Kargin haxordum HD"", ""Kargin Haghordum HD"", ""Hayko Mko Kargin Haxordum"", ""jokes""]",,,,False,,,,"Կարգին Հաղորդում  
Hayko Mko Armenian Humor 
Հայկո Մկո Հայկական Հումոր",youtube,False,{},{},False,True,True,processed,hd,2d,rectangular,none,,0,api,2026-08-01T13:53:41+00:00,
zO1m7yd-HEQ,https://www.youtube.com/watch?v=zO1m7yd-HEQ,https://www.youtube.com/watch?v=zO1m7yd-HEQ&list=PLDDuEZQEC_uAuSrUXsFVBLNkPQY3BHzLQ&index=108&t=0s,Kargin Haghordum sketch 507 (Hayko Mko),KarginTV,UCEHF-l2v0qhi_IXzrfc3uZg,205,20121228,632593,2621,,30.0,public,hy,"[""24""]","[""Kargin Haghordum"", ""Kargin haxordum"", ""Կարգին Հաղորդում"", ""Hayko Mko"", ""Armenian Humor"", ""Հայկո Մկո"", ""Հայկական Հումոր"", ""Hayko"", ""Mko"", ""Հյկո"", ""Մկո"", ""Kargin"", ""Կարգին"", ""Armenia Humor"", ""haykakan humor"", ""Armenian jokes"", ""HD"", ""humor"", ""Հումոր"", ""Kargin haxordum HD"", ""Kargin Haghordum HD"", ""Hayko Mko Kargin Haxordum"", ""jokes""]",,,,False,,,,"Կարգին Հաղորդում  
Hayko Mko Armenian Humor 
Հայկո Մկո Հայկական Հումոր",youtube,True,{},{},False,True,True,processed,hd,2d,rectangular,none,,0,api,2026-08-01T13:53:41+00:00,
Q3rLzYhBZIU,https://www.youtube.com/watch?v=Q3rLzYhBZIU,https://www.youtube.com/watch?v=Q3rLzYhBZIU&list=PLDDuEZQEC_uAuSrUXsFVBLNkPQY3BHzLQ&index=109&t=0s,Kargin Haghordum sketch 508 (Hayko Mko),KarginTV,UCEHF-l2v0qhi_IXzrfc3uZg,276,20121228,1250141,5665,,64.0,public,hy,"[""24""]","[""Kargin Haghordum"", ""Kargin haxordum"", ""Կարգին Հաղորդում"", ""Hayko Mko"", ""Armenian Humor"", ""Հայկո Մկո"", ""Հայկական Հումոր"", ""Hayko"", ""Mko"", ""Հյկո"", ""Մկո"", ""Kargin"", ""Կարգին"", ""Armenia Humor"", ""haykakan humor"", ""Armenian jokes"", ""HD"", ""humor"", ""Հումոր"", ""Kargin haxordum HD"", ""Kargin Haghordum HD"", ""Hayko Mko Kargin Haxordum"", ""jokes""]",,,,False,,,,"Կարգին Հաղորդում  
Hayko Mko Armenian Humor 
Հայկո Մկո Հայկական Հումոր",youtube,True,{},{},False,True,True,processed,hd,2d,rectangular,none,,0,api,2026-08-01T13:53:41+00:00,
N62KSExTcBU,https://www.youtube.com/watch?v=N62KSExTcBU,https://www.youtube.com/watch?v=N62KSExTcBU&list=PLDDuEZQEC_uAuSrUXsFVBLNkPQY3BHzLQ&index=110&t=0s,Kargin Haghordum sketch 509 (Hayko Mko),KarginTV,UCEHF-l2v0qhi_IXzrfc3uZg,390,20121228,2169417,9757,,158.0,public,hy,"[""24""]","[""Kargin Haghordum"", ""Kargin haxordum"", ""Կարգին Հաղորդում"", ""Hayko Mko"", ""Armenian Humor"", ""Հայկո Մկո"", ""Հայկական Հումոր"", ""Hayko"", ""Mko"", ""Հյկո"", ""Մկո"", ""Kargin"", ""Կարգին"", ""Armenia Humor"", ""haykakan humor"", ""Armenian jokes"", ""HD"", ""humor"", ""Հումոր"", ""Kargin haxordum HD"", ""Kargin Haghordum HD"", ""Hayko Mko Kargin Haxordum"", ""jokes""]",,,,False,,,,"Կարգին Հաղորդում  
Hayko Mko Armenian Humor 
Հայկո Մկո Հայկական Հումոր",youtube,False,"{""blocked"": [""RU""]}",{},False,True,True,processed,hd,2d,rectangular,none,,0,api,2026-08-01T13:53:41+00:00,
vjxy9-s0sqU,https://www.youtube.com/watch?v=vjxy9-s0sqU,https://www.youtube.com/watch?v=vjxy9-s0sqU&list=PLDDuEZQEC_uAuSrUXsFVBLNkPQY3BHzLQ&index=111&t=0s,Kargin Haghordum sketch 510 (Hayko Mko),KarginTV,UCEHF-l2v0qhi_IXzrfc3uZg,146,20121228,566806,2127,,32.0,public,hy,"[""24""]","[""Kargin Haghordum"", ""Kargin haxordum"", ""Կարգին Հաղորդում"", ""Hayko Mko"", ""Armenian Humor"", ""Հայկո Մկո"", ""Հայկական Հումոր"", ""Hayko"", ""Mko"", ""Հյկո"", ""Մկո"", ""Kargin"", ""Կարգին"", ""Armenia Humor"", ""haykakan humor"", ""Armenian jokes"", ""HD"", ""humor"", ""Հումոր"", ""Kargin haxordum HD"", ""Kargin Haghordum HD"", ""Hayko Mko Kargin Haxordum"", ""jokes""]",,,,False,,,,"Կարգին Հաղորդում  
Hayko Mko Armenian Humor 
Հայկո Մկո Հայկական Հումոր",youtube,True,{},{},False,True,True,processed,hd,2d,rectangular,none,,0,api,2026-08-01T13:53:41+00:00,
oPm64B_oPe4,https://www.youtube.com/watch?v=oPm64B_oPe4,https://www.youtube.com/watch?v=oPm64B_oPe4&list=PLDDuEZQEC_uAuSrUXsFVBLNkPQY3BHzLQ&index=112&t=0s,Kargin Haghordum sketch 511 (Hayko Mko),KarginTV,UCEHF-l2v0qhi_IXzrfc3uZg,79,20121228,1082116,4300,,45.0,public,hy,"[""24""]","[""Kargin Haghordum"", ""Kargin haxordum"", ""Կարգին Հաղորդում"", ""Hayko Mko"", ""Armenian Humor"", ""Հայկո Մկո"", ""Հայկական Հումոր"", ""Hayko"", ""Mko"", ""Հյկո"", ""Մկո"", ""Kargin"", ""Կարգին"", ""Armenia Humor"", ""haykakan humor"", ""Armenian jokes"", ""HD"", ""humor"", ""Հումոր"", ""Kargin haxordum HD"", ""Kargin Haghordum HD"", ""Hayko Mko Kargin Haxordum"", ""jokes""]",,,,False,,,,"Կարգին Հաղորդում  
Hayko Mko Armenian Humor 
Հայկո Մկո Հայկական Հումոր",youtube,True,{},{},False,True,True,processed,hd,2d,rectangular,none,,0,api,2026-08-01T13:53:41+00:00,
XaYIbCf91Ds,https://www.youtube.com/watch?v=XaYIbCf91Ds,https://www.youtube.com/watch?v=XaYIbCf91Ds&list=PLDDuEZQEC_uAuSrUXsFVBLNkPQY3BHzLQ&index=113&t=0s,Kargin Haghordum sketch 512 (Hayko Mko),KarginTV,UCEHF-l2v0qhi_IXzrfc3uZg,133,20121228,304163,1635,,34.0,public,hy,"[""24""]","[""Kargin Haghordum"", ""Kargin haxordum"", ""Կարգին Հաղորդում"", ""Hayko Mko"", ""Armenian Humor"", ""Հայկո Մկո"", ""Հայկական Հումոր"", ""Hayko"", ""Mko"", ""Հյկո"", ""Մկո"", ""Kargin"", ""Կարգին"", ""Armenia Humor"", ""haykakan humor"", ""Armenian jokes"", ""HD"", ""humor"", ""Հումոր"", ""Kargin haxordum HD"", ""Kargin Haghordum HD"", ""Hayko Mko Kargin Haxordum"", ""jokes""]",,,,False,,,,"Կարգին Հաղորդում  
Hayko Mko Armenian Humor 
Հայկո Մկո Հայկական Հումոր",youtube,False,{},{},False,True,True,processed,hd,2d,rectangular,none,,0,api,2026-08-01T13:53:41+00:00,
cgaTVZKUFuY,https://www.youtube.com/watch?v=cgaTVZKUFuY,https://www.youtube.com/watch?v=cgaTVZKUFuY&list=PLDDuEZQEC_uAuSrUXsFVBLNkPQY3BHzLQ&index=114&t=0s,Kargin Haghordum sketch 513 (Hayko Mko),KarginTV,UCEHF-l2v0qhi_IXzrfc3uZg,174,20121228,337022,2295,,27.0,public,hy,"[""24""]","[""Kargin Haghordum"", ""Kargin haxordum"", ""Կարգին Հաղորդում"", ""Hayko Mko"", ""Armenian Humor"", ""Հայկո Մկո"", ""Հայկական Հումոր"", ""Hayko"", ""Mko"", ""Հյկո"", ""Մկո"", ""Kargin"", ""Կարգին"", ""Armenia Humor"", ""haykakan humor"", ""Armenian jokes"", ""HD"", ""humor"", ""Հումոր"", ""Kargin haxordum HD"", ""Kargin Haghordum HD"", ""Hayko Mko Kargin Haxordum"", ""jokes""]",,,,False,,,,"Կարգին Հաղորդում  
Hayko Mko Armenian Humor 
Հայկո Մկո Հայկական Հումոր",youtube,False,{},{},False,True,True,processed,hd,2d,rectangular,none,,0,api,2026-08-01T13:53:41+00:00,
TDi8zy_55LU,https://www.youtube.com/watch?v=TDi8zy_55LU,https://www.youtube.com/watch?v=TDi8zy_55LU&list=PLDDuEZQEC_uAuSrUXsFVBLNkPQY3BHzLQ&index=115&t=0s,Kargin Haghordum sketch 514 (Hayko Mko),KarginTV,UCEHF-l2v0qhi_IXzrfc3uZg,64,20121228,332492,1041,,6.0,public,hy,"[""24""]","[""Kargin Haghordum"", ""Kargin haxordum"", ""Կարգին Հաղորդում"", ""Hayko Mko"", ""Armenian Humor"", ""Հայկո Մկո"", ""Հայկական Հումոր"", ""Hayko"", ""Mko"", ""Հյկո"", ""Մկո"", ""Kargin"", ""Կարգին"", ""Armenia Humor"", ""haykakan humor"", ""Armenian jokes"", ""HD"", ""humor"", ""Հումոր"", ""Kargin haxordum HD"", ""Kargin Haghordum HD"", ""Hayko Mko Kargin Haxordum"", ""jokes""]",,,,False,,,,"Կարգին Հաղորդում  
Hayko Mko Armenian Humor 
Հայկո Մկո Հայկական Հումոր",youtube,True,{},{},False,True,True,processed,hd,2d,rectangular,none,,0,api,2026-08-01T13:53:41+00:00,
tKigCXpjzt4,https://www.youtube.com/watch?v=tKigCXpjzt4,https://www.youtube.com/watch?v=tKigCXpjzt4&list=PLDDuEZQEC_uAuSrUXsFVBLNkPQY3BHzLQ&index=116&t=0s,Kargin Haghordum sketch 515 (Hayko Mko),KarginTV,UCEHF-l2v0qhi_IXzrfc3uZg,148,20121228,397730,1667,,80.0,public,hy,"[""24""]","[""Kargin Haghordum"", ""Kargin haxordum"", ""Կարգին Հաղորդում"", ""Hayko Mko"", ""Armenian Humor"", ""Հայկո Մկո"", ""Հայկական Հումոր"", ""Hayko"", ""Mko"", ""Հյկո"", ""Մկո"", ""Kargin"", ""Կարգին"", ""Armenia Humor"", ""haykakan humor"", ""Armenian jokes"", ""HD"", ""humor"", ""Հումոր"", ""Kargin haxordum HD"", ""Kargin Haghordum HD"", ""Hayko Mko Kargin Haxordum"", ""jokes""]",,,,False,,,,"Կարգին Հաղորդում  
Hayko Mko Armenian Humor 
Հայկո Մկո Հայկական Հումոր",youtube,True,{},{},False,True,True,processed,hd,2d,rectangular,none,,0,api,2026-08-01T13:53:41+00:00,
jPbZPMl8Zmc,https://www.youtube.com/watch?v=jPbZPMl8Zmc,https://www.youtube.com/watch?v=jPbZPMl8Zmc&list=PLDDuEZQEC_uAuSrUXsFVBLNkPQY3BHzLQ&index=117&t=0s,Kargin Haghordum sketch 516 (Hayko Mko),KarginTV,UCEHF-l2v0qhi_IXzrfc3uZg,136,20121228,350184,2343,,34.0,public,hy,"[""24""]","[""Kargin Haghordum"", ""Kargin haxordum"", ""Կարգին Հաղորդում"", ""Hayko Mko"", ""Armenian Humor"", ""Հայկո Մկո"", ""Հայկական Հումոր"", ""Hayko"", ""Mko"", ""Հյկո"", ""Մկո"", ""Kargin"", ""Կարգին"", ""Armenia Humor"", ""haykakan humor"", ""Armenian jokes"", ""HD"", ""humor"", ""Հումոր"", ""Kargin haxordum HD"", ""Kargin Haghordum HD"", ""Hayko Mko Kargin Haxordum"", ""jokes""]",,,,False,,,,"Կարգին Հաղորդում  
Hayko Mko Armenian Humor 
Հայկո Մկո Հայկական Հումոր",youtube,False,"{""blocked"": [""RU""]}",{},False,True,True,processed,hd,2d,rectangular,none,hy,0,api,2026-08-01T13:53:41+00:00,
qRZMxJQMlUg,https://www.youtube.com/watch?v=qRZMxJQMlUg,https://www.youtube.com/watch?v=qRZMxJQMlUg&list=PLDDuEZQEC_uAuSrUXsFVBLNkPQY3BHzLQ&index=118&t=0s,Kargin Haghordum sketch 517 (Hayko Mko),KarginTV,UCEHF-l2v0qhi_IXzrfc3uZg,74,20121228,253491,747,,9.0,public,hy,"[""24""]","[""Kargin Haghordum"", ""Kargin haxordum"", ""Կարգին Հաղորդում"", ""Hayko Mko"", ""Armenian Humor"", ""Հայկո Մկո"", ""Հայկական Հումոր"", ""Hayko"", ""Mko"", ""Հյկո"", ""Մկո"", ""Kargin"", ""Կարգին"", ""Armenia Humor"", ""haykakan humor"", ""Armenian jokes"", ""HD"", ""humor"", ""Հումոր"", ""Kargin haxordum HD"", ""Kargin Haghordum HD"", ""Hayko Mko Kargin Haxordum"", ""jokes""]",,,,False,,,,"Կարգին Հաղորդում  
Hayko Mko Armenian Humor 
Հայկո Մկո Հայկական Հումոր",youtube,True,{},{},False,True,True,processed,hd,2d,rectangular,none,,0,api,2026-08-01T13:53:41+00:00,
NOD6acxtpFE,https://www.youtube.com/watch?v=NOD6acxtpFE,https://www.youtube.com/watch?v=NOD6acxtpFE&list=PLDDuEZQEC_uAuSrUXsFVBLNkPQY3BHzLQ&index=119&t=0s,Kargin Haghordum sketch 518 (Hayko Mko),KarginTV,UCEHF-l2v0qhi_IXzrfc3uZg,75,20121228,129318,697,,5.0,public,hy,"[""24""]","[""Kargin Haghordum"", ""Kargin haxordum"", ""Կարգին Հաղորդում"", ""Hayko Mko"", ""Armenian Humor"", ""Հայկո Մկո"", ""Հայկական Հումոր"", ""Hayko"", ""Mko"", ""Հյկո"", ""Մկո"", ""Kargin"", ""Կարգին"", ""Armenia Humor"", ""haykakan humor"", ""Armenian jokes"", ""HD"", ""humor"", ""Հումոր"", ""Kargin haxordum HD"", ""Kargin Haghordum HD"", ""Hayko Mko Kargin Haxordum"", ""jokes""]",,,,False,,,,"Կարգին Հաղորդում  
Hayko Mko Armenian Humor 
Հայկո Մկո Հայկական Հումոր",youtube,True,{},{},False,True,True,processed,hd,2d,rectangular,none,,0,api,2026-08-01T13:53:41+00:00,
XI9QMVHkcIg,https://www.youtube.com/watch?v=XI9QMVHkcIg,https://www.youtube.com/watch?v=XI9QMVHkcIg&list=PLDDuEZQEC_uAuSrUXsFVBLNkPQY3BHzLQ&index=120&t=0s,Kargin Haghordum sketch 519 (Hayko Mko),KarginTV,UCEHF-l2v0qhi_IXzrfc3uZg,212,20121228,1180848,4899,,85.0,public,hy,"[""24""]","[""Kargin Haghordum"", ""Kargin haxordum"", ""Կարգին Հաղորդում"", ""Hayko Mko"", ""Armenian Humor"", ""Հայկո Մկո"", ""Հայկական Հումոր"", ""Hayko"", ""Mko"", ""Հյկո"", ""Մկո"", ""Kargin"", ""Կարգին"", ""Armenia Humor"", ""haykakan humor"", ""Armenian jokes"", ""HD"", ""humor"", ""Հումոր"", ""Kargin haxordum HD"", ""Kargin Haghordum HD"", ""Hayko Mko Kargin Haxordum"", ""jokes""]",,,,False,,,,"Կարգին Հաղորդում  
Hayko Mko Armenian Humor 
Հայկո Մկո Հայկական Հումոր",youtube,False,{},{},False,True,True,processed,hd,2d,rectangular,none,,0,api,2026-08-01T13:53:41+00:00,
xk6bJP_9vh4,https://www.youtube.com/watch?v=xk6bJP_9vh4,https://www.youtube.com/watch?v=xk6bJP_9vh4&list=PLDDuEZQEC_uAuSrUXsFVBLNkPQY3BHzLQ&index=121&t=0s,Kargin Haghordum sketch 520 (Hayko Mko),KarginTV,UCEHF-l2v0qhi_IXzrfc3uZg,127,20121228,172668,1261,,104.0,public,hy,"[""24""]","[""Kargin Haghordum"", ""Kargin haxordum"", ""Կարգին Հաղորդում"", ""Hayko Mko"", ""Armenian Humor"", ""Հայկո Մկո"", ""Հայկական Հումոր"", ""Hayko"", ""Mko"", ""Հյկո"", ""Մկո"", ""Kargin"", ""Կարգին"", ""Armenia Humor"", ""haykakan humor"", ""Armenian jokes"", ""HD"", ""humor"", ""Հումոր"", ""Kargin haxordum HD"", ""Kargin Haghordum HD"", ""Hayko Mko Kargin Haxordum"", ""jokes""]",,,,False,,,,"Կարգին Հաղորդում  
Hayko Mko Armenian Humor 
Հայկո Մկո Հայկական Հումոր",youtube,True,{},{},False,True,True,processed,hd,2d,rectangular,none,,0,api,2026-08-01T13:53:41+00:00,
5CrwzEiLl8Q,https://www.youtube.com/watch?v=5CrwzEiLl8Q,https://www.youtube.com/watch?v=5CrwzEiLl8Q&list=PLDDuEZQEC_uAuSrUXsFVBLNkPQY3BHzLQ&index=54&t=0s,Kargin Haghordum sketch 453 (Hayko Mko),KarginTV,UCEHF-l2v0qhi_IXzrfc3uZg,219,20121228,439997,2842,,50.0,public,hy,"[""24""]","[""Kargin Haghordum"", ""Kargin haxordum"", ""Կարգին Հաղորդում"", ""Hayko Mko"", ""Armenian Humor"", ""Հայկո Մկո"", ""Հայկական Հումոր"", ""Hayko"", ""Mko"", ""Հյկո"", ""Մկո"", ""Kargin"", ""Կարգին"", ""Armenia Humor"", ""haykakan humor"", ""Armenian jokes"", ""HD"", ""humor"", ""Հումոր"", ""Kargin haxordum HD"", ""Kargin Haghordum HD"", ""Hayko Mko Kargin Haxordum"", ""jokes""]",,,,False,,,,"Կարգին Հաղորդում  
Hayko Mko Armenian Humor 
Հայկո Մկո Հայկական Հումոր",youtube,True,{},{},False,True,True,processed,hd,2d,rectangular,none,,0,api,2026-08-01T13:53:41+00:00,
_rD_6sDaJ7U,https://www.youtube.com/watch?v=_rD_6sDaJ7U,https://www.youtube.com/watch?v=_rD_6sDaJ7U&list=PLDDuEZQEC_uAuSrUXsFVBLNkPQY3BHzLQ&index=55&t=0s,Kargin Haghordum sketch 454 (Hayko Mko),KarginTV,UCEHF-l2v0qhi_IXzrfc3uZg,149,20121228,328832,1530,,20.0,public,hy,"[""24""]","[""Kargin Haghordum"", ""Kargin haxordum"", ""Կարգին Հաղորդում"", ""Hayko Mko"", ""Armenian Humor"", ""Հայկո Մկո"", ""Հայկական Հումոր"", ""Hayko"", ""Mko"", ""Հյկո"", ""Մկո"", ""Kargin"", ""Կարգին"", ""Armenia Humor"", ""haykakan humor"", ""Armenian jokes"", ""HD"", ""humor"", ""Հումոր"", ""Kargin haxordum HD"", ""Kargin Haghordum HD"", ""Hayko Mko Kargin Haxordum"", ""jokes""]",,,,False,,,,"Կարգին Հաղորդում  
Hayko Mko Armenian Humor 
Հայկո Մկո Հայկական Հումոր",youtube,True,{},{},False,True,True,processed,hd,2d,rectangular,none,,0,api,2026-08-01T13:53:41+00:00,
UKLBaltVKKc,https://www.youtube.com/watch?v=UKLBaltVKKc,https://www.youtube.com/watch?v=UKLBaltVKKc&list=PLDDuEZQEC_uAuSrUXsFVBLNkPQY3BHzLQ&index=56&t=0s,Kargin Haghordum sketch 455 (Hayko Mko),KarginTV,UCEHF-l2v0qhi_IXzrfc3uZg,59,20121228,283154,1431,,37.0,public,hy,"[""24""]","[""Kargin Haghordum"", ""Kargin haxordum"", ""Կարգին Հաղորդում"", ""Hayko Mko"", ""Armenian Humor"", ""Հայկո Մկո"", ""Հայկական Հումոր"", ""Hayko"", ""Mko"", ""Հյկո"", ""Մկո"", ""Kargin"", ""Կարգին"", ""Armenia Humor"", ""haykakan humor"", ""Armenian jokes"", ""HD"", ""humor"", ""Հումոր"", ""Kargin haxordum HD"", ""Kargin Haghordum HD"", ""Hayko Mko Kargin Haxordum"", ""jokes""]",,,,False,,,,"Կարգին Հաղորդում  
Hayko Mko Armenian Humor 
Հայկո Մկո Հայկական Հումոր",youtube,True,{},{},False,True,True,processed,hd,2d,rectangular,none,,0,api,2026-08-01T13:53:41+00:00,
40ukYPvfUmI,https://www.youtube.com/watch?v=40ukYPvfUmI,https://www.youtube.com/watch?v=40ukYPvfUmI&list=PLDDuEZQEC_uAuSrUXsFVBLNkPQY3BHzLQ&index=57&t=0s,Kargin Haghordum sketch 456 (Hayko Mko),KarginTV,UCEHF-l2v0qhi_IXzrfc3uZg,125,20121228,394744,1840,,20.0,public,hy,"[""24""]","[""Kargin Haghordum"", ""Kargin haxordum"", ""Կարգին Հաղորդում"", ""Hayko Mko"", ""Armenian Humor"", ""Հայկո Մկո"", ""Հայկական Հումոր"", ""Hayko"", ""Mko"", ""Հյկո"", ""Մկո"", ""Kargin"", ""Կարգին"", ""Armenia Humor"", ""haykakan humor"", ""Armenian jokes"", ""HD"", ""humor"", ""Հումոր"", ""Kargin haxordum HD"", ""Kargin Haghordum HD"", ""Hayko Mko Kargin Haxordum"", ""jokes""]",,,,False,,,,"Կարգին Հաղորդում  
Hayko Mko Armenian Humor 
Հայկո Մկո Հայկական Հումոր",youtube,False,{},{},False,True,True,processed,hd,2d,rectangular,none,,0,api,2026-08-01T13:53:41+00:00,
EzBimQbJTPM,https://www.youtube.com/watch?v=EzBimQbJTPM,https://www.youtube.com/watch?v=EzBimQbJTPM&list=PLDDuEZQEC_uAuSrUXsFVBLNkPQY3BHzLQ&index=58&t=0s,Kargin Haghordum sketch 457 (Hayko Mko),KarginTV,UCEHF-l2v0qhi_IXzrfc3uZg,94,20121228,451725,1902,,20.0,public,hy,"[""24""]","[""Kargin Haghordum"", ""Kargin haxordum"", ""Կարգին Հաղորդում"", ""Hayko Mko"", ""Armenian Humor"", ""Հայկո Մկո"", ""Հայկական Հումոր"", ""Hayko"", ""Mko"", ""Հյկո"", ""Մկո"", ""Kargin"", ""Կարգին"", ""Armenia Humor"", ""haykakan humor"", ""Armenian jokes"", ""HD"", ""humor"", ""Հումոր"", ""Kargin haxordum HD"", ""Kargin Haghordum HD"", ""Hayko Mko Kargin Haxordum"", ""jokes""]",,,,False,,,,"Կարգին Հաղորդում  
Hayko Mko Armenian Humor 
Հայկո Մկո Հայկական Հումոր",youtube,True,{},{},False,True,True,processed,hd,2d,rectangular,none,,0,api,2026-08-01T13:53:41+00:00,
-KoZV7oGH3A,https://www.youtube.com/watch?v=-KoZV7oGH3A,https://www.youtube.com/watch?v=-KoZV7oGH3A&list=PLDDuEZQEC_uAuSrUXsFVBLNkPQY3BHzLQ&index=59&t=0s,Kargin Haghordum sketch 458 (Hayko Mko),KarginTV,UCEHF-l2v0qhi_IXzrfc3uZg,188,20121228,752603,2702,,48.0,public,hy,"[""24""]","[""Kargin Haghordum"", ""Kargin haxordum"", ""Կարգին Հաղորդում"", ""Hayko Mko"", ""Armenian Humor"", ""Հայկո Մկո"", ""Հայկական Հումոր"", ""Hayko"", ""Mko"", ""Հյկո"", ""Մկո"", ""Kargin"", ""Կարգին"", ""Armenia Humor"", ""haykakan humor"", ""Armenian jokes"", ""HD"", ""humor"", ""Հումոր"", ""Kargin haxordum HD"", ""Kargin Haghordum HD"", ""Hayko Mko Kargin Haxordum"", ""jokes""]",,,,False,,,,"Կարգին Հաղորդում  
Hayko Mko Armenian Humor 
Հայկո Մկո Հայկական Հումոր",youtube,True,{},{},False,True,True,processed,hd,2d,rectangular,none,,0,api,2026-08-01T13:53:41+00:00,
vd_n882n8AU,https://www.youtube.com/watch?v=vd_n882n8AU,https://www.youtube.com/watch?v=vd_n882n8AU&list=PLDDuEZQEC_uDcYhabzxMCFCs3vGGSGVX4&index=25&t=0s,Kargin Haghordum sketch 224 (Hayko Mko),KarginTV,UCEHF-l2v0qhi_IXzrfc3uZg,212,20121227,746221,4294,,63.0,public,hy,"[""24""]","[""Kargin Haghordum"", ""Kargin haxordum"", ""Կարգին Հաղորդում"", ""Hayko Mko"", ""Armenian Humor"", ""Հայկո Մկո"", ""Հայկական Հումոր"", ""Hayko"", ""Mko"", ""Հյկո"", ""Մկո"", ""Kargin"", ""Կարգին"", ""Armenia Humor"", ""haykakan humor"", ""Armenian jokes"", ""HD"", ""humor"", ""Հումոր"", ""Kargin haxordum HD"", ""Kargin Haghordum HD"", ""Hayko Mko Kargin Haxordum"", ""jokes""]",,,,False,,,,"Կարգին Հաղորդում  
Hayko Mko Armenian Humor 
Հայկո Մկո Հայկական Հումոր",youtube,True,{},{},False,True,True,processed,hd,2d,rectangular,none,,0,api,2026-08-01T13:53:41+00:00,
W0XFxz082oE,https://www.youtube.com/watch?v=W0XFxz082oE,https://www.youtube.com/watch?v=W0XFxz082oE&list=PLDDuEZQEC_uDcYhabzxMCFCs3vGGSGVX4&index=26&t=0s,Kargin Haghordum sketch 225 (Hayko Mko),KarginTV,UCEHF-l2v0qhi_IXzrfc3uZg,107,20121227,885911,2855,,63.0,public,hy,"[""24""]","[""Kargin Haghordum"", ""Kargin haxordum"", ""Կարգին Հաղորդում"", ""Hayko Mko"", ""Armenian Humor"", ""Հայկո Մկո"", ""Հայկական Հումոր"", ""Hayko"", ""Mko"", ""Հյկո"", ""Մկո"", ""Kargin"", ""Կարգին"", ""Armenia Humor"", ""haykakan humor"", ""Armenian jokes"", ""HD"", ""humor"", ""Հումոր"", ""Kargin haxordum HD"", ""Kargin Haghordum HD"", ""Hayko Mko Kargin Haxordum"", ""jokes""]",,,,False,,,,"Կարգին Հաղորդում  
Hayko Mko Armenian Humor 
Հայկո Մկո Հայկական Հումոր",youtube,True,{},{},False,True,True,processed,hd,2d,rectangular,none,,0,api,2026-08-01T13:53:41+00:00,
DRblWvbacrM,https://www.youtube.com/watch?v=DRblWvbacrM,https://www.youtube.com/watch?v=DRblWvbacrM&list=PLDDuEZQEC_uAuSrUXsFVBLNkPQY3BHzLQ&index=21&t=0s,Kargin Haghordum sketch 420 (Hayko Mko),KarginTV,UCEHF-l2v0qhi_IXzrfc3uZg,118,20121228,714704,2336,,12.0,public,hy,"[""24""]","[""Kargin Haghordum"", ""Kargin haxordum"", ""Կարգին Հաղորդում"", ""Hayko Mko"", ""Armenian Humor"", ""Հայկո Մկո"", ""Հայկական Հումոր"", ""Hayko"", ""Mko"", ""Հյկո"", ""Մկո"", ""Kargin"", ""Կարգին"", ""Armenia Humor"", ""haykakan humor"", ""Armenian jokes"", ""HD"", ""humor"", ""Հումոր"", ""Kargin haxordum HD"", ""Kargin Haghordum HD"", ""Hayko Mko Kargin Haxordum"", ""jokes""]",,,,False,,,,"Կարգին Հաղորդում  
Hayko Mko Armenian Humor 
Հայկո Մկո Հայկական Հումոր",youtube,False,{},{},False,True,True,processed,hd,2d,rectangular,none,,0,api,2026-08-01T13:53:41+00:00,
CbgLxVY0sks,https://www.youtube.com/watch?v=CbgLxVY0sks,https://www.youtube.com/watch?v=CbgLxVY0sks&list=PLDDuEZQEC_uAuSrUXsFVBLNkPQY3BHzLQ&index=91&t=0s,Kargin Haghordum sketch 490 (Hayko Mko),KarginTV,UCEHF-l2v0qhi_IXzrfc3uZg,134,20121228,415357,2146,,54.0,public,hy,"[""24""]","[""Kargin Haghordum"", ""Kargin haxordum"", ""Կարգին Հաղորդում"", ""Hayko Mko"", ""Armenian Humor"", ""Հայկո Մկո"", ""Հայկական Հումոր"", ""Hayko"", ""Mko"", ""Հյկո"", ""Մկո"", ""Kargin"", ""Կարգին"", ""Armenia Humor"", ""haykakan humor"", ""Armenian jokes"", ""HD"", ""humor"", ""Հումոր"", ""Kargin haxordum HD"", ""Kargin Haghordum HD"", ""Hayko Mko Kargin Haxordum"", ""jokes""]",,,,False,,,,"Կարգին Հաղորդում  
Hayko Mko Armenian Humor 
Հայկո Մկո Հայկական Հումոր",youtube,False,{},{},False,True,True,processed,hd,2d,rectangular,none,,0,api,2026-08-01T13:53:41+00:00,
VRUVd4SQ7Mo,https://www.youtube.com/watch?v=VRUVd4SQ7Mo,https://www.youtube.com/watch?v=VRUVd4SQ7Mo&list=PLDDuEZQEC_uAuSrUXsFVBLNkPQY3BHzLQ&index=92&t=0s,Kargin Haghordum sketch 491 (Hayko Mko),KarginTV,UCEHF-l2v0qhi_IXzrfc3uZg,163,20121228,440557,2306,,64.0,public,hy,"[""24""]","[""Kargin Haghordum"", ""Kargin haxordum"", ""Կարգին Հաղորդում"", ""Hayko Mko"", ""Armenian Humor"", ""Հայկո Մկո"", ""Հայկական Հումոր"", ""Hayko"", ""Mko"", ""Հյկո"", ""Մկո"", ""Kargin"", ""Կարգին"", ""Armenia Humor"", ""haykakan humor"", ""Armenian jokes"", ""HD"", ""humor"", ""Հումոր"", ""Kargin haxordum HD"", ""Kargin Haghordum HD"", ""Hayko Mko Kargin Haxordum"", ""jokes""]",,,,False,,,,"Կարգին Հաղորդում  
Hayko Mko Armenian Humor 
Հայկո Մկո Հայկական Հումոր",youtube,True,{},{},False,True,True,processed,hd,2d,rectangular,none,,0,api,2026-08-01T13:53:41+00:00,
5LRCQjkTqP0,https://www.youtube.com/watch?v=5LRCQjkTqP0,https://www.youtube.com/watch?v=5LRCQjkTqP0&list=PLDDuEZQEC_uAuSrUXsFVBLNkPQY3BHzLQ&index=93&t=0s,Kargin Haghordum sketch 492 (Hayko Mko),KarginTV,UCEHF-l2v0qhi_IXzrfc3uZg,222,20121228,259978,1438,,39.0,public,hy,"[""24""]","[""Kargin Haghordum"", ""Kargin haxordum"", ""Կարգին Հաղորդում"", ""Hayko Mko"", ""Armenian Humor"", ""Հայկո Մկո"", ""Հայկական Հումոր"", ""Hayko"", ""Mko"", ""Հյկո"", ""Մկո"", ""Kargin"", ""Կարգին"", ""Armenia Humor"", ""haykakan humor"", ""Armenian jokes"", ""HD"", ""humor"", ""Հումոր"", ""Kargin haxordum HD"", ""Kargin Haghordum HD"", ""Hayko Mko Kargin Haxordum"", ""jokes""]",,,,False,,,,"Կարգին Հաղորդում  
Hayko Mko Armenian Humor 
Հայկո Մկո Հայկական Հումոր",youtube,True,{},{},False,True,True,processed,hd,2d,rectangular,none,,0,api,2026-08-01T13:53:41+00:00,
F7TPxt1wSDk,https://www.youtube.com/watch?v=F7TPxt1wSDk,https://www.youtube.com/watch?v=F7TPxt1wSDk&list=PLDDuEZQEC_uAuSrUXsFVBLNkPQY3BHzLQ&index=95&t=0s,Kargin Haghordum sketch 494 (Hayko Mko),KarginTV,UCEHF-l2v0qhi_IXzrfc3uZg,240,20121228,1571547,6874,,112.0,public,hy,"[""24""]","[""Kargin Haghordum"", ""Kargin haxordum"", ""Կարգին Հաղորդում"", ""Hayko Mko"", ""Armenian Humor"", ""Հայկո Մկո"", ""Հայկական Հումոր"", ""Hayko"", ""Mko"", ""Հյկո"", ""Մկո"", ""Kargin"", ""Կարգին"", ""Armenia Humor"", ""haykakan humor"", ""Armenian jokes"", ""HD"", ""humor"", ""Հումոր"", ""Kargin haxordum HD"", ""Kargin Haghordum HD"", ""Hayko Mko Kargin Haxordum"", ""jokes""]",,,,False,,,,"Կարգին Հաղորդում  
Hayko Mko Armenian Humor 
Հայկո Մկո Հայկական Հումոր",youtube,True,{},{},False,True,True,processed,hd,2d,rectangular,none,,0,api,2026-08-01T13:53:41+00:00,
OKKWXnxY9hw,https://www.youtube.com/watch?v=OKKWXnxY9hw,https://www.youtube.com/watch?v=OKKWXnxY9hw&list=PLDDuEZQEC_uDcYhabzxMCFCs3vGGSGVX4&index=98&t=0s,Kargin Haghordum sketch 297 (Hayko Mko),KarginTV,UCEHF-l2v0qhi_IXzrfc3uZg,144,20121228,294894,2290,,29.0,public,hy,"[""24""]","[""Kargin Haghordum"", ""Kargin haxordum"", ""Կարգին Հաղորդում"", ""Hayko Mko"", ""Armenian Humor"", ""Հայկո Մկո"", ""Հայկական Հումոր"", ""Hayko"", ""Mko"", ""Հյկո"", ""Մկո"", ""Kargin"", ""Կարգին"", ""Armenia Humor"", ""haykakan humor"", ""Armenian jokes"", ""HD"", ""humor"", ""Հումոր"", ""Kargin haxordum HD"", ""Kargin Haghordum HD"", ""Hayko Mko Kargin Haxordum"", ""jokes""]",,,,False,,,,"Կարգին Հաղորդում  
Hayko Mko Armenian Humor 
Հայկո Մկո Հայկական Հումոր",youtube,True,{},{},False,True,True,processed,hd,2d,rectangular,none,,0,api,2026-08-01T13:53:41+00:00,
cZlUHn9xle8,https://www.youtube.com/watch?v=cZlUHn9xle8,https://www.youtube.com/watch?v=cZlUHn9xle8&list=PLDDuEZQEC_uAuSrUXsFVBLNkPQY3BHzLQ&index=85&t=0s,Kargin Haghordum sketch 484 (Hayko Mko),KarginTV,UCEHF-l2v0qhi_IXzrfc3uZg,187,20121228,820277,3563,,41.0,public,hy,"[""24""]","[""Kargin Haghordum"", ""Kargin haxordum"", ""Կարգին Հաղորդում"", ""Hayko Mko"", ""Armenian Humor"", ""Հայկո Մկո"", ""Հայկական Հումոր"", ""Hayko"", ""Mko"", ""Հյկո"", ""Մկո"", ""Kargin"", ""Կարգին"", ""Armenia Humor"", ""haykakan humor"", ""Armenian jokes"", ""HD"", ""humor"", ""Հումոր"", ""Kargin haxordum HD"", ""Kargin Haghordum HD"", ""Hayko Mko Kargin Haxordum"", ""jokes""]",,,,False,,,,"Կարգին Հաղորդում  
Hayko Mko Armenian Humor 
Հայկո Մկո Հայկական Հումոր",youtube,False,{},{},False,True,True,processed,hd,2d,rectangular,none,,0,api,2026-08-01T13:53:41+00:00,
Vn0F9v68HP8,https://www.youtube.com/watch?v=Vn0F9v68HP8,https://www.youtube.com/watch?v=Vn0F9v68HP8&list=PLC4FFB3F0AFB8146C&index=60&t=0s,Kargin Haghordum - Galiboy (Hayko Mko),KarginTV,UCEHF-l2v0qhi_IXzrfc3uZg,247,20120617,667968,4120,,62.0,public,hy,"[""24""]","[""Kargin Haghordum"", ""Kargin haxordum"", ""Կարգին Հաղորդում"", ""Hayko Mko"", ""Armenian Humor"", ""Հայկո Մկո"", ""Հայկական Հումոր"", ""Hayko"", ""Mko"", ""Հյկո"", ""Մկո"", ""Kargin"", ""Կարգին"", ""Armenia Humor"", ""haykakan humor"", ""Armenian jokes"", ""HD"", ""humor"", ""Հումոր"", ""Kargin haxordum HD"", ""Kargin Haghordum HD"", ""Hayko Mko Kargin Haxordum"", ""jokes""]",,,,False,,,,"Կարգին Հաղորդում
Hayko Mko Armenian Humor
Հայկո Մկո Հայկական Հումոր",youtube,False,{},{},False,True,True,processed,sd,2d,rectangular,none,,0,api,2026-08-01T13:53:41+00:00,
9OIvv9v7fh8,https://www.youtube.com/watch?v=9OIvv9v7fh8,https://www.youtube.com/watch?v=9OIvv9v7fh8&list=PLC4FFB3F0AFB8146C&index=66&t=0s,Kargin Haghordum - Vaxo (Hayko Mko),KarginTV,UCEHF-l2v0qhi_IXzrfc3uZg,194,20120617,340975,1463,,44.0,public,hy,"[""24""]","[""Kargin Haghordum"", ""Kargin haxordum"", ""Կարգին Հաղորդում"", ""Hayko Mko"", ""Armenian Humor"", ""Հայկո Մկո"", ""Հայկական Հումոր"", ""Hayko"", ""Mko"", ""Հյկո"", ""Մկո"", ""Kargin"", ""Կարգին"", ""Armenia Humor"", ""haykakan humor"", ""Armenian jokes"", ""HD"", ""humor"", ""Հումոր"", ""Kargin haxordum HD"", ""Kargin Haghordum HD"", ""Hayko Mko Kargin Haxordum"", ""jokes""]",,,,False,,,,"Կարգին Հաղորդում
Hayko Mko Armenian Humor
Հայկո Մկո Հայկական Հումոր",youtube,True,{},{},False,True,True,processed,sd,2d,rectangular,none,,0,api,2026-08-01T13:53:43+00:00,
t6kKe5nAddg,https://www.youtube.com/watch?v=t6kKe5nAddg,https://www.youtube.com/watch?v=t6kKe5nAddg&list=PLC4FFB3F0AFB8146C&index=71&t=0s,Kargin Haghordum - Esi mek (Hayko Mko),KarginTV,UCEHF-l2v0qhi_IXzrfc3uZg,167,20120617,554615,2685,,40.0,public,hy,"[""24""]","[""Kargin Haghordum"", ""Kargin haxordum"", ""Կարգին Հաղորդում"", ""Hayko Mko"", ""Armenian Humor"", ""Հայկո Մկո"", ""Հայկական Հումոր"", ""Hayko"", ""Mko"", ""Հյկո"", ""Մկո"", ""Kargin"", ""Կարգին"", ""Armenia Humor"", ""haykakan humor"", ""Armenian jokes"", ""HD"", ""humor"", ""Հումոր"", ""Kargin haxordum HD"", ""Kargin Haghordum HD"", ""Hayko Mko Kargin Haxordum"", ""jokes""]",,,,False,,,,"Կարգին Հաղորդում
Hayko Mko Armenian Humor
Հայկո Մկո Հայկական Հումոր",youtube,True,{},{},False,True,True,processed,sd,2d,rectangular,none,,0,api,2026-08-01T13:53:43+00:00,
shLrtQlHw6Q,https://www.youtube.com/watch?v=shLrtQlHw6Q,https://www.youtube.com/watch?v=shLrtQlHw6Q&list=PLC4FFB3F0AFB8146C&index=68&t=0s,Kargin Haghordum - Pashtonya (Hayko Mko),KarginTV,UCEHF-l2v0qhi_IXzrfc3uZg,191,20120617,282206,1671,,26.0,public,hy,"[""24""]","[""Kargin Haghordum"", ""Kargin haxordum"", ""Կարգին Հաղորդում"", ""Hayko Mko"", ""Armenian Humor"", ""Հայկո Մկո"", ""Հայկական Հումոր"", ""Hayko"", ""Mko"", ""Հյկո"", ""Մկո"", ""Kargin"", ""Կարգին"", ""Armenia Humor"", ""haykakan humor"", ""Armenian jokes"", ""HD"", ""humor"", ""Հումոր"", ""Kargin haxordum HD"", ""Kargin Haghordum HD"", ""Hayko Mko Kargin Haxordum"", ""jokes""]",,,,False,,,,"Կարգին Հաղորդում
Hayko Mko Armenian Humor
Հայկո Մկո Հայկական Հումոր",youtube,False,{},{},False,True,True,processed,sd,2d,rectangular,none,,0,api,2026-08-01T13:53:43+00:00,
DMBmsT6qhSU,https://www.youtube.com/watch?v=DMBmsT6qhSU,https://www.youtube.com/watch?v=DMBmsT6qhSU&list=PLC4FFB3F0AFB8146C&index=69&t=0s,Kargin Haghordum - Harcazruyc (Hayko Mko),KarginTV,UCEHF-l2v0qhi_IXzrfc3uZg,208,20120617,371886,2508,,50.0,public,hy,"[""24""]","[""Kargin Haghordum"", ""Kargin haxordum"", ""Կարգին Հաղորդում"", ""Hayko Mko"", ""Armenian Humor"", ""Հայկո Մկո"", ""Հայկական Հումոր"", ""Hayko"", ""Mko"", ""Հյկո"", ""Մկո"", ""Kargin"", ""Կարգին"", ""Armenia Humor"", ""haykakan humor"", ""Armenian jokes"", ""HD"", ""humor"", ""Հումոր"", ""Kargin haxordum HD"", ""Kargin Haghordum HD"", ""Hayko Mko Kargin Haxordum"", ""jokes""]",,,,False,,,,"Կարգին Հաղորդում
Hayko Mko Armenian Humor
Հայկո Մկո Հայկական Հումոր",youtube,False,{},{},False,True,True,processed,sd,2d,rectangular,none,,0,api,2026-08-01T13:53:43+00:00,
nfioZxPLwBg,https://www.youtube.com/watch?v=nfioZxPLwBg,https://www.youtube.com/watch?v=nfioZxPLwBg&list=PLC4FFB3F0AFB8146C&index=72&t=0s,Kargin Haghordum - Gyuxi marmnavachar@ (Hayko Mko),KarginTV,UCEHF-l2v0qhi_IXzrfc3uZg,217,20120617,492746,2829,,39.0,public,hy,"[""24""]","[""Kargin Haghordum"", ""Kargin haxordum"", ""Կարգին Հաղորդում"", ""Hayko Mko"", ""Armenian Humor"", ""Հայկո Մկո"", ""Հայկական Հումոր"", ""Hayko"", ""Mko"", ""Հյկո"", ""Մկո"", ""Kargin"", ""Կարգին"", ""Armenia Humor"", ""haykakan humor"", ""Armenian jokes"", ""HD"", ""humor"", ""Հումոր"", ""Kargin haxordum HD"", ""Kargin Haghordum HD"", ""Hayko Mko Kargin Haxordum"", ""jokes""]",,,,False,,,,"Կարգին Հաղորդում
Hayko Mko Armenian Humor
Հայկո Մկո Հայկական Հումոր",youtube,False,"{""blocked"": [""RU""]}",{},False,True,True,processed,sd,2d,rectangular,none,,0,api,2026-08-01T13:53:43+00:00,
CFm_JkzEL8Q,https://www.youtube.com/watch?v=CFm_JkzEL8Q,https://www.youtube.com/watch?v=CFm_JkzEL8Q&list=PLC4FFB3F0AFB8146C&index=96&t=0s,Kargin Haghordum sketch 095 (Hayko Mko),KarginTV,UCEHF-l2v0qhi_IXzrfc3uZg,257,20120618,782727,5111,,127.0,public,hy,"[""24""]","[""Kargin Haghordum"", ""Kargin haxordum"", ""Կարգին Հաղորդում"", ""Hayko Mko"", ""Armenian Humor"", ""Հայկո Մկո"", ""Հայկական Հումոր"", ""Hayko"", ""Mko"", ""Հյկո"", ""Մկո"", ""Kargin"", ""Կարգին"", ""Armenia Humor"", ""haykakan humor"", ""Armenian jokes"", ""HD"", ""humor"", ""Հումոր"", ""Kargin haxordum HD"", ""Kargin Haghordum HD"", ""Hayko Mko Kargin Haxordum"", ""jokes""]",,,,False,,,,"Կարգին Հաղորդում
Hayko Mko Armenian Humor
Հայկո Մկո Հայկական Հումոր",youtube,True,{},{},False,True,True,processed,sd,2d,rectangular,none,,0,api,2026-08-01T13:53:43+00:00,
aysbdAuVO4c,https://www.youtube.com/watch?v=aysbdAuVO4c,https://www.youtube.com/watch?v=aysbdAuVO4c&list=PLC4FFB3F0AFB8146C&index=101&t=0s,Kargin Haghordum sketch 100 (Hayko Mko),KarginTV,UCEHF-l2v0qhi_IXzrfc3uZg,168,20120618,538512,3195,,94.0,public,hy,"[""24""]","[""Kargin Haghordum"", ""Kargin haxordum"", ""Կարգին Հաղորդում"", ""Hayko Mko"", ""Armenian Humor"", ""Հայկո Մկո"", ""Հայկական Հումոր"", ""Hayko"", ""Mko"", ""Հյկո"", ""Մկո"", ""Kargin"", ""Կարգին"", ""Armenia Humor"", ""haykakan humor"", ""Armenian jokes"", ""HD"", ""humor"", ""Հումոր"", ""Kargin haxordum HD"", ""Kargin Haghordum HD"", ""Hayko Mko Kargin Haxordum"", ""jokes""]",,,,False,,,,"Կարգին Հաղորդում
Hayko Mko Armenian Humor
Հայկո Մկո Հայկական Հումոր",youtube,True,{},{},False,True,True,processed,sd,2d,rectangular,none,,0,api,2026-08-01T13:53:43+00:00,
7arnxebkEUU,https://www.youtube.com/watch?v=7arnxebkEUU,https://www.youtube.com/watch?v=7arnxebkEUU&list=PLC4FFB3F0AFB8146C&index=102&t=0s,Kargin Haghordum sketch 101 (Hayko Mko),KarginTV,UCEHF-l2v0qhi_IXzrfc3uZg,310,20120618,1609798,7867,,128.0,public,hy,"[""24""]","[""Kargin Haghordum"", ""Kargin haxordum"", ""Կարգին Հաղորդում"", ""Hayko Mko"", ""Armenian Humor"", ""Հայկո Մկո"", ""Հայկական Հումոր"", ""Hayko"", ""Mko"", ""Հյկո"", ""Մկո"", ""Kargin"", ""Կարգին"", ""Armenia Humor"", ""haykakan humor"", ""Armenian jokes"", ""HD"", ""humor"", ""Հումոր"", ""Kargin haxordum HD"", ""Kargin Haghordum HD"", ""Hayko Mko Kargin Haxordum"", ""jokes""]",,,,False,,,,"Կարգին Հաղորդում
Hayko Mko Armenian Humor
Հայկո Մկո Հայկական Հումոր",youtube,True,{},{},False,True,True,processed,sd,2d,rectangular,none,,0,api,2026-08-01T13:53:43+00:00,
upv-Sbiitss,https://www.youtube.com/watch?v=upv-Sbiitss,https://www.youtube.com/watch?v=upv-Sbiitss&list=PLC4FFB3F0AFB8146C&index=141&t=0s,Kargin Haghordum sketch 140 (Hayko Mko),KarginTV,UCEHF-l2v0qhi_IXzrfc3uZg,207,20121227,44983,174,,2.0,public,hy,"[""24""]","[""Kargin Haghordum"", ""Kargin haxordum"", ""Կարգին Հաղորդում"", ""Hayko Mko"", ""Armenian Humor"", ""Հայկո Մկո"", ""Հայկական Հումոր"", ""Hayko"", ""Mko"", ""Հյկո"", ""Մկո"", ""Kargin"", ""Կարգին"", ""Armenia Humor"", ""haykakan humor"", ""Armenian jokes"", ""HD"", ""humor"", ""Հումոր"", ""Kargin haxordum HD"", ""Kargin Haghordum HD"", ""Hayko Mko Kargin Haxordum"", ""jokes""]",,,,False,,,,"Կարգին Հաղորդում  
Hayko Mko Armenian Humor 
Հայկո Մկո Հայկական Հումոր",youtube,False,{},{},False,True,True,processed,hd,2d,rectangular,none,,0,api,2026-08-01T13:53:43+00:00,
AXFZ8ymj--w,https://www.youtube.com/watch?v=AXFZ8ymj--w,https://www.youtube.com/watch?v=AXFZ8ymj--w&list=PLC4FFB3F0AFB8146C&index=143&t=0s,Kargin Haghordum sketch 142 (Hayko Mko),KarginTV,UCEHF-l2v0qhi_IXzrfc3uZg,293,20121227,785131,4724,,115.0,public,hy,"[""24""]","[""Kargin Haghordum"", ""Kargin haxordum"", ""Կարգին Հաղորդում"", ""Hayko Mko"", ""Armenian Humor"", ""Հայկո Մկո"", ""Հայկական Հումոր"", ""Hayko"", ""Mko"", ""Հյկո"", ""Մկո"", ""Kargin"", ""Կարգին"", ""Armenia Humor"", ""haykakan humor"", ""Armenian jokes"", ""HD"", ""humor"", ""Հումոր"", ""Kargin haxordum HD"", ""Kargin Haghordum HD"", ""Hayko Mko Kargin Haxordum"", ""jokes""]",,,,False,,,,"Կարգին Հաղորդում  
Hayko Mko Armenian Humor 
Հայկո Մկո Հայկական Հումոր",youtube,False,{},{},False,True,True,processed,hd,2d,rectangular,none,,0,api,2026-08-01T13:53:43+00:00,
VGUGkjpM0QA,https://www.youtube.com/watch?v=VGUGkjpM0QA,https://www.youtube.com/watch?v=VGUGkjpM0QA&list=PLC4FFB3F0AFB8146C&index=145&t=0s,Kargin Haghordum sketch 144 (Hayko Mko),KarginTV,UCEHF-l2v0qhi_IXzrfc3uZg,123,20121227,486588,2957,,25.0,public,hy,"[""24""]","[""Kargin Haghordum"", ""Kargin haxordum"", ""Կարգին Հաղորդում"", ""Hayko Mko"", ""Armenian Humor"", ""Հայկո Մկո"", ""Հայկական Հումոր"", ""Hayko"", ""Mko"", ""Հյկո"", ""Մկո"", ""Kargin"", ""Կարգին"", ""Armenia Humor"", ""haykakan humor"", ""Armenian jokes"", ""HD"", ""humor"", ""Հումոր"", ""Kargin haxordum HD"", ""Kargin Haghordum HD"", ""Hayko Mko Kargin Haxordum"", ""jokes""]",,,,False,,,,"Կարգին Հաղորդում  
Hayko Mko Armenian Humor 
Հայկո Մկո Հայկական Հումոր",youtube,True,{},{},False,True,True,processed,hd,2d,rectangular,none,,0,api,2026-08-01T13:53:43+00:00,
a_KLb1uX_mc,https://www.youtube.com/watch?v=a_KLb1uX_mc,https://www.youtube.com/watch?v=a_KLb1uX_mc&list=PLC4FFB3F0AFB8146C&index=146&t=0s,Kargin Haghordum sketch 145 (Hayko Mko),KarginTV,UCEHF-l2v0qhi_IXzrfc3uZg,129,20121227,524479,2368,,46.0,public,hy,"[""24""]","[""Kargin Haghordum"", ""Kargin haxordum"", ""Կարգին Հաղորդում"", ""Hayko Mko"", ""Armenian Humor"", ""Հայկո Մկո"", ""Հայկական Հումոր"", ""Hayko"", ""Mko"", ""Հյկո"", ""Մկո"", ""Kargin"", ""Կարգին"", ""Armenia Humor"", ""haykakan humor"", ""Armenian jokes"", ""HD"", ""humor"", ""Հումոր"", ""Kargin haxordum HD"", ""Kargin Haghordum HD"", ""Hayko Mko Kargin Haxordum"", ""jokes""]",,,,False,,,,"Կարգին Հաղորդում  
Hayko Mko Armenian Humor 
Հայկո Մկո Հայկական Հումոր",youtube,True,{},{},False,True,True,processed,hd,2d,rectangular,none,,0,api,2026-08-01T13:53:43+00:00,
6FXHg3S0F-0,https://www.youtube.com/watch?v=6FXHg3S0F-0,https://www.youtube.com/watch?v=6FXHg3S0F-0&list=PLC4FFB3F0AFB8146C&index=147&t=0s,Kargin Haghordum sketch 146 (Hayko Mko),KarginTV,UCEHF-l2v0qhi_IXzrfc3uZg,193,20121227,467005,2844,,41.0,public,hy,"[""24""]","[""Kargin Haghordum"", ""Kargin haxordum"", ""Կարգին Հաղորդում"", ""Hayko Mko"", ""Armenian Humor"", ""Հայկո Մկո"", ""Հայկական Հումոր"", ""Hayko"", ""Mko"", ""Հյկո"", ""Մկո"", ""Kargin"", ""Կարգին"", ""Armenia Humor"", ""haykakan humor"", ""Armenian jokes"", ""HD"", ""humor"", ""Հումոր"", ""Kargin haxordum HD"", ""Kargin Haghordum HD"", ""Hayko Mko Kargin Haxordum"", ""jokes""]",,,,False,,,,"Կարգին Հաղորդում  
Hayko Mko Armenian Humor 
Հայկո Մկո Հայկական Հումոր",youtube,True,{},{},False,True,True,processed,hd,2d,rectangular,none,,0,api,2026-08-01T13:53:43+00:00,
YPieQWuJJFg,https://www.youtube.com/watch?v=YPieQWuJJFg,https://www.youtube.com/watch?v=YPieQWuJJFg&list=PLC4FFB3F0AFB8146C&index=148&t=0s,Kargin Haghordum sketch 147 (Hayko Mko),KarginTV,UCEHF-l2v0qhi_IXzrfc3uZg,159,20121227,1289010,7144,,124.0,public,hy,"[""24""]","[""Kargin Haghordum"", ""Kargin haxordum"", ""Կարգին Հաղորդում"", ""Hayko Mko"", ""Armenian Humor"", ""Հայկո Մկո"", ""Հայկական Հումոր"", ""Hayko"", ""Mko"", ""Հյկո"", ""Մկո"", ""Kargin"", ""Կարգին"", ""Armenia Humor"", ""haykakan humor"", ""Armenian jokes"", ""HD"", ""humor"", ""Հումոր"", ""Kargin haxordum HD"", ""Kargin Haghordum HD"", ""Hayko Mko Kargin Haxordum"", ""jokes""]",,,,False,,,,"Կարգին Հաղորդում  
Hayko Mko Armenian Humor 
Հայկո Մկո Հայկական Հումոր",youtube,False,{},{},False,True,True,processed,hd,2d,rectangular,none,,0,api,2026-08-01T13:53:43+00:00,
87QkHyAc5HA,https://www.youtube.com/watch?v=87QkHyAc5HA,https://www.youtube.com/watch?v=87QkHyAc5HA&list=PLC4FFB3F0AFB8146C&index=2&t=0s,Kargin Haghordum - Intelekt (Hayko Mko),KarginTV,UCEHF-l2v0qhi_IXzrfc3uZg,257,20120615,2130494,7851,,203.0,public,hy,"[""24""]","[""Kargin Haghordum"", ""Kargin haxordum"", ""Կարգին Հաղորդում"", ""Hayko Mko"", ""Armenian Humor"", ""Հայկո Մկո"", ""Հայկական Հումոր"", ""Hayko"", ""Mko"", ""Հյկո"", ""Մկո"", ""Kargin"", ""Կարգին"", ""Armenia Humor"", ""haykakan humor"", ""Armenian jokes"", ""HD"", ""humor"", ""Հումոր"", ""Kargin haxordum HD"", ""Kargin Haghordum HD"", ""Hayko Mko Kargin Haxordum"", ""jokes""]",,,,False,,,,"Կարգին Հաղորդում
Hayko Mko Armenian Humor
Հայկո Մկո Հայկական Հումոր",youtube,False,"{""blocked"": [""RU""]}",{},False,True,True,processed,sd,2d,rectangular,none,,0,api,2026-08-01T13:53:43+00:00,
65lQYk5SUAY,https://www.youtube.com/watch?v=65lQYk5SUAY,https://www.youtube.com/watch?v=65lQYk5SUAY&list=PLC4FFB3F0AFB8146C&index=3&t=0s,Kargin Haghordum - Harsaniq (Hayko Mko),KarginTV,UCEHF-l2v0qhi_IXzrfc3uZg,261,20120615,936326,3416,,104.0,public,hy,"[""24""]","[""Kargin Haghordum"", ""Kargin haxordum"", ""Կարգին Հաղորդում"", ""Hayko Mko"", ""Armenian Humor"", ""Հայկո Մկո"", ""Հայկական Հումոր"", ""Hayko"", ""Mko"", ""Հյկո"", ""Մկո"", ""Kargin"", ""Կարգին"", ""Armenia Humor"", ""haykakan humor"", ""Armenian jokes"", ""HD"", ""humor"", ""Հումոր"", ""Kargin haxordum HD"", ""Kargin Haghordum HD"", ""Hayko Mko Kargin Haxordum"", ""jokes""]",,,,False,,,,"Կարգին Հաղորդում
Hayko Mko Armenian Humor
Հայկո Մկո Հայկական Հումոր",youtube,False,{},{},False,True,True,processed,sd,2d,rectangular,none,hy,0,api,2026-08-01T13:53:43+00:00,
ZQir3l1VrVo,https://www.youtube.com/watch?v=ZQir3l1VrVo,https://www.youtube.com/watch?v=ZQir3l1VrVo&list=PLC4FFB3F0AFB8146C&index=4&t=0s,Kargin Haghordum- Porch@ bjishki mot (Hayko Mko),KarginTV,UCEHF-l2v0qhi_IXzrfc3uZg,260,20120615,1287556,5047,,129.0,public,hy,"[""24""]","[""Kargin Haghordum"", ""Kargin haxordum"", ""Կարգին Հաղորդում"", ""Hayko Mko"", ""Armenian Humor"", ""Հայկո Մկո"", ""Հայկական Հումոր"", ""Hayko"", ""Mko"", ""Հյկո"", ""Մկո"", ""Kargin"", ""Կարգին"", ""Armenia Humor"", ""haykakan humor"", ""Armenian jokes"", ""HD"", ""humor"", ""Հումոր"", ""Kargin haxordum HD"", ""Kargin Haghordum HD"", ""Hayko Mko Kargin Haxordum"", ""jokes""]",,,,False,,,,"Կարգին Հաղորդում
Hayko Mko Armenian Humor
Հայկո Մկո Հայկական Հումոր",youtube,True,{},{},False,True,True,processed,sd,2d,rectangular,none,,0,api,2026-08-01T13:53:43+00:00,
ZkgP8yeiX1o,https://www.youtube.com/watch?v=ZkgP8yeiX1o,https://www.youtube.com/watch?v=ZkgP8yeiX1o&list=PLC4FFB3F0AFB8146C&index=5&t=0s,Kargin Haghordum - Kentani (Hayko Mko),KarginTV,UCEHF-l2v0qhi_IXzrfc3uZg,179,20120615,1460604,4461,,83.0,public,hy,"[""24""]","[""Kargin Haghordum"", ""Kargin haxordum"", ""Կարգին Հաղորդում"", ""Hayko Mko"", ""Armenian Humor"", ""Հայկո Մկո"", ""Հայկական Հումոր"", ""Hayko"", ""Mko"", ""Հյկո"", ""Մկո"", ""Kargin"", ""Կարգին"", ""Armenia Humor"", ""haykakan humor"", ""Armenian jokes"", ""HD"", ""humor"", ""Հումոր"", ""Kargin haxordum HD"", ""Kargin Haghordum HD"", ""Hayko Mko Kargin Haxordum"", ""jokes""]",,,,False,,,,"Կարգին Հաղորդում
Hayko Mko Armenian Humor
Հայկո Մկո Հայկական Հումոր",youtube,True,{},{},False,True,True,processed,sd,2d,rectangular,none,,0,api,2026-08-01T13:53:43+00:00,
K_kuz43dZJc,https://www.youtube.com/watch?v=K_kuz43dZJc,https://www.youtube.com/watch?v=K_kuz43dZJc&list=PLC4FFB3F0AFB8146C&index=6&t=0s,Kargin Haghordum - T@riq (Hayko Mko),KarginTV,UCEHF-l2v0qhi_IXzrfc3uZg,107,20120615,550862,1346,,26.0,public,hy,"[""24""]","[""Kargin Haghordum"", ""Kargin haxordum"", ""Կարգին Հաղորդում"", ""Hayko Mko"", ""Armenian Humor"", ""Հայկո Մկո"", ""Հայկական Հումոր"", ""Hayko"", ""Mko"", ""Հյկո"", ""Մկո"", ""Kargin"", ""Կարգին"", ""Armenia Humor"", ""haykakan humor"", ""Armenian jokes"", ""HD"", ""humor"", ""Հումոր"", ""Kargin haxordum HD"", ""Kargin Haghordum HD"", ""Hayko Mko Kargin Haxordum"", ""jokes""]",,,,False,,,,"Կարգին Հաղորդում
Hayko Mko Armenian Humor
Հայկո Մկո Հայկական Հումոր",youtube,False,{},{},False,True,True,processed,sd,2d,rectangular,none,hy,0,api,2026-08-01T13:53:43+00:00,
iPCRAW_Jecc,https://www.youtube.com/watch?v=iPCRAW_Jecc,https://www.youtube.com/watch?v=iPCRAW_Jecc&list=PLC4FFB3F0AFB8146C&index=7&t=0s,Kargin Haghordum - Qyartush (Hayko Mko),KarginTV,UCEHF-l2v0qhi_IXzrfc3uZg,110,20120615,961078,2700,,45.0,public,hy,"[""24""]","[""Kargin Haghordum"", ""Kargin haxordum"", ""Կարգին Հաղորդում"", ""Hayko Mko"", ""Armenian Humor"", ""Հայկո Մկո"", ""Հայկական Հումոր"", ""Hayko"", ""Mko"", ""Հյկո"", ""Մկո"", ""Kargin"", ""Կարգին"", ""Armenia Humor"", ""haykakan humor"", ""Armenian jokes"", ""HD"", ""humor"", ""Հումոր"", ""Kargin haxordum HD"", ""Kargin Haghordum HD"", ""Hayko Mko Kargin Haxordum"", ""jokes""]",,,,False,,,,"Կարգին Հաղորդում
Hayko Mko Armenian Humor
Հայկո Մկո Հայկական Հումոր",youtube,False,{},{},False,True,True,processed,sd,2d,rectangular,none,,0,api,2026-08-01T13:53:43+00:00,
2BGZJaFd2Vw,https://www.youtube.com/watch?v=2BGZJaFd2Vw,https://www.youtube.com/watch?v=2BGZJaFd2Vw&list=PLC4FFB3F0AFB8146C&index=8&t=0s,Kargin Haghordum - Dagaxi razvarot (Hayko Mko),KarginTV,UCEHF-l2v0qhi_IXzrfc3uZg,153,20120615,960357,3080,,119.0,public,hy,"[""24""]","[""Kargin Haghordum"", ""Kargin haxordum"", ""Կարգին Հաղորդում"", ""Hayko Mko"", ""Armenian Humor"", ""Հայկո Մկո"", ""Հայկական Հումոր"", ""Hayko"", ""Mko"", ""Հյկո"", ""Մկո"", ""Kargin"", ""Կարգին"", ""Armenia Humor"", ""haykakan humor"", ""Armenian jokes"", ""HD"", ""humor"", ""Հումոր"", ""Kargin haxordum HD"", ""Kargin Haghordum HD"", ""Hayko Mko Kargin Haxordum"", ""jokes""]",,,,False,,,,"Կարգին Հաղորդում
Hayko Mko Armenian Humor
Հայկո Մկո Հայկական Հումոր",youtube,False,{},{},False,True,True,processed,sd,2d,rectangular,none,,0,api,2026-08-01T13:53:43+00:00,
dXWm_NEWbfM,https://www.youtube.com/watch?v=dXWm_NEWbfM,https://www.youtube.com/watch?v=dXWm_NEWbfM&list=PLC4FFB3F0AFB8146C&index=10&t=0s,Kargin Haghordum - Analiz (Hayko Mko),KarginTV,UCEHF-l2v0qhi_IXzrfc3uZg,76,20120615,385235,1079,,40.0,public,hy,"[""24""]","[""Kargin Haghordum"", ""Kargin haxordum"", ""Կարգին Հաղորդում"", ""Hayko Mko"", ""Armenian Humor"", ""Հայկո Մկո"", ""Հայկական Հումոր"", ""Hayko"", ""Mko"", ""Հյկո"", ""Մկո"", ""Kargin"", ""Կարգին"", ""Armenia Humor"", ""haykakan humor"", ""Armenian jokes"", ""HD"", ""humor"", ""Հումոր"", ""Kargin haxordum HD"", ""Kargin Haghordum HD"", ""Hayko Mko Kargin Haxordum"", ""jokes""]",,,,False,,,,"Կարգին Հաղորդում
Hayko Mko Armenian Humor
Հայկո Մկո Հայկական Հումոր",youtube,True,{},{},False,True,True,processed,sd,2d,rectangular,none,,0,api,2026-08-01T13:53:43+00:00,
YyWl8raGwyg,https://www.youtube.com/watch?v=YyWl8raGwyg,https://www.youtube.com/watch?v=YyWl8raGwyg&list=PLC4FFB3F0AFB8146C&index=11&t=0s,Kargin Haghordum - Inchel haves uneq (Hayko Mko),KarginTV,UCEHF-l2v0qhi_IXzrfc3uZg,167,20120615,501600,1542,,36.0,public,hy,"[""24""]","[""Kargin Haghordum"", ""Kargin haxordum"", ""Կարգին Հաղորդում"", ""Hayko Mko"", ""Armenian Humor"", ""Հայկո Մկո"", ""Հայկական Հումոր"", ""Hayko"", ""Mko"", ""Հյկո"", ""Մկո"", ""Kargin"", ""Կարգին"", ""Armenia Humor"", ""haykakan humor"", ""Armenian jokes"", ""HD"", ""humor"", ""Հումոր"", ""Kargin haxordum HD"", ""Kargin Haghordum HD"", ""Hayko Mko Kargin Haxordum"", ""jokes""]",,,,False,,,,"Կարգին Հաղորդում
Hayko Mko Armenian Humor
Հայկո Մկո Հայկական Հումոր",youtube,False,{},{},False,True,True,processed,sd,2d,rectangular,none,,0,api,2026-08-01T13:53:43+00:00,
ZVSYU_ez_dY,https://www.youtube.com/watch?v=ZVSYU_ez_dY,https://www.youtube.com/watch?v=ZVSYU_ez_dY&list=PLC4FFB3F0AFB8146C&index=12&t=0s,Kargin Haghordum - Trener (Hayko Mko),KarginTV,UCEHF-l2v0qhi_IXzrfc3uZg,142,20120615,717277,3238,,81.0,public,hy,"[""24""]","[""Kargin Haghordum"", ""Kargin haxordum"", ""Կարգին Հաղորդում"", ""Hayko Mko"", ""Armenian Humor"", ""Հայկո Մկո"", ""Հայկական Հումոր"", ""Hayko"", ""Mko"", ""Հյկո"", ""Մկո"", ""Kargin"", ""Կարգին"", ""Armenia Humor"", ""haykakan humor"", ""Armenian jokes"", ""HD"", ""humor"", ""Հումոր"", ""Kargin haxordum HD"", ""Kargin Haghordum HD"", ""Hayko Mko Kargin Haxordum"", ""jokes""]",,,,False,,,,"Կարգին Հաղորդում
Hayko Mko Armenian Humor
Հայկո Մկո Հայկական Հումոր",youtube,True,{},{},False,True,True,processed,sd,2d,rectangular,none,,0,api,2026-08-01T13:53:43+00:00,
LUxG_e5VkFg,https://www.youtube.com/watch?v=LUxG_e5VkFg,https://www.youtube.com/watch?v=LUxG_e5VkFg&list=PLC4FFB3F0AFB8146C&index=13&t=0s,Kargin Haghordum - Mrganushi garlaxner@ (Hayko Mko),KarginTV,UCEHF-l2v0qhi_IXzrfc3uZg,258,20120615,746714,3503,,116.0,public,hy,"[""24""]","[""Kargin Haghordum"", ""Kargin haxordum"", ""Կարգին Հաղորդում"", ""Hayko Mko"", ""Armenian Humor"", ""Հայկո Մկո"", ""Հայկական Հումոր"", ""Hayko"", ""Mko"", ""Հյկո"", ""Մկո"", ""Kargin"", ""Կարգին"", ""Armenia Humor"", ""haykakan humor"", ""Armenian jokes"", ""HD"", ""humor"", ""Հումոր"", ""Kargin haxordum HD"", ""Kargin Haghordum HD"", ""Hayko Mko Kargin Haxordum"", ""jokes""]",,,,False,,,,"Կարգին Հաղորդում
Hayko Mko Armenian Humor
Հայկո Մկո Հայկական Հումոր",youtube,True,{},{},False,True,True,processed,sd,2d,rectangular,none,,0,api,2026-08-01T13:53:43+00:00,
btAbpgvXu5M,https://www.youtube.com/watch?v=btAbpgvXu5M,https://www.youtube.com/watch?v=btAbpgvXu5M&list=PLC4FFB3F0AFB8146C&index=14&t=0s,Kargin Haghordum - Ker ay annasun (Hayko Mko),KarginTV,UCEHF-l2v0qhi_IXzrfc3uZg,194,20120615,699190,3474,,44.0,public,hy,"[""24""]","[""Kargin Haghordum"", ""Kargin haxordum"", ""Կարգին Հաղորդում"", ""Hayko Mko"", ""Armenian Humor"", ""Հայկո Մկո"", ""Հայկական Հումոր"", ""Hayko"", ""Mko"", ""Հյկո"", ""Մկո"", ""Kargin"", ""Կարգին"", ""Armenia Humor"", ""haykakan humor"", ""Armenian jokes"", ""HD"", ""humor"", ""Հումոր"", ""Kargin haxordum HD"", ""Kargin Haghordum HD"", ""Hayko Mko Kargin Haxordum"", ""jokes""]",,,,False,,,,"Կարգին Հաղորդում
Hayko Mko Armenian Humor
Հայկո Մկո Հայկական Հումոր",youtube,False,{},{},False,True,True,processed,sd,2d,rectangular,none,,0,api,2026-08-01T13:53:43+00:00,
lfKiq6Qe880,https://www.youtube.com/watch?v=lfKiq6Qe880,https://www.youtube.com/watch?v=lfKiq6Qe880&list=PLC4FFB3F0AFB8146C&index=15&t=0s,Kargin Haghordum - Nsti meqenan (Hayko Mko),KarginTV,UCEHF-l2v0qhi_IXzrfc3uZg,100,20120615,901453,2892,,51.0,public,hy,"[""24""]","[""Kargin Haghordum"", ""Kargin haxordum"", ""Կարգին Հաղորդում"", ""Hayko Mko"", ""Armenian Humor"", ""Հայկո Մկո"", ""Հայկական Հումոր"", ""Hayko"", ""Mko"", ""Հյկո"", ""Մկո"", ""Kargin"", ""Կարգին"", ""Armenia Humor"", ""haykakan humor"", ""Armenian jokes"", ""HD"", ""humor"", ""Հումոր"", ""Kargin haxordum HD"", ""Kargin Haghordum HD"", ""Hayko Mko Kargin Haxordum"", ""jokes""]",,,,False,,,,"Կարգին Հաղորդում
Hayko Mko Armenian Humor
Հայկո Մկո Հայկական Հումոր",youtube,True,{},{},False,True,True,processed,sd,2d,rectangular,none,hy,0,api,2026-08-01T13:53:43+00:00,
ETyz3YbZ2ls,https://www.youtube.com/watch?v=ETyz3YbZ2ls,https://www.youtube.com/watch?v=ETyz3YbZ2ls&list=PLC4FFB3F0AFB8146C&index=16&t=0s,Kargin Haghordum - Banki talanum (Hayko Mko),KarginTV,UCEHF-l2v0qhi_IXzrfc3uZg,172,20120615,843669,3229,,49.0,public,hy,"[""24""]","[""Kargin Haghordum"", ""Kargin haxordum"", ""Կարգին Հաղորդում"", ""Hayko Mko"", ""Armenian Humor"", ""Հայկո Մկո"", ""Հայկական Հումոր"", ""Hayko"", ""Mko"", ""Հյկո"", ""Մկո"", ""Kargin"", ""Կարգին"", ""Armenia Humor"", ""haykakan humor"", ""Armenian jokes"", ""HD"", ""humor"", ""Հումոր"", ""Kargin haxordum HD"", ""Kargin Haghordum HD"", ""Hayko Mko Kargin Haxordum"", ""jokes""]",,,,False,,,,"Կարգին Հաղորդում
Hayko Mko Armenian Humor
Հայկո Մկո Հայկական Հումոր",youtube,True,{},{},False,True,True,processed,sd,2d,rectangular,none,,0,api,2026-08-01T13:53:43+00:00,
azdBBWrI2J4,https://www.youtube.com/watch?v=azdBBWrI2J4,https://www.youtube.com/watch?v=azdBBWrI2J4&list=PLC4FFB3F0AFB8146C&index=17&t=0s,Kargin Haghordum - Romantik Garnik (Hayko Mko),KarginTV,UCEHF-l2v0qhi_IXzrfc3uZg,144,20120615,409506,1630,,39.0,public,hy,"[""24""]","[""Kargin Haghordum"", ""Kargin haxordum"", ""Կարգին Հաղորդում"", ""Hayko Mko"", ""Armenian Humor"", ""Հայկո Մկո"", ""Հայկական Հումոր"", ""Hayko"", ""Mko"", ""Հյկո"", ""Մկո"", ""Kargin"", ""Կարգին"", ""Armenia Humor"", ""haykakan humor"", ""Armenian jokes"", ""HD"", ""humor"", ""Հումոր"", ""Kargin haxordum HD"", ""Kargin Haghordum HD"", ""Hayko Mko Kargin Haxordum"", ""jokes""]",,,,False,,,,"Կարգին Հաղորդում
Hayko Mko Armenian Humor
Հայկո Մկո Հայկական Հումոր",youtube,False,{},{},False,True,True,processed,sd,2d,rectangular,none,,0,api,2026-08-01T13:53:43+00:00,
_cMkRK3tFQw,https://www.youtube.com/watch?v=_cMkRK3tFQw,https://www.youtube.com/watch?v=_cMkRK3tFQw&list=PLC4FFB3F0AFB8146C&index=18&t=0s,Kargin Haghordum - Pleterov sex (Hayko Mko),KarginTV,UCEHF-l2v0qhi_IXzrfc3uZg,253,20120615,563392,2701,,77.0,public,hy,"[""24""]","[""Kargin Haghordum"", ""Kargin haxordum"", ""Կարգին Հաղորդում"", ""Hayko Mko"", ""Armenian Humor"", ""Հայկո Մկո"", ""Հայկական Հումոր"", ""Hayko"", ""Mko"", ""Հյկո"", ""Մկո"", ""Kargin"", ""Կարգին"", ""Armenia Humor"", ""haykakan humor"", ""Armenian jokes"", ""HD"", ""humor"", ""Հումոր"", ""Kargin haxordum HD"", ""Kargin Haghordum HD"", ""Hayko Mko Kargin Haxordum"", ""jokes""]",,,,False,,,,"Կարգին Հաղորդում
Hayko Mko Armenian Humor
Հայկո Մկո Հայկական Հումոր",youtube,False,{},{},False,True,True,processed,sd,2d,rectangular,none,,0,api,2026-08-01T13:53:43+00:00,
jNR8Sr9uLPs,https://www.youtube.com/watch?v=jNR8Sr9uLPs,https://www.youtube.com/watch?v=jNR8Sr9uLPs&list=PLC4FFB3F0AFB8146C&index=19&t=0s,"Kargin Haghordum - Satki,satki,satki (Hayko Mko)",KarginTV,UCEHF-l2v0qhi_IXzrfc3uZg,182,20120615,290882,1735,,30.0,public,hy,"[""24""]","[""Kargin Haghordum"", ""Kargin haxordum"", ""Կարգին Հաղորդում"", ""Hayko Mko"", ""Armenian Humor"", ""Հայկո Մկո"", ""Հայկական Հումոր"", ""Hayko"", ""Mko"", ""Հյկո"", ""Մկո"", ""Kargin"", ""Կարգին"", ""Armenia Humor"", ""haykakan humor"", ""Armenian jokes"", ""HD"", ""humor"", ""Հումոր"", ""Kargin haxordum HD"", ""Kargin Haghordum HD"", ""Hayko Mko Kargin Haxordum"", ""jokes""]",,,,False,,,,"Կարգին Հաղորդում
Hayko Mko Armenian Humor
Հայկո Մկո Հայկական Հումոր",youtube,False,{},{},False,True,True,processed,sd,2d,rectangular,none,,0,api,2026-08-01T13:53:43+00:00,
4gYSgEpSsYc,https://www.youtube.com/watch?v=4gYSgEpSsYc,https://www.youtube.com/watch?v=4gYSgEpSsYc&list=PLC4FFB3F0AFB8146C&index=20&t=0s,Kargin Haghordum - No thanks (Hayko Mko),KarginTV,UCEHF-l2v0qhi_IXzrfc3uZg,192,20120615,1051012,4225,,75.0,public,hy,"[""24""]","[""Kargin Haghordum"", ""Kargin haxordum"", ""Կարգին Հաղորդում"", ""Hayko Mko"", ""Armenian Humor"", ""Հայկո Մկո"", ""Հայկական Հումոր"", ""Hayko"", ""Mko"", ""Հյկո"", ""Մկո"", ""Kargin"", ""Կարգին"", ""Armenia Humor"", ""haykakan humor"", ""Armenian jokes"", ""HD"", ""humor"", ""Հումոր"", ""Kargin haxordum HD"", ""Kargin Haghordum HD"", ""Hayko Mko Kargin Haxordum"", ""jokes""]",,,,False,,,,"Կարգին Հաղորդում
Hayko Mko Armenian Humor
Հայկո Մկո Հայկական Հումոր",youtube,True,{},{},False,True,True,processed,sd,2d,rectangular,none,,0,api,2026-08-01T13:53:43+00:00,
CRcYPJ-KLs4,https://www.youtube.com/watch?v=CRcYPJ-KLs4,https://www.youtube.com/watch?v=CRcYPJ-KLs4&list=PLC4FFB3F0AFB8146C&index=21&t=0s,Kargin Haghordum - Baxtagushak (Hayko Mko),KarginTV,UCEHF-l2v0qhi_IXzrfc3uZg,271,20120615,565223,2261,,57.0,public,hy,"[""24""]","[""Kargin Haghordum"", ""Kargin haxordum"", ""Կարգին Հաղորդում"", ""Hayko Mko"", ""Armenian Humor"", ""Հայկո Մկո"", ""Հայկական Հումոր"", ""Hayko"", ""Mko"", ""Հյկո"", ""Մկո"", ""Kargin"", ""Կարգին"", ""Armenia Humor"", ""haykakan humor"", ""Armenian jokes"", ""HD"", ""humor"", ""Հումոր"", ""Kargin haxordum HD"", ""Kargin Haghordum HD"", ""Hayko Mko Kargin Haxordum"", ""jokes""]",,,,False,,,,"Կարգին Հաղորդում
Hayko Mko Armenian Humor
Հայկո Մկո Հայկական Հումոր",youtube,False,{},{},False,True,True,processed,sd,2d,rectangular,none,,0,api,2026-08-01T13:53:43+00:00,
HCTKe3SwUHU,https://www.youtube.com/watch?v=HCTKe3SwUHU,https://www.youtube.com/watch?v=HCTKe3SwUHU&list=PLC4FFB3F0AFB8146C&index=22&t=0s,Kargin Haghordum - Remont (Hayko Mko),KarginTV,UCEHF-l2v0qhi_IXzrfc3uZg,290,20120615,5322072,21168,,766.0,public,hy,"[""24""]","[""Kargin Haghordum"", ""Kargin haxordum"", ""Կարգին Հաղորդում"", ""Hayko Mko"", ""Armenian Humor"", ""Հայկո Մկո"", ""Հայկական Հումոր"", ""Hayko"", ""Mko"", ""Հյկո"", ""Մկո"", ""Kargin"", ""Կարգին"", ""Armenia Humor"", ""haykakan humor"", ""Armenian jokes"", ""HD"", ""humor"", ""Հումոր"", ""Kargin haxordum HD"", ""Kargin Haghordum HD"", ""Hayko Mko Kargin Haxordum"", ""jokes""]",,,,False,,,,"Կարգին Հաղորդում
Hayko Mko Armenian Humor
Հայկո Մկո Հայկական Հումոր",youtube,False,{},{},False,True,True,processed,sd,2d,rectangular,none,,0,api,2026-08-01T13:53:43+00:00,
xq3hpMwZF4E,https://www.youtube.com/watch?v=xq3hpMwZF4E,https://www.youtube.com/watch?v=xq3hpMwZF4E&list=PLC4FFB3F0AFB8146C&index=23&t=0s,Kargin Haghordum - Avaria (Hayko Mko),KarginTV,UCEHF-l2v0qhi_IXzrfc3uZg,144,20120615,1025352,5655,,81.0,public,hy,"[""24""]","[""Kargin Haghordum"", ""Kargin haxordum"", ""Կարգին Հաղորդում"", ""Hayko Mko"", ""Armenian Humor"", ""Հայկո Մկո"", ""Հայկական Հումոր"", ""Hayko"", ""Mko"", ""Հյկո"", ""Մկո"", ""Kargin"", ""Կարգին"", ""Armenia Humor"", ""haykakan humor"", ""Armenian jokes"", ""HD"", ""humor"", ""Հումոր"", ""Kargin haxordum HD"", ""Kargin Haghordum HD"", ""Hayko Mko Kargin Haxordum"", ""jokes""]",,,,False,,,,"Կարգին Հաղորդում
Hayko Mko Armenian Humor
Հայկո Մկո Հայկական Հումոր",youtube,False,{},{},False,True,True,processed,sd,2d,rectangular,none,,0,api,2026-08-01T13:53:43+00:00,
u8euvFfUWWw,https://www.youtube.com/watch?v=u8euvFfUWWw,https://www.youtube.com/watch?v=u8euvFfUWWw&list=PLC4FFB3F0AFB8146C&index=24&t=0s,Kargin Haghordum - Batman (Hayko Mko),KarginTV,UCEHF-l2v0qhi_IXzrfc3uZg,100,20120615,591720,2979,,61.0,public,hy,"[""24""]","[""Kargin Haghordum"", ""Kargin haxordum"", ""Կարգին Հաղորդում"", ""Hayko Mko"", ""Armenian Humor"", ""Հայկո Մկո"", ""Հայկական Հումոր"", ""Hayko"", ""Mko"", ""Հյկո"", ""Մկո"", ""Kargin"", ""Կարգին"", ""Armenia Humor"", ""haykakan humor"", ""Armenian jokes"", ""HD"", ""humor"", ""Հումոր"", ""Kargin haxordum HD"", ""Kargin Haghordum HD"", ""Hayko Mko Kargin Haxordum"", ""jokes""]",,,,False,,,,"Կարգին Հաղորդում
Hayko Mko Armenian Humor
Հայկո Մկո Հայկական Հումոր",youtube,True,{},{},False,True,True,processed,sd,2d,rectangular,none,,0,api,2026-08-01T13:53:43+00:00,
HtqqKTTiU3w,https://www.youtube.com/watch?v=HtqqKTTiU3w,https://www.youtube.com/watch?v=HtqqKTTiU3w&list=PLC4FFB3F0AFB8146C&index=25&t=0s,Kargin Haghordum - Porchn u gaishnik@ (Hayko Mko),KarginTV,UCEHF-l2v0qhi_IXzrfc3uZg,131,20120615,1229807,6433,,92.0,public,hy,"[""24""]","[""Kargin Haghordum"", ""Kargin haxordum"", ""Կարգին Հաղորդում"", ""Hayko Mko"", ""Armenian Humor"", ""Հայկո Մկո"", ""Հայկական Հումոր"", ""Hayko"", ""Mko"", ""Հյկո"", ""Մկո"", ""Kargin"", ""Կարգին"", ""Armenia Humor"", ""haykakan humor"", ""Armenian jokes"", ""HD"", ""humor"", ""Հումոր"", ""Kargin haxordum HD"", ""Kargin Haghordum HD"", ""Hayko Mko Kargin Haxordum"", ""jokes""]",,,,False,,,,"Կարգին Հաղորդում
Hayko Mko Armenian Humor
Հայկո Մկո Հայկական Հումոր",youtube,False,{},{},False,True,True,processed,sd,2d,rectangular,none,,0,api,2026-08-01T13:53:43+00:00,
F65-KmCZpNc,https://www.youtube.com/watch?v=F65-KmCZpNc,https://www.youtube.com/watch?v=F65-KmCZpNc&list=PLC4FFB3F0AFB8146C&index=26&t=0s,Kargin Haghordum - Mlicu anekdot@ (Hayko Mko),KarginTV,UCEHF-l2v0qhi_IXzrfc3uZg,139,20120615,755285,4840,,126.0,public,hy,"[""24""]","[""Kargin Haghordum"", ""Kargin haxordum"", ""Կարգին Հաղորդում"", ""Hayko Mko"", ""Armenian Humor"", ""Հայկո Մկո"", ""Հայկական Հումոր"", ""Hayko"", ""Mko"", ""Հյկո"", ""Մկո"", ""Kargin"", ""Կարգին"", ""Armenia Humor"", ""haykakan humor"", ""Armenian jokes"", ""HD"", ""humor"", ""Հումոր"", ""Kargin haxordum HD"", ""Kargin Haghordum HD"", ""Hayko Mko Kargin Haxordum"", ""jokes""]",,,,False,,,,"Կարգին Հաղորդում
Hayko Mko Armenian Humor
Հայկո Մկո Հայկական Հումոր",youtube,True,{},{},False,True,True,processed,sd,2d,rectangular,none,,0,api,2026-08-01T13:53:43+00:00,
BueL5UsNsqM,https://www.youtube.com/watch?v=BueL5UsNsqM,https://www.youtube.com/watch?v=BueL5UsNsqM&list=PLC4FFB3F0AFB8146C&index=27&t=0s,"Kargin Haghordum - Bosha, pchacac (Hayko Mko)",KarginTV,UCEHF-l2v0qhi_IXzrfc3uZg,135,20120615,445624,2279,,71.0,public,hy,"[""24""]","[""Kargin Haghordum"", ""Kargin haxordum"", ""Կարգին Հաղորդում"", ""Hayko Mko"", ""Armenian Humor"", ""Հայկո Մկո"", ""Հայկական Հումոր"", ""Hayko"", ""Mko"", ""Հյկո"", ""Մկո"", ""Kargin"", ""Կարգին"", ""Armenia Humor"", ""haykakan humor"", ""Armenian jokes"", ""HD"", ""humor"", ""Հումոր"", ""Kargin haxordum HD"", ""Kargin Haghordum HD"", ""Hayko Mko Kargin Haxordum"", ""jokes""]",,,,False,,,,"Կարգին Հաղորդում
Hayko Mko Armenian Humor
Հայկո Մկո Հայկական Հումոր",youtube,True,{},{},False,True,True,processed,sd,2d,rectangular,none,,0,api,2026-08-01T13:53:43+00:00,
H_AWoRuyy5U,https://www.youtube.com/watch?v=H_AWoRuyy5U,https://www.youtube.com/watch?v=H_AWoRuyy5U&list=PLC4FFB3F0AFB8146C&index=28&t=0s,Kargin Haghordum - Kartoshka (Hayko Mko),KarginTV,UCEHF-l2v0qhi_IXzrfc3uZg,191,20120615,1084138,3928,,91.0,public,hy,"[""24""]","[""Kargin Haghordum"", ""Kargin haxordum"", ""Կարգին Հաղորդում"", ""Hayko Mko"", ""Armenian Humor"", ""Հայկո Մկո"", ""Հայկական Հումոր"", ""Hayko"", ""Mko"", ""Հյկո"", ""Մկո"", ""Kargin"", ""Կարգին"", ""Armenia Humor"", ""haykakan humor"", ""Armenian jokes"", ""HD"", ""humor"", ""Հումոր"", ""Kargin haxordum HD"", ""Kargin Haghordum HD"", ""Hayko Mko Kargin Haxordum"", ""jokes""]",,,,False,,,,"Կարգին Հաղորդում
Hayko Mko Armenian Humor
Հայկո Մկո Հայկական Հումոր",youtube,True,{},{},False,True,True,processed,sd,2d,rectangular,none,,0,api,2026-08-01T13:53:43+00:00,
CDdaWrIjalo,https://www.youtube.com/watch?v=CDdaWrIjalo,https://www.youtube.com/watch?v=CDdaWrIjalo&list=PLC4FFB3F0AFB8146C&index=29&t=0s,Kargin Haghordum - Dembel (Hayko Mko),KarginTV,UCEHF-l2v0qhi_IXzrfc3uZg,173,20120615,608195,2635,,52.0,public,hy,"[""24""]","[""Kargin Haghordum"", ""Kargin haxordum"", ""Կարգին Հաղորդում"", ""Hayko Mko"", ""Armenian Humor"", ""Հայկո Մկո"", ""Հայկական Հումոր"", ""Hayko"", ""Mko"", ""Հյկո"", ""Մկո"", ""Kargin"", ""Կարգին"", ""Armenia Humor"", ""haykakan humor"", ""Armenian jokes"", ""HD"", ""humor"", ""Հումոր"", ""Kargin haxordum HD"", ""Kargin Haghordum HD"", ""Hayko Mko Kargin Haxordum"", ""jokes""]",,,,False,,,,"Կարգին Հաղորդում
Hayko Mko Armenian Humor
Հայկո Մկո Հայկական Հումոր",youtube,True,{},{},False,True,True,processed,sd,2d,rectangular,none,,0,api,2026-08-01T13:53:43+00:00,
AJV8j3XuVpM,https://www.youtube.com/watch?v=AJV8j3XuVpM,https://www.youtube.com/watch?v=AJV8j3XuVpM&list=PLC4FFB3F0AFB8146C&index=30&t=0s,"Kargin Haghordum - zgush,kamac (Hayko Mko)",KarginTV,UCEHF-l2v0qhi_IXzrfc3uZg,78,20120615,850756,2560,,54.0,public,hy,"[""24""]","[""Kargin Haghordum"", ""Kargin haxordum"", ""Կարգին Հաղորդում"", ""Hayko Mko"", ""Armenian Humor"", ""Հայկո Մկո"", ""Հայկական Հումոր"", ""Hayko"", ""Mko"", ""Հյկո"", ""Մկո"", ""Kargin"", ""Կարգին"", ""Armenia Humor"", ""haykakan humor"", ""Armenian jokes"", ""HD"", ""humor"", ""Հումոր"", ""Kargin haxordum HD"", ""Kargin Haghordum HD"", ""Hayko Mko Kargin Haxordum"", ""jokes""]",,,,False,,,,"Կարգին Հաղորդում
Hayko Mko Armenian Humor
Հայկո Մկո Հայկական Հումոր",youtube,True,{},{},False,True,True,processed,sd,2d,rectangular,none,,0,api,2026-08-01T13:53:43+00:00,
uWqLz0r8xPM,https://www.youtube.com/watch?v=uWqLz0r8xPM,https://www.youtube.com/watch?v=uWqLz0r8xPM&list=PLC4FFB3F0AFB8146C&index=31&t=0s,Kargin Haghordum - Lav chi (Hayko Mko),KarginTV,UCEHF-l2v0qhi_IXzrfc3uZg,106,20120615,332841,849,,16.0,public,hy,"[""24""]","[""Kargin Haghordum"", ""Kargin haxordum"", ""Կարգին Հաղորդում"", ""Hayko Mko"", ""Armenian Humor"", ""Հայկո Մկո"", ""Հայկական Հումոր"", ""Hayko"", ""Mko"", ""Հյկո"", ""Մկո"", ""Kargin"", ""Կարգին"", ""Armenia Humor"", ""haykakan humor"", ""Armenian jokes"", ""HD"", ""humor"", ""Հումոր"", ""Kargin haxordum HD"", ""Kargin Haghordum HD"", ""Hayko Mko Kargin Haxordum"", ""jokes""]",,,,False,,,,"Կարգին Հաղորդում
Hayko Mko Armenian Humor
Հայկո Մկո Հայկական Հումոր",youtube,True,{},{},False,True,True,processed,sd,2d,rectangular,none,,0,api,2026-08-01T13:53:43+00:00,
SCeGm1WOxIE,https://www.youtube.com/watch?v=SCeGm1WOxIE,https://www.youtube.com/watch?v=SCeGm1WOxIE&list=PLC4FFB3F0AFB8146C&index=32&t=0s,Kargin Haghordum - Voxch aroxch (Hayko Mko),KarginTV,UCEHF-l2v0qhi_IXzrfc3uZg,106,20120615,426073,2196,,51.0,public,hy,"[""24""]","[""Kargin Haghordum"", ""Kargin haxordum"", ""Կարգին Հաղորդում"", ""Hayko Mko"", ""Armenian Humor"", ""Հայկո Մկո"", ""Հայկական Հումոր"", ""Hayko"", ""Mko"", ""Հյկո"", ""Մկո"", ""Kargin"", ""Կարգին"", ""Armenia Humor"", ""haykakan humor"", ""Armenian jokes"", ""HD"", ""humor"", ""Հումոր"", ""Kargin haxordum HD"", ""Kargin Haghordum HD"", ""Hayko Mko Kargin Haxordum"", ""jokes""]",,,,False,,,,"Կարգին Հաղորդում
Hayko Mko Armenian Humor
Հայկո Մկո Հայկական Հումոր",youtube,True,{},{},False,True,True,processed,sd,2d,rectangular,none,,0,api,2026-08-01T13:53:43+00:00,
iXQc7hUtK2I,https://www.youtube.com/watch?v=iXQc7hUtK2I,https://www.youtube.com/watch?v=iXQc7hUtK2I&list=PLC4FFB3F0AFB8146C&index=33&t=0s,Kargin Haghordum - Hett em gali (Hayko Mko),KarginTV,UCEHF-l2v0qhi_IXzrfc3uZg,91,20120615,567528,2805,,40.0,public,hy,"[""24""]","[""Kargin Haghordum"", ""Kargin haxordum"", ""Կարգին Հաղորդում"", ""Hayko Mko"", ""Armenian Humor"", ""Հայկո Մկո"", ""Հայկական Հումոր"", ""Hayko"", ""Mko"", ""Հյկո"", ""Մկո"", ""Kargin"", ""Կարգին"", ""Armenia Humor"", ""haykakan humor"", ""Armenian jokes"", ""HD"", ""humor"", ""Հումոր"", ""Kargin haxordum HD"", ""Kargin Haghordum HD"", ""Hayko Mko Kargin Haxordum"", ""jokes""]",,,,False,,,,"Կարգին Հաղորդում
Hayko Mko Armenian Humor
Հայկո Մկո Հայկական Հումոր",youtube,False,"{""blocked"": [""RU""]}",{},False,True,True,processed,sd,2d,rectangular,none,,0,api,2026-08-01T13:53:43+00:00,
moCyanUBWps,https://www.youtube.com/watch?v=moCyanUBWps,https://www.youtube.com/watch?v=moCyanUBWps&list=PLC4FFB3F0AFB8146C&index=34&t=0s,Kargin Haghordum - Blokpost (Hayko Mko),KarginTV,UCEHF-l2v0qhi_IXzrfc3uZg,95,20120615,1868049,6367,,79.0,public,hy,"[""24""]","[""Kargin Haghordum"", ""Kargin haxordum"", ""Կարգին Հաղորդում"", ""Hayko Mko"", ""Armenian Humor"", ""Հայկո Մկո"", ""Հայկական Հումոր"", ""Hayko"", ""Mko"", ""Հյկո"", ""Մկո"", ""Kargin"", ""Կարգին"", ""Armenia Humor"", ""haykakan humor"", ""Armenian jokes"", ""HD"", ""humor"", ""Հումոր"", ""Kargin haxordum HD"", ""Kargin Haghordum HD"", ""Hayko Mko Kargin Haxordum"", ""jokes""]",,,,False,,,,"Կարգին Հաղորդում
Hayko Mko Armenian Humor
Հայկո Մկո Հայկական Հումոր",youtube,True,{},{},False,True,True,processed,sd,2d,rectangular,none,,0,api,2026-08-01T13:53:43+00:00,
smPgnvUoJtU,https://www.youtube.com/watch?v=smPgnvUoJtU,https://www.youtube.com/watch?v=smPgnvUoJtU&list=PLC4FFB3F0AFB8146C&index=35&t=0s,Kargin Haghordum - Hogebanakan seans (Hayko Mko),KarginTV,UCEHF-l2v0qhi_IXzrfc3uZg,274,20120615,398757,2091,,63.0,public,hy,"[""24""]","[""Kargin Haghordum"", ""Kargin haxordum"", ""Կարգին Հաղորդում"", ""Hayko Mko"", ""Armenian Humor"", ""Հայկո Մկո"", ""Հայկական Հումոր"", ""Hayko"", ""Mko"", ""Հյկո"", ""Մկո"", ""Kargin"", ""Կարգին"", ""Armenia Humor"", ""haykakan humor"", ""Armenian jokes"", ""HD"", ""humor"", ""Հումոր"", ""Kargin haxordum HD"", ""Kargin Haghordum HD"", ""Hayko Mko Kargin Haxordum"", ""jokes""]",,,,False,,,,"Կարգին Հաղորդում
Hayko Mko Armenian Humor
Հայկո Մկո Հայկական Հումոր",youtube,False,{},{},False,True,True,processed,sd,2d,rectangular,none,,0,api,2026-08-01T13:53:43+00:00,
l6kHHRGPdZ4,https://www.youtube.com/watch?v=l6kHHRGPdZ4,https://www.youtube.com/watch?v=l6kHHRGPdZ4&list=PLC4FFB3F0AFB8146C&index=36&t=0s,Kargin Haghordum - Jin 2 (Hayko Mko),KarginTV,UCEHF-l2v0qhi_IXzrfc3uZg,230,20120615,1040153,4674,,109.0,public,hy,"[""24""]","[""Kargin Haghordum"", ""Kargin haxordum"", ""Կարգին Հաղորդում"", ""Hayko Mko"", ""Armenian Humor"", ""Հայկո Մկո"", ""Հայկական Հումոր"", ""Hayko"", ""Mko"", ""Հյկո"", ""Մկո"", ""Kargin"", ""Կարգին"", ""Armenia Humor"", ""haykakan humor"", ""Armenian jokes"", ""HD"", ""humor"", ""Հումոր"", ""Kargin haxordum HD"", ""Kargin Haghordum HD"", ""Hayko Mko Kargin Haxordum"", ""jokes""]",,,,False,,,,"Կարգին Հաղորդում
Hayko Mko Armenian Humor
Հայկո Մկո Հայկական Հումոր",youtube,True,{},{},False,True,True,processed,sd,2d,rectangular,none,,0,api,2026-08-01T13:53:43+00:00,
uLfQ7nMfIHE,https://www.youtube.com/watch?v=uLfQ7nMfIHE,https://www.youtube.com/watch?v=uLfQ7nMfIHE&list=PLC4FFB3F0AFB8146C&index=37&t=0s,Kargin Haghordum - Chem havatum (Hayko Mko),KarginTV,UCEHF-l2v0qhi_IXzrfc3uZg,122,20120617,579367,2237,,18.0,public,hy,"[""24""]","[""Kargin Haghordum"", ""Kargin haxordum"", ""Կարգին Հաղորդում"", ""Hayko Mko"", ""Armenian Humor"", ""Հայկո Մկո"", ""Հայկական Հումոր"", ""Hayko"", ""Mko"", ""Հյկո"", ""Մկո"", ""Kargin"", ""Կարգին"", ""Armenia Humor"", ""haykakan humor"", ""Armenian jokes"", ""HD"", ""humor"", ""Հումոր"", ""Kargin haxordum HD"", ""Kargin Haghordum HD"", ""Hayko Mko Kargin Haxordum"", ""jokes""]",,,,False,,,,"Կարգին Հաղորդում
Hayko Mko Armenian Humor
Հայկո Մկո Հայկական Հումոր",youtube,True,{},{},False,True,True,processed,sd,2d,rectangular,none,,0,api,2026-08-01T13:53:43+00:00,
kBuXMQxDwcs,https://www.youtube.com/watch?v=kBuXMQxDwcs,https://www.youtube.com/watch?v=kBuXMQxDwcs&list=PLC4FFB3F0AFB8146C&index=38&t=0s,Kargin Haghordum - Qaxmas (Hayko Mko),KarginTV,UCEHF-l2v0qhi_IXzrfc3uZg,307,20120617,827008,4530,,145.0,public,hy,"[""24""]","[""Kargin Haghordum"", ""Kargin haxordum"", ""Կարգին Հաղորդում"", ""Hayko Mko"", ""Armenian Humor"", ""Հայկո Մկո"", ""Հայկական Հումոր"", ""Hayko"", ""Mko"", ""Հյկո"", ""Մկո"", ""Kargin"", ""Կարգին"", ""Armenia Humor"", ""haykakan humor"", ""Armenian jokes"", ""HD"", ""humor"", ""Հումոր"", ""Kargin haxordum HD"", ""Kargin Haghordum HD"", ""Hayko Mko Kargin Haxordum"", ""jokes""]",,,,False,,,,"Կարգին Հաղորդում
Hayko Mko Armenian Humor
Հայկո Մկո Հայկական Հումոր",youtube,False,{},{},False,True,True,processed,sd,2d,rectangular,none,,0,api,2026-08-01T13:53:43+00:00,
0izSdtGfw28,https://www.youtube.com/watch?v=0izSdtGfw28,https://www.youtube.com/watch?v=0izSdtGfw28&list=PLC4FFB3F0AFB8146C&index=39&t=0s,Kargin Haghordum - Pastoren tunytela poqr (Hayko Mko),KarginTV,UCEHF-l2v0qhi_IXzrfc3uZg,123,20120617,347973,907,,18.0,public,hy,"[""24""]","[""Kargin Haghordum"", ""Kargin haxordum"", ""Կարգին Հաղորդում"", ""Hayko Mko"", ""Armenian Humor"", ""Հայկո Մկո"", ""Հայկական Հումոր"", ""Hayko"", ""Mko"", ""Հյկո"", ""Մկո"", ""Kargin"", ""Կարգին"", ""Armenia Humor"", ""haykakan humor"", ""Armenian jokes"", ""HD"", ""humor"", ""Հումոր"", ""Kargin haxordum HD"", ""Kargin Haghordum HD"", ""Hayko Mko Kargin Haxordum"", ""jokes""]",,,,False,,,,"Կարգին Հաղորդում
Hayko Mko Armenian Humor
Հայկո Մկո Հայկական Հումոր",youtube,True,{},{},False,True,True,processed,sd,2d,rectangular,none,,0,api,2026-08-01T13:53:44+00:00,
dZ3hUkD1IiM,https://www.youtube.com/watch?v=dZ3hUkD1IiM,https://www.youtube.com/watch?v=dZ3hUkD1IiM&list=PLC4FFB3F0AFB8146C&index=40&t=0s,Kargin Haghordum - Aktivist (Hayko Mko),KarginTV,UCEHF-l2v0qhi_IXzrfc3uZg,151,20120617,272640,1538,,35.0,public,hy,"[""24""]","[""Kargin Haghordum"", ""Kargin haxordum"", ""Կարգին Հաղորդում"", ""Hayko Mko"", ""Armenian Humor"", ""Հայկո Մկո"", ""Հայկական Հումոր"", ""Hayko"", ""Mko"", ""Հյկո"", ""Մկո"", ""Kargin"", ""Կարգին"", ""Armenia Humor"", ""haykakan humor"", ""Armenian jokes"", ""HD"", ""humor"", ""Հումոր"", ""Kargin haxordum HD"", ""Kargin Haghordum HD"", ""Hayko Mko Kargin Haxordum"", ""jokes""]",,,,False,,,,"Կարգին Հաղորդում
Hayko Mko Armenian Humor
Հայկո Մկո Հայկական Հումոր",youtube,False,{},{},False,True,True,processed,sd,2d,rectangular,none,,0,api,2026-08-01T13:53:44+00:00,
mSEqnf0_IJI,https://www.youtube.com/watch?v=mSEqnf0_IJI,https://www.youtube.com/watch?v=mSEqnf0_IJI&list=PLC4FFB3F0AFB8146C&index=41&t=0s,Kargin Haghordum - Dombel (Hayko Mko),KarginTV,UCEHF-l2v0qhi_IXzrfc3uZg,233,20120617,474786,2538,,62.0,public,hy,"[""24""]","[""Kargin Haghordum"", ""Kargin haxordum"", ""Կարգին Հաղորդում"", ""Hayko Mko"", ""Armenian Humor"", ""Հայկո Մկո"", ""Հայկական Հումոր"", ""Hayko"", ""Mko"", ""Հյկո"", ""Մկո"", ""Kargin"", ""Կարգին"", ""Armenia Humor"", ""haykakan humor"", ""Armenian jokes"", ""HD"", ""humor"", ""Հումոր"", ""Kargin haxordum HD"", ""Kargin Haghordum HD"", ""Hayko Mko Kargin Haxordum"", ""jokes""]",,,,False,,,,"Կարգին Հաղորդում
Hayko Mko Armenian Humor
Հայկո Մկո Հայկական Հումոր",youtube,False,"{""blocked"": [""RU""]}",{},False,True,True,processed,sd,2d,rectangular,none,,0,api,2026-08-01T13:53:44+00:00,
l4p3EXW1MEM,https://www.youtube.com/watch?v=l4p3EXW1MEM,https://www.youtube.com/watch?v=l4p3EXW1MEM&list=PLC4FFB3F0AFB8146C&index=42&t=0s,Kargin Haghordum - Gjer (Hayko Mko),KarginTV,UCEHF-l2v0qhi_IXzrfc3uZg,156,20120617,831656,4193,,110.0,public,hy,"[""24""]","[""Kargin Haghordum"", ""Kargin haxordum"", ""Կարգին Հաղորդում"", ""Hayko Mko"", ""Armenian Humor"", ""Հայկո Մկո"", ""Հայկական Հումոր"", ""Hayko"", ""Mko"", ""Հյկո"", ""Մկո"", ""Kargin"", ""Կարգին"", ""Armenia Humor"", ""haykakan humor"", ""Armenian jokes"", ""HD"", ""humor"", ""Հումոր"", ""Kargin haxordum HD"", ""Kargin Haghordum HD"", ""Hayko Mko Kargin Haxordum"", ""jokes""]",,,,False,,,,"Կարգին Հաղորդում
Hayko Mko Armenian Humor
Հայկո Մկո Հայկական Հումոր",youtube,True,{},{},False,True,True,processed,sd,2d,rectangular,none,,0,api,2026-08-01T13:53:44+00:00,
KoorLL0vjEM,https://www.youtube.com/watch?v=KoorLL0vjEM,https://www.youtube.com/watch?v=KoorLL0vjEM&list=PLC4FFB3F0AFB8146C&index=43&t=0s,Kargin Haghordum - @ntrutyunner (Hayko Mko),KarginTV,UCEHF-l2v0qhi_IXzrfc3uZg,67,20120617,221695,1214,,14.0,public,hy,"[""24""]","[""Kargin Haghordum"", ""Kargin haxordum"", ""Կարգին Հաղորդում"", ""Hayko Mko"", ""Armenian Humor"", ""Հայկո Մկո"", ""Հայկական Հումոր"", ""Hayko"", ""Mko"", ""Հյկո"", ""Մկո"", ""Kargin"", ""Կարգին"", ""Armenia Humor"", ""haykakan humor"", ""Armenian jokes"", ""HD"", ""humor"", ""Հումոր"", ""Kargin haxordum HD"", ""Kargin Haghordum HD"", ""Hayko Mko Kargin Haxordum"", ""jokes""]",,,,False,,,,"Կարգին Հաղորդում
Hayko Mko Armenian Humor
Հայկո Մկո Հայկական Հումոր",youtube,True,{},{},False,True,True,processed,sd,2d,rectangular,none,,0,api,2026-08-01T13:53:44+00:00,
HJ_hMRZ8m9c,https://www.youtube.com/watch?v=HJ_hMRZ8m9c,https://www.youtube.com/watch?v=HJ_hMRZ8m9c&list=PLC4FFB3F0AFB8146C&index=44&t=0s,Kargin Haghordum - Maaaaama (Hayko Mko),KarginTV,UCEHF-l2v0qhi_IXzrfc3uZg,53,20120617,339731,983,,11.0,public,hy,"[""24""]","[""Kargin Haghordum"", ""Kargin haxordum"", ""Կարգին Հաղորդում"", ""Hayko Mko"", ""Armenian Humor"", ""Հայկո Մկո"", ""Հայկական Հումոր"", ""Hayko"", ""Mko"", ""Հյկո"", ""Մկո"", ""Kargin"", ""Կարգին"", ""Armenia Humor"", ""haykakan humor"", ""Armenian jokes"", ""HD"", ""humor"", ""Հումոր"", ""Kargin haxordum HD"", ""Kargin Haghordum HD"", ""Hayko Mko Kargin Haxordum"", ""jokes""]",,,,False,,,,"Կարգին Հաղորդում
Hayko Mko Armenian Humor
Հայկո Մկո Հայկական Հումոր",youtube,True,{},{},False,True,True,processed,sd,2d,rectangular,none,,0,api,2026-08-01T13:53:44+00:00,
g-SU604xRK0,https://www.youtube.com/watch?v=g-SU604xRK0,https://www.youtube.com/watch?v=g-SU604xRK0&list=PLC4FFB3F0AFB8146C&index=45&t=0s,Kargin Haghordum - Manyak (Hayko Mko),KarginTV,UCEHF-l2v0qhi_IXzrfc3uZg,189,20120617,840339,4933,,163.0,public,hy,"[""24""]","[""Kargin Haghordum"", ""Kargin haxordum"", ""Կարգին Հաղորդում"", ""Hayko Mko"", ""Armenian Humor"", ""Հայկո Մկո"", ""Հայկական Հումոր"", ""Hayko"", ""Mko"", ""Հյկո"", ""Մկո"", ""Kargin"", ""Կարգին"", ""Armenia Humor"", ""haykakan humor"", ""Armenian jokes"", ""HD"", ""humor"", ""Հումոր"", ""Kargin haxordum HD"", ""Kargin Haghordum HD"", ""Hayko Mko Kargin Haxordum"", ""jokes""]",,,,False,,,,"Կարգին Հաղորդում
Hayko Mko Armenian Humor
Հայկո Մկո Հայկական Հումոր",youtube,False,{},{},False,True,True,processed,sd,2d,rectangular,none,,0,api,2026-08-01T13:53:44+00:00,
_z9rT98bk0Q,https://www.youtube.com/watch?v=_z9rT98bk0Q,https://www.youtube.com/watch?v=_z9rT98bk0Q&list=PLC4FFB3F0AFB8146C&index=46&t=0s,Kargin Haghordum - Xoz (Hayko Mko),KarginTV,UCEHF-l2v0qhi_IXzrfc3uZg,115,20120617,669010,2596,,61.0,public,hy,"[""24""]","[""Kargin Haghordum"", ""Kargin haxordum"", ""Կարգին Հաղորդում"", ""Hayko Mko"", ""Armenian Humor"", ""Հայկո Մկո"", ""Հայկական Հումոր"", ""Hayko"", ""Mko"", ""Հյկո"", ""Մկո"", ""Kargin"", ""Կարգին"", ""Armenia Humor"", ""haykakan humor"", ""Armenian jokes"", ""HD"", ""humor"", ""Հումոր"", ""Kargin haxordum HD"", ""Kargin Haghordum HD"", ""Hayko Mko Kargin Haxordum"", ""jokes""]",,,,False,,,,"Կարգին Հաղորդում
Hayko Mko Armenian Humor
Հայկո Մկո Հայկական Հումոր",youtube,True,{},{},False,True,True,processed,sd,2d,rectangular,none,,0,api,2026-08-01T13:53:44+00:00,
QL4ZKNEWB7c,https://www.youtube.com/watch?v=QL4ZKNEWB7c,https://www.youtube.com/watch?v=QL4ZKNEWB7c&list=PLC4FFB3F0AFB8146C&index=47&t=0s,Kargin Haghordum - Mafia (Hayko Mko),KarginTV,UCEHF-l2v0qhi_IXzrfc3uZg,198,20120617,654448,2370,,26.0,public,hy,"[""24""]","[""Kargin Haghordum"", ""Kargin haxordum"", ""Կարգին Հաղորդում"", ""Hayko Mko"", ""Armenian Humor"", ""Հայկո Մկո"", ""Հայկական Հումոր"", ""Hayko"", ""Mko"", ""Հյկո"", ""Մկո"", ""Kargin"", ""Կարգին"", ""Armenia Humor"", ""haykakan humor"", ""Armenian jokes"", ""HD"", ""humor"", ""Հումոր"", ""Kargin haxordum HD"", ""Kargin Haghordum HD"", ""Hayko Mko Kargin Haxordum"", ""jokes""]",,,,False,,,,"Կարգին Հաղորդում
Hayko Mko Armenian Humor
Հայկո Մկո Հայկական Հումոր",youtube,True,{},{},False,True,True,processed,sd,2d,rectangular,none,,0,api,2026-08-01T13:53:44+00:00,
TraHCDDqKY8,https://www.youtube.com/watch?v=TraHCDDqKY8,https://www.youtube.com/watch?v=TraHCDDqKY8&list=PLC4FFB3F0AFB8146C&index=48&t=0s,Kargin Haghordum - Supermen (Hayko Mko),KarginTV,UCEHF-l2v0qhi_IXzrfc3uZg,99,20120617,230821,835,,18.0,public,hy,"[""24""]","[""Kargin Haghordum"", ""Kargin haxordum"", ""Կարգին Հաղորդում"", ""Hayko Mko"", ""Armenian Humor"", ""Հայկո Մկո"", ""Հայկական Հումոր"", ""Hayko"", ""Mko"", ""Հյկո"", ""Մկո"", ""Kargin"", ""Կարգին"", ""Armenia Humor"", ""haykakan humor"", ""Armenian jokes"", ""HD"", ""humor"", ""Հումոր"", ""Kargin haxordum HD"", ""Kargin Haghordum HD"", ""Hayko Mko Kargin Haxordum"", ""jokes""]",,,,False,,,,"Կարգին Հաղորդում
Hayko Mko Armenian Humor
Հայկո Մկո Հայկական Հումոր",youtube,False,{},{},False,True,True,processed,sd,2d,rectangular,none,,0,api,2026-08-01T13:53:44+00:00,
KcBfrqmfrAE,https://www.youtube.com/watch?v=KcBfrqmfrAE,https://www.youtube.com/watch?v=KcBfrqmfrAE&list=PLC4FFB3F0AFB8146C&index=49&t=0s,Kargin Haghordum - Afganistan (Hayko Mko),KarginTV,UCEHF-l2v0qhi_IXzrfc3uZg,77,20120617,323374,1959,,39.0,public,hy,"[""24""]","[""Kargin Haghordum"", ""Kargin haxordum"", ""Կարգին Հաղորդում"", ""Hayko Mko"", ""Armenian Humor"", ""Հայկո Մկո"", ""Հայկական Հումոր"", ""Hayko"", ""Mko"", ""Հյկո"", ""Մկո"", ""Kargin"", ""Կարգին"", ""Armenia Humor"", ""haykakan humor"", ""Armenian jokes"", ""HD"", ""humor"", ""Հումոր"", ""Kargin haxordum HD"", ""Kargin Haghordum HD"", ""Hayko Mko Kargin Haxordum"", ""jokes""]",,,,False,,,,"Կարգին Հաղորդում
Hayko Mko Armenian Humor
Հայկո Մկո Հայկական Հումոր",youtube,True,{},{},False,True,True,processed,sd,2d,rectangular,none,,0,api,2026-08-01T13:53:44+00:00,
eK9amfuPTP8,https://www.youtube.com/watch?v=eK9amfuPTP8,https://www.youtube.com/watch?v=eK9amfuPTP8&list=PLC4FFB3F0AFB8146C&index=50&t=0s,Kargin Haghordum - Galuboy (Hayko Mko),KarginTV,UCEHF-l2v0qhi_IXzrfc3uZg,88,20120617,418367,1889,,48.0,public,hy,"[""24""]","[""Kargin Haghordum"", ""Kargin haxordum"", ""Կարգին Հաղորդում"", ""Hayko Mko"", ""Armenian Humor"", ""Հայկո Մկո"", ""Հայկական Հումոր"", ""Hayko"", ""Mko"", ""Հյկո"", ""Մկո"", ""Kargin"", ""Կարգին"", ""Armenia Humor"", ""haykakan humor"", ""Armenian jokes"", ""HD"", ""humor"", ""Հումոր"", ""Kargin haxordum HD"", ""Kargin Haghordum HD"", ""Hayko Mko Kargin Haxordum"", ""jokes""]",,,,False,,,,"Կարգին Հաղորդում
Hayko Mko Armenian Humor
Հայկո Մկո Հայկական Հումոր",youtube,True,{},{},False,True,True,processed,sd,2d,rectangular,none,,0,api,2026-08-01T13:53:44+00:00,
Rb7gaPBURwU,https://www.youtube.com/watch?v=Rb7gaPBURwU,https://www.youtube.com/watch?v=Rb7gaPBURwU&list=PLC4FFB3F0AFB8146C&index=51&t=0s,Kargin Haghordum - Pozavor (Hayko Mko),KarginTV,UCEHF-l2v0qhi_IXzrfc3uZg,106,20120617,1285452,2862,,62.0,public,hy,"[""24""]","[""Kargin Haghordum"", ""Kargin haxordum"", ""Կարգին Հաղորդում"", ""Hayko Mko"", ""Armenian Humor"", ""Հայկո Մկո"", ""Հայկական Հումոր"", ""Hayko"", ""Mko"", ""Հյկո"", ""Մկո"", ""Kargin"", ""Կարգին"", ""Armenia Humor"", ""haykakan humor"", ""Armenian jokes"", ""HD"", ""humor"", ""Հումոր"", ""Kargin haxordum HD"", ""Kargin Haghordum HD"", ""Hayko Mko Kargin Haxordum"", ""jokes""]",,,,False,,,,"Կարգին Հաղորդում
Hayko Mko Armenian Humor
Հայկո Մկո Հայկական Հումոր",youtube,True,{},{},False,True,True,processed,sd,2d,rectangular,none,,0,api,2026-08-01T13:53:44+00:00,
-oFwyHwg4TM,https://www.youtube.com/watch?v=-oFwyHwg4TM,https://www.youtube.com/watch?v=-oFwyHwg4TM&list=PLC4FFB3F0AFB8146C&index=52&t=0s,Kargin Haghordum - Prava (Hayko Mko),KarginTV,UCEHF-l2v0qhi_IXzrfc3uZg,111,20120617,1629299,5912,,84.0,public,hy,"[""24""]","[""Kargin Haghordum"", ""Kargin haxordum"", ""Կարգին Հաղորդում"", ""Hayko Mko"", ""Armenian Humor"", ""Հայկո Մկո"", ""Հայկական Հումոր"", ""Hayko"", ""Mko"", ""Հյկո"", ""Մկո"", ""Kargin"", ""Կարգին"", ""Armenia Humor"", ""haykakan humor"", ""Armenian jokes"", ""HD"", ""humor"", ""Հումոր"", ""Kargin haxordum HD"", ""Kargin Haghordum HD"", ""Hayko Mko Kargin Haxordum"", ""jokes""]",,,,False,,,,"Կարգին Հաղորդում
Hayko Mko Armenian Humor
Հայկո Մկո Հայկական Հումոր",youtube,True,{},{},False,True,True,processed,sd,2d,rectangular,none,,0,api,2026-08-01T13:53:44+00:00,
Py6AzpZpc-Y,https://www.youtube.com/watch?v=Py6AzpZpc-Y,https://www.youtube.com/watch?v=Py6AzpZpc-Y&list=PLC4FFB3F0AFB8146C&index=53&t=0s,Kargin Haghordum - Tashuma (Hayko Mko),KarginTV,UCEHF-l2v0qhi_IXzrfc3uZg,155,20120617,1028502,4667,,103.0,public,hy,"[""24""]","[""Kargin Haghordum"", ""Kargin haxordum"", ""Կարգին Հաղորդում"", ""Hayko Mko"", ""Armenian Humor"", ""Հայկո Մկո"", ""Հայկական Հումոր"", ""Hayko"", ""Mko"", ""Հյկո"", ""Մկո"", ""Kargin"", ""Կարգին"", ""Armenia Humor"", ""haykakan humor"", ""Armenian jokes"", ""HD"", ""humor"", ""Հումոր"", ""Kargin haxordum HD"", ""Kargin Haghordum HD"", ""Hayko Mko Kargin Haxordum"", ""jokes""]",,,,False,,,,"Կարգին Հաղորդում
Hayko Mko Armenian Humor
Հայկո Մկո Հայկական Հումոր",youtube,True,{},{},False,True,True,processed,sd,2d,rectangular,none,,0,api,2026-08-01T13:53:44+00:00,
vbsC8iAwZE4,https://www.youtube.com/watch?v=vbsC8iAwZE4,https://www.youtube.com/watch?v=vbsC8iAwZE4&list=PLC4FFB3F0AFB8146C&index=54&t=0s,Kargin Haghordum - Deputatner (Hayko Mko),KarginTV,UCEHF-l2v0qhi_IXzrfc3uZg,265,20120617,579021,3223,,90.0,public,hy,"[""24""]","[""Kargin Haghordum"", ""Kargin haxordum"", ""Կարգին Հաղորդում"", ""Hayko Mko"", ""Armenian Humor"", ""Հայկո Մկո"", ""Հայկական Հումոր"", ""Hayko"", ""Mko"", ""Հյկո"", ""Մկո"", ""Kargin"", ""Կարգին"", ""Armenia Humor"", ""haykakan humor"", ""Armenian jokes"", ""HD"", ""humor"", ""Հումոր"", ""Kargin haxordum HD"", ""Kargin Haghordum HD"", ""Hayko Mko Kargin Haxordum"", ""jokes""]",,,,False,,,,"Կարգին Հաղորդում
Hayko Mko Armenian Humor
Հայկո Մկո Հայկական Հումոր",youtube,False,{},{},False,True,True,processed,sd,2d,rectangular,none,,0,api,2026-08-01T13:53:44+00:00,
I2pX4UZ4gJU,https://www.youtube.com/watch?v=I2pX4UZ4gJU,https://www.youtube.com/watch?v=I2pX4UZ4gJU&list=PLC4FFB3F0AFB8146C&index=55&t=0s,Kargin Haghordum - Tmranyut (Hayko Mko),KarginTV,UCEHF-l2v0qhi_IXzrfc3uZg,121,20120617,958249,4132,,65.0,public,hy,"[""24""]","[""Kargin Haghordum"", ""Kargin haxordum"", ""Կարգին Հաղորդում"", ""Hayko Mko"", ""Armenian Humor"", ""Հայկո Մկո"", ""Հայկական Հումոր"", ""Hayko"", ""Mko"", ""Հյկո"", ""Մկո"", ""Kargin"", ""Կարգին"", ""Armenia Humor"", ""haykakan humor"", ""Armenian jokes"", ""HD"", ""humor"", ""Հումոր"", ""Kargin haxordum HD"", ""Kargin Haghordum HD"", ""Hayko Mko Kargin Haxordum"", ""jokes""]",,,,False,,,,"Կարգին Հաղորդում
Hayko Mko Armenian Humor
Հայկո Մկո Հայկական Հումոր",youtube,True,{},{},False,True,True,processed,sd,2d,rectangular,none,,0,api,2026-08-01T13:53:44+00:00,
GfQNUC7DKrE,https://www.youtube.com/watch?v=GfQNUC7DKrE,https://www.youtube.com/watch?v=GfQNUC7DKrE&list=PLC4FFB3F0AFB8146C&index=56&t=0s,Kargin Haghordum - Kankurent (Hayko Mko),KarginTV,UCEHF-l2v0qhi_IXzrfc3uZg,108,20120617,437861,1942,,20.0,public,hy,"[""24""]","[""Kargin Haghordum"", ""Kargin haxordum"", ""Կարգին Հաղորդում"", ""Hayko Mko"", ""Armenian Humor"", ""Հայկո Մկո"", ""Հայկական Հումոր"", ""Hayko"", ""Mko"", ""Հյկո"", ""Մկո"", ""Kargin"", ""Կարգին"", ""Armenia Humor"", ""haykakan humor"", ""Armenian jokes"", ""HD"", ""humor"", ""Հումոր"", ""Kargin haxordum HD"", ""Kargin Haghordum HD"", ""Hayko Mko Kargin Haxordum"", ""jokes""]",,,,False,,,,"Կարգին Հաղորդում
Hayko Mko Armenian Humor
Հայկո Մկո Հայկական Հումոր",youtube,True,{},{},False,True,True,processed,sd,2d,rectangular,none,,0,api,2026-08-01T13:53:44+00:00,
s-zo29VaCao,https://www.youtube.com/watch?v=s-zo29VaCao,https://www.youtube.com/watch?v=s-zo29VaCao&list=PLC4FFB3F0AFB8146C&index=57&t=0s,Kargin Haghordum - DVD (Hayko Mko),KarginTV,UCEHF-l2v0qhi_IXzrfc3uZg,239,20120617,863913,4010,,62.0,public,hy,"[""24""]","[""Kargin Haghordum"", ""Kargin haxordum"", ""Կարգին Հաղորդում"", ""Hayko Mko"", ""Armenian Humor"", ""Հայկո Մկո"", ""Հայկական Հումոր"", ""Hayko"", ""Mko"", ""Հյկո"", ""Մկո"", ""Kargin"", ""Կարգին"", ""Armenia Humor"", ""haykakan humor"", ""Armenian jokes"", ""HD"", ""humor"", ""Հումոր"", ""Kargin haxordum HD"", ""Kargin Haghordum HD"", ""Hayko Mko Kargin Haxordum"", ""jokes""]",,,,False,,,,"Կարգին Հաղորդում
Hayko Mko Armenian Humor
Հայկո Մկո Հայկական Հումոր",youtube,False,{},{},False,True,True,processed,sd,2d,rectangular,none,,0,api,2026-08-01T13:53:44+00:00,
vtWIG1U1Qwk,https://www.youtube.com/watch?v=vtWIG1U1Qwk,https://www.youtube.com/watch?v=vtWIG1U1Qwk&list=PLC4FFB3F0AFB8146C&index=58&t=0s,Kargin Haghordum - Sexov zbaxvenq (Hayko Mko),KarginTV,UCEHF-l2v0qhi_IXzrfc3uZg,89,20120617,762126,2666,,48.0,public,hy,"[""24""]","[""Kargin Haghordum"", ""Kargin haxordum"", ""Կարգին Հաղորդում"", ""Hayko Mko"", ""Armenian Humor"", ""Հայկո Մկո"", ""Հայկական Հումոր"", ""Hayko"", ""Mko"", ""Հյկո"", ""Մկո"", ""Kargin"", ""Կարգին"", ""Armenia Humor"", ""haykakan humor"", ""Armenian jokes"", ""HD"", ""humor"", ""Հումոր"", ""Kargin haxordum HD"", ""Kargin Haghordum HD"", ""Hayko Mko Kargin Haxordum"", ""jokes""]",,,,False,,,,"Կարգին Հաղորդում
Hayko Mko Armenian Humor
Հայկո Մկո Հայկական Հումոր",youtube,True,{},{},False,True,True,processed,sd,2d,rectangular,none,,0,api,2026-08-01T13:53:44+00:00,
CGR8uTdJp6s,https://www.youtube.com/watch?v=CGR8uTdJp6s,https://www.youtube.com/watch?v=CGR8uTdJp6s&list=PLC4FFB3F0AFB8146C&index=59&t=0s,Kargin Haghordum - Zugaranya (Hayko Mko),KarginTV,UCEHF-l2v0qhi_IXzrfc3uZg,178,20120617,338944,1904,,33.0,public,hy,"[""24""]","[""Kargin Haghordum"", ""Kargin haxordum"", ""Կարգին Հաղորդում"", ""Hayko Mko"", ""Armenian Humor"", ""Հայկո Մկո"", ""Հայկական Հումոր"", ""Hayko"", ""Mko"", ""Հյկո"", ""Մկո"", ""Kargin"", ""Կարգին"", ""Armenia Humor"", ""haykakan humor"", ""Armenian jokes"", ""HD"", ""humor"", ""Հումոր"", ""Kargin haxordum HD"", ""Kargin Haghordum HD"", ""Hayko Mko Kargin Haxordum"", ""jokes""]",,,,False,,,,"Կարգին Հաղորդում
Hayko Mko Armenian Humor
Հայկո Մկո Հայկական Հումոր",youtube,False,{},{},False,True,True,processed,sd,2d,rectangular,none,,0,api,2026-08-01T13:53:44+00:00,
b0lucYjqlUM,https://www.youtube.com/watch?v=b0lucYjqlUM,https://www.youtube.com/watch?v=b0lucYjqlUM&list=PLC4FFB3F0AFB8146C&index=61&t=0s,Kargin Haghordum - Vormtnoxner@ (Hayko Mko),KarginTV,UCEHF-l2v0qhi_IXzrfc3uZg,121,20120617,348382,2616,,30.0,public,hy,"[""24""]","[""Kargin Haghordum"", ""Kargin haxordum"", ""Կարգին Հաղորդում"", ""Hayko Mko"", ""Armenian Humor"", ""Հայկո Մկո"", ""Հայկական Հումոր"", ""Hayko"", ""Mko"", ""Հյկո"", ""Մկո"", ""Kargin"", ""Կարգին"", ""Armenia Humor"", ""haykakan humor"", ""Armenian jokes"", ""HD"", ""humor"", ""Հումոր"", ""Kargin haxordum HD"", ""Kargin Haghordum HD"", ""Hayko Mko Kargin Haxordum"", ""jokes""]",,,,False,,,,"Կարգին Հաղորդում
Hayko Mko Armenian Humor
Հայկո Մկո Հայկական Հումոր",youtube,True,{},{},False,True,True,processed,sd,2d,rectangular,none,,0,api,2026-08-01T13:53:44+00:00,
XJ6L4B2mluA,https://www.youtube.com/watch?v=XJ6L4B2mluA,https://www.youtube.com/watch?v=XJ6L4B2mluA&list=PLC4FFB3F0AFB8146C&index=62&t=0s,Kargin Haghordum - Azniv chi (Hayko Mko),KarginTV,UCEHF-l2v0qhi_IXzrfc3uZg,185,20120617,774048,3158,,41.0,public,hy,"[""24""]","[""Kargin Haghordum"", ""Kargin haxordum"", ""Կարգին Հաղորդում"", ""Hayko Mko"", ""Armenian Humor"", ""Հայկո Մկո"", ""Հայկական Հումոր"", ""Hayko"", ""Mko"", ""Հյկո"", ""Մկո"", ""Kargin"", ""Կարգին"", ""Armenia Humor"", ""haykakan humor"", ""Armenian jokes"", ""HD"", ""humor"", ""Հումոր"", ""Kargin haxordum HD"", ""Kargin Haghordum HD"", ""Hayko Mko Kargin Haxordum"", ""jokes""]",,,,False,,,,"Կարգին Հաղորդում
Hayko Mko Armenian Humor
Հայկո Մկո Հայկական Հումոր",youtube,True,{},{},False,True,True,processed,sd,2d,rectangular,none,,0,api,2026-08-01T13:53:44+00:00,
goJ9ovQEtSQ,https://www.youtube.com/watch?v=goJ9ovQEtSQ,https://www.youtube.com/watch?v=goJ9ovQEtSQ&list=PLC4FFB3F0AFB8146C&index=63&t=0s,Kargin Haghordum - Nissan (Hayko Mko),KarginTV,UCEHF-l2v0qhi_IXzrfc3uZg,164,20120617,1022602,4215,,61.0,public,hy,"[""24""]","[""Kargin Haghordum"", ""Kargin haxordum"", ""Կարգին Հաղորդում"", ""Hayko Mko"", ""Armenian Humor"", ""Հայկո Մկո"", ""Հայկական Հումոր"", ""Hayko"", ""Mko"", ""Հյկո"", ""Մկո"", ""Kargin"", ""Կարգին"", ""Armenia Humor"", ""haykakan humor"", ""Armenian jokes"", ""HD"", ""humor"", ""Հումոր"", ""Kargin haxordum HD"", ""Kargin Haghordum HD"", ""Hayko Mko Kargin Haxordum"", ""jokes""]",,,,False,,,,"Կարգին Հաղորդում
Hayko Mko Armenian Humor
Հայկո Մկո Հայկական Հումոր",youtube,True,{},{},False,True,True,processed,sd,2d,rectangular,none,,0,api,2026-08-01T13:53:44+00:00,
eYibG0176rM,https://www.youtube.com/watch?v=eYibG0176rM,https://www.youtube.com/watch?v=eYibG0176rM&list=PLC4FFB3F0AFB8146C&index=64&t=0s,Kargin Haghordum - Xoti vra nstac (Hayko Mko),KarginTV,UCEHF-l2v0qhi_IXzrfc3uZg,122,20120617,423281,1386,,25.0,public,hy,"[""24""]","[""Kargin Haghordum"", ""Kargin haxordum"", ""Կարգին Հաղորդում"", ""Hayko Mko"", ""Armenian Humor"", ""Հայկո Մկո"", ""Հայկական Հումոր"", ""Hayko"", ""Mko"", ""Հյկո"", ""Մկո"", ""Kargin"", ""Կարգին"", ""Armenia Humor"", ""haykakan humor"", ""Armenian jokes"", ""HD"", ""humor"", ""Հումոր"", ""Kargin haxordum HD"", ""Kargin Haghordum HD"", ""Hayko Mko Kargin Haxordum"", ""jokes""]",,,,False,,,,"Կարգին Հաղորդում
Hayko Mko Armenian Humor
Հայկո Մկո Հայկական Հումոր",youtube,True,{},{},False,True,True,processed,sd,2d,rectangular,none,,0,api,2026-08-01T13:53:44+00:00,
QDEwQvMl_Lk,https://www.youtube.com/watch?v=QDEwQvMl_Lk,https://www.youtube.com/watch?v=QDEwQvMl_Lk&list=PLC4FFB3F0AFB8146C&index=65&t=0s,Kargin Haghordum - Shutov @ntaniq@ kavelana (Hayko Mko),KarginTV,UCEHF-l2v0qhi_IXzrfc3uZg,62,20120617,306479,848,,10.0,public,hy,"[""24""]","[""Kargin Haghordum"", ""Kargin haxordum"", ""Կարգին Հաղորդում"", ""Hayko Mko"", ""Armenian Humor"", ""Հայկո Մկո"", ""Հայկական Հումոր"", ""Hayko"", ""Mko"", ""Հյկո"", ""Մկո"", ""Kargin"", ""Կարգին"", ""Armenia Humor"", ""haykakan humor"", ""Armenian jokes"", ""HD"", ""humor"", ""Հումոր"", ""Kargin haxordum HD"", ""Kargin Haghordum HD"", ""Hayko Mko Kargin Haxordum"", ""jokes""]",,,,False,,,,"Կարգին Հաղորդում
Hayko Mko Armenian Humor
Հայկո Մկո Հայկական Հումոր",youtube,True,{},{},False,True,True,processed,sd,2d,rectangular,none,,0,api,2026-08-01T13:53:44+00:00,
bzVJUkNNJ9Q,https://www.youtube.com/watch?v=bzVJUkNNJ9Q,https://www.youtube.com/watch?v=bzVJUkNNJ9Q&list=PLC4FFB3F0AFB8146C&index=67&t=0s,Kargin Haghordum - Graz (Hayko Mko),KarginTV,UCEHF-l2v0qhi_IXzrfc3uZg,99,20120617,1120850,3809,,58.0,public,en,"[""24""]","[""Kargin Haghordum"", ""Kargin haxordum"", ""Կարգին Հաղորդում"", ""Hayko Mko"", ""Armenian Humor"", ""Հայկո Մկո"", ""Հայկական Հումոր"", ""Hayko"", ""Mko"", ""Հյկո"", ""Մկո"", ""Kargin"", ""Կարգին"", ""Armenia Humor"", ""haykakan humor"", ""Armenian jokes"", ""HD"", ""humor"", ""Հումոր"", ""Kargin haxordum HD"", ""Kargin Haghordum HD"", ""Hayko Mko Kargin Haxordum"", ""jokes""]",,,,False,,,,Kargin Haghordum - Graz (Hayko Mko),youtube,True,{},{},False,True,True,processed,sd,2d,rectangular,none,,0,api,2026-08-01T13:53:44+00:00,
qoKYgIYwdXM,https://www.youtube.com/watch?v=qoKYgIYwdXM,https://www.youtube.com/watch?v=qoKYgIYwdXM&list=PLC4FFB3F0AFB8146C&index=73&t=0s,Kargin Haghordum - Dasaxos (Hayko Mko),KarginTV,UCEHF-l2v0qhi_IXzrfc3uZg,125,20120617,246200,1007,,16.0,public,hy,"[""24""]","[""Kargin Haghordum"", ""Kargin haxordum"", ""Կարգին Հաղորդում"", ""Hayko Mko"", ""Armenian Humor"", ""Հայկո Մկո"", ""Հայկական Հումոր"", ""Hayko"", ""Mko"", ""Հյկո"", ""Մկո"", ""Kargin"", ""Կարգին"", ""Armenia Humor"", ""haykakan humor"", ""Armenian jokes"", ""HD"", ""humor"", ""Հումոր"", ""Kargin haxordum HD"", ""Kargin Haghordum HD"", ""Hayko Mko Kargin Haxordum"", ""jokes""]",,,,False,,,,"Կարգին Հաղորդում
Hayko Mko Armenian Humor
Հայկո Մկո Հայկական Հումոր",youtube,False,{},{},False,True,True,processed,sd,2d,rectangular,none,,0,api,2026-08-01T13:53:44+00:00,
Txt4gqlSNo8,https://www.youtube.com/watch?v=Txt4gqlSNo8,https://www.youtube.com/watch?v=Txt4gqlSNo8&list=PLC4FFB3F0AFB8146C&index=74&t=0s,Kargin Haghordum - Ban chem hishum (Hayko Mko),KarginTV,UCEHF-l2v0qhi_IXzrfc3uZg,96,20120617,217046,1250,,10.0,public,hy,"[""24""]","[""Kargin Haghordum"", ""Kargin haxordum"", ""Կարգին Հաղորդում"", ""Hayko Mko"", ""Armenian Humor"", ""Հայկո Մկո"", ""Հայկական Հումոր"", ""Hayko"", ""Mko"", ""Հյկո"", ""Մկո"", ""Kargin"", ""Կարգին"", ""Armenia Humor"", ""haykakan humor"", ""Armenian jokes"", ""HD"", ""humor"", ""Հումոր"", ""Kargin haxordum HD"", ""Kargin Haghordum HD"", ""Hayko Mko Kargin Haxordum"", ""jokes""]",,,,False,,,,"Կարգին Հաղորդում
Hayko Mko Armenian Humor
Հայկո Մկո Հայկական Հումոր",youtube,True,{},{},False,True,True,processed,sd,2d,rectangular,none,,0,api,2026-08-01T13:53:44+00:00,
iptptJJZBT0,https://www.youtube.com/watch?v=iptptJJZBT0,https://www.youtube.com/watch?v=iptptJJZBT0&list=PLC4FFB3F0AFB8146C&index=75&t=0s,Kargin Haghordum - Katafalk (Hayko Mko),KarginTV,UCEHF-l2v0qhi_IXzrfc3uZg,68,20120617,124329,485,,5.0,public,hy,"[""24""]","[""Kargin Haghordum"", ""Kargin haxordum"", ""Կարգին Հաղորդում"", ""Hayko Mko"", ""Armenian Humor"", ""Հայկո Մկո"", ""Հայկական Հումոր"", ""Hayko"", ""Mko"", ""Հյկո"", ""Մկո"", ""Kargin"", ""Կարգին"", ""Armenia Humor"", ""haykakan humor"", ""Armenian jokes"", ""HD"", ""humor"", ""Հումոր"", ""Kargin haxordum HD"", ""Kargin Haghordum HD"", ""Hayko Mko Kargin Haxordum"", ""jokes""]",,,,False,,,,"Կարգին Հաղորդում
Hayko Mko Armenian Humor
Հայկո Մկո Հայկական Հումոր",youtube,False,{},{},False,True,True,processed,sd,2d,rectangular,none,,0,api,2026-08-01T13:53:44+00:00,
4AW-D43CgQs,https://www.youtube.com/watch?v=4AW-D43CgQs,https://www.youtube.com/watch?v=4AW-D43CgQs&list=PLC4FFB3F0AFB8146C&index=76&t=0s,Kargin Haghordum sketch 075 (Hayko Mko),KarginTV,UCEHF-l2v0qhi_IXzrfc3uZg,63,20120617,206793,645,,13.0,public,hy,"[""24""]","[""Kargin Haghordum"", ""Kargin haxordum"", ""Կարգին Հաղորդում"", ""Hayko Mko"", ""Armenian Humor"", ""Հայկո Մկո"", ""Հայկական Հումոր"", ""Hayko"", ""Mko"", ""Հյկո"", ""Մկո"", ""Kargin"", ""Կարգին"", ""Armenia Humor"", ""haykakan humor"", ""Armenian jokes"", ""HD"", ""humor"", ""Հումոր"", ""Kargin haxordum HD"", ""Kargin Haghordum HD"", ""Hayko Mko Kargin Haxordum"", ""jokes""]",,,,False,,,,"Կարգին Հաղորդում
Hayko Mko Armenian Humor
Հայկո Մկո Հայկական Հումոր",youtube,True,{},{},False,True,True,processed,sd,2d,rectangular,none,,0,api,2026-08-01T13:53:44+00:00,
wqdP7jduzXo,https://www.youtube.com/watch?v=wqdP7jduzXo,https://www.youtube.com/watch?v=wqdP7jduzXo&list=PLC4FFB3F0AFB8146C&index=77&t=0s,Kargin Haghordum sketch 076 (Hayko Mko),KarginTV,UCEHF-l2v0qhi_IXzrfc3uZg,187,20120618,1002346,5385,,139.0,public,hy,"[""24""]","[""Kargin Haghordum"", ""Kargin haxordum"", ""Կարգին Հաղորդում"", ""Hayko Mko"", ""Armenian Humor"", ""Հայկո Մկո"", ""Հայկական Հումոր"", ""Hayko"", ""Mko"", ""Հյկո"", ""Մկո"", ""Kargin"", ""Կարգին"", ""Armenia Humor"", ""haykakan humor"", ""Armenian jokes"", ""HD"", ""humor"", ""Հումոր"", ""Kargin haxordum HD"", ""Kargin Haghordum HD"", ""Hayko Mko Kargin Haxordum"", ""jokes""]",,,,False,,,,"Կարգին Հաղորդում
Hayko Mko Armenian Humor
Հայկո Մկո Հայկական Հումոր",youtube,True,{},{},False,True,True,processed,sd,2d,rectangular,none,,0,api,2026-08-01T13:53:44+00:00,
h1j5ZsxTEPA,https://www.youtube.com/watch?v=h1j5ZsxTEPA,https://www.youtube.com/watch?v=h1j5ZsxTEPA&list=PLC4FFB3F0AFB8146C&index=78&t=0s,Kargin Haghordum sketch 077 (Hayko Mko),KarginTV,UCEHF-l2v0qhi_IXzrfc3uZg,144,20120618,230792,1464,,30.0,public,hy,"[""24""]","[""Kargin Haghordum"", ""Kargin haxordum"", ""Կարգին Հաղորդում"", ""Hayko Mko"", ""Armenian Humor"", ""Հայկո Մկո"", ""Հայկական Հումոր"", ""Hayko"", ""Mko"", ""Հյկո"", ""Մկո"", ""Kargin"", ""Կարգին"", ""Armenia Humor"", ""haykakan humor"", ""Armenian jokes"", ""HD"", ""humor"", ""Հումոր"", ""Kargin haxordum HD"", ""Kargin Haghordum HD"", ""Hayko Mko Kargin Haxordum"", ""jokes""]",,,,False,,,,"Կարգին Հաղորդում
Hayko Mko Armenian Humor
Հայկո Մկո Հայկական Հումոր",youtube,False,{},{},False,True,True,processed,sd,2d,rectangular,none,,0,api,2026-08-01T13:53:44+00:00,
ty8VH9jpVkU,https://www.youtube.com/watch?v=ty8VH9jpVkU,https://www.youtube.com/watch?v=ty8VH9jpVkU&list=PLC4FFB3F0AFB8146C&index=79&t=0s,Kargin Haghordum sketch 078 (Hayko Mko),KarginTV,UCEHF-l2v0qhi_IXzrfc3uZg,125,20120618,902800,3746,,32.0,public,hy,"[""24""]","[""Kargin Haghordum"", ""Kargin haxordum"", ""Կարգին Հաղորդում"", ""Hayko Mko"", ""Armenian Humor"", ""Հայկո Մկո"", ""Հայկական Հումոր"", ""Hayko"", ""Mko"", ""Հյկո"", ""Մկո"", ""Kargin"", ""Կարգին"", ""Armenia Humor"", ""haykakan humor"", ""Armenian jokes"", ""HD"", ""humor"", ""Հումոր"", ""Kargin haxordum HD"", ""Kargin Haghordum HD"", ""Hayko Mko Kargin Haxordum"", ""jokes""]",,,,False,,,,"Կարգին Հաղորդում
Hayko Mko Armenian Humor
Հայկո Մկո Հայկական Հումոր",youtube,True,{},{},False,True,True,processed,sd,2d,rectangular,none,,0,api,2026-08-01T13:53:44+00:00,
0Aoy7CHMZvA,https://www.youtube.com/watch?v=0Aoy7CHMZvA,https://www.youtube.com/watch?v=0Aoy7CHMZvA&list=PLC4FFB3F0AFB8146C&index=80&t=0s,Kargin Haghordum sketch 079 (Hayko Mko),KarginTV,UCEHF-l2v0qhi_IXzrfc3uZg,106,20120618,751890,4836,,116.0,public,hy,"[""24""]","[""Kargin Haghordum"", ""Kargin haxordum"", ""Կարգին Հաղորդում"", ""Hayko Mko"", ""Armenian Humor"", ""Հայկո Մկո"", ""Հայկական Հումոր"", ""Hayko"", ""Mko"", ""Հյկո"", ""Մկո"", ""Kargin"", ""Կարգին"", ""Armenia Humor"", ""haykakan humor"", ""Armenian jokes"", ""HD"", ""humor"", ""Հումոր"", ""Kargin haxordum HD"", ""Kargin Haghordum HD"", ""Hayko Mko Kargin Haxordum"", ""jokes""]",,,,False,,,,"Կարգին Հաղորդում
Hayko Mko Armenian Humor
Հայկո Մկո Հայկական Հումոր",youtube,False,{},{},False,True,True,processed,sd,2d,rectangular,none,,0,api,2026-08-01T13:53:44+00:00,
iZWWe6T5hFI,https://www.youtube.com/watch?v=iZWWe6T5hFI,https://www.youtube.com/watch?v=iZWWe6T5hFI&list=PLC4FFB3F0AFB8146C&index=81&t=0s,Kargin Haghordum sketch 080 (Hayko Mko),KarginTV,UCEHF-l2v0qhi_IXzrfc3uZg,181,20120618,179478,899,,20.0,public,hy,"[""24""]","[""Kargin Haghordum"", ""Kargin haxordum"", ""Կարգին Հաղորդում"", ""Hayko Mko"", ""Armenian Humor"", ""Հայկո Մկո"", ""Հայկական Հումոր"", ""Hayko"", ""Mko"", ""Հյկո"", ""Մկո"", ""Kargin"", ""Կարգին"", ""Armenia Humor"", ""haykakan humor"", ""Armenian jokes"", ""HD"", ""humor"", ""Հումոր"", ""Kargin haxordum HD"", ""Kargin Haghordum HD"", ""Hayko Mko Kargin Haxordum"", ""jokes""]",,,,False,,,,"Կարգին Հաղորդում
Hayko Mko Armenian Humor
Հայկո Մկո Հայկական Հումոր",youtube,False,{},{},False,True,True,processed,sd,2d,rectangular,none,,0,api,2026-08-01T13:53:44+00:00,
w4-Yja-omx8,https://www.youtube.com/watch?v=w4-Yja-omx8,https://www.youtube.com/watch?v=w4-Yja-omx8&list=PLC4FFB3F0AFB8146C&index=82&t=0s,Kargin Haghordum sketch 081 (Hayko Mko),KarginTV,UCEHF-l2v0qhi_IXzrfc3uZg,137,20120618,535560,3293,,48.0,public,hy,"[""24""]","[""Kargin Haghordum"", ""Kargin haxordum"", ""Կարգին Հաղորդում"", ""Hayko Mko"", ""Armenian Humor"", ""Հայկո Մկո"", ""Հայկական Հումոր"", ""Hayko"", ""Mko"", ""Հյկո"", ""Մկո"", ""Kargin"", ""Կարգին"", ""Armenia Humor"", ""haykakan humor"", ""Armenian jokes"", ""HD"", ""humor"", ""Հումոր"", ""Kargin haxordum HD"", ""Kargin Haghordum HD"", ""Hayko Mko Kargin Haxordum"", ""jokes""]",,,,False,,,,"Կարգին Հաղորդում
Hayko Mko Armenian Humor
Հայկո Մկո Հայկական Հումոր",youtube,True,{},{},False,True,True,processed,sd,2d,rectangular,none,,0,api,2026-08-01T13:53:44+00:00,
vy4T7AtWBpw,https://www.youtube.com/watch?v=vy4T7AtWBpw,https://www.youtube.com/watch?v=vy4T7AtWBpw&list=PLC4FFB3F0AFB8146C&index=83&t=0s,Kargin Haghordum sketch 082 (Hayko Mko),KarginTV,UCEHF-l2v0qhi_IXzrfc3uZg,112,20120618,183760,1136,,14.0,public,hy,"[""24""]","[""Kargin Haghordum"", ""Kargin haxordum"", ""Կարգին Հաղորդում"", ""Hayko Mko"", ""Armenian Humor"", ""Հայկո Մկո"", ""Հայկական Հումոր"", ""Hayko"", ""Mko"", ""Հյկո"", ""Մկո"", ""Kargin"", ""Կարգին"", ""Armenia Humor"", ""haykakan humor"", ""Armenian jokes"", ""HD"", ""humor"", ""Հումոր"", ""Kargin haxordum HD"", ""Kargin Haghordum HD"", ""Hayko Mko Kargin Haxordum"", ""jokes""]",,,,False,,,,"Կարգին Հաղորդում
Hayko Mko Armenian Humor
Հայկո Մկո Հայկական Հումոր",youtube,True,{},{},False,True,True,processed,sd,2d,rectangular,none,,0,api,2026-08-01T13:53:44+00:00,
2yBuEs8UXcE,https://www.youtube.com/watch?v=2yBuEs8UXcE,https://www.youtube.com/watch?v=2yBuEs8UXcE&list=PLC4FFB3F0AFB8146C&index=84&t=0s,Kargin Haghordum sketch 083 (Hayko Mko),KarginTV,UCEHF-l2v0qhi_IXzrfc3uZg,159,20120618,490343,2148,,43.0,public,hy,"[""24""]","[""Kargin Haghordum"", ""Kargin haxordum"", ""Կարգին Հաղորդում"", ""Hayko Mko"", ""Armenian Humor"", ""Հայկո Մկո"", ""Հայկական Հումոր"", ""Hayko"", ""Mko"", ""Հյկո"", ""Մկո"", ""Kargin"", ""Կարգին"", ""Armenia Humor"", ""haykakan humor"", ""Armenian jokes"", ""HD"", ""humor"", ""Հումոր"", ""Kargin haxordum HD"", ""Kargin Haghordum HD"", ""Hayko Mko Kargin Haxordum"", ""jokes""]",,,,False,,,,"Կարգին Հաղորդում
Hayko Mko Armenian Humor
Հայկո Մկո Հայկական Հումոր",youtube,True,{},{},False,True,True,processed,sd,2d,rectangular,none,,0,api,2026-08-01T13:53:44+00:00,
p8koB5Dx5x8,https://www.youtube.com/watch?v=p8koB5Dx5x8,https://www.youtube.com/watch?v=p8koB5Dx5x8&list=PLC4FFB3F0AFB8146C&index=85&t=0s,Kargin Haghordum sketch 084 (Hayko Mko),KarginTV,UCEHF-l2v0qhi_IXzrfc3uZg,203,20120618,866725,4195,,79.0,public,hy,"[""24""]","[""Kargin Haghordum"", ""Kargin haxordum"", ""Կարգին Հաղորդում"", ""Hayko Mko"", ""Armenian Humor"", ""Հայկո Մկո"", ""Հայկական Հումոր"", ""Hayko"", ""Mko"", ""Հյկո"", ""Մկո"", ""Kargin"", ""Կարգին"", ""Armenia Humor"", ""haykakan humor"", ""Armenian jokes"", ""HD"", ""humor"", ""Հումոր"", ""Kargin haxordum HD"", ""Kargin Haghordum HD"", ""Hayko Mko Kargin Haxordum"", ""jokes""]",,,,False,,,,"Կարգին Հաղորդում
Hayko Mko Armenian Humor
Հայկո Մկո Հայկական Հումոր",youtube,True,{},{},False,True,True,processed,sd,2d,rectangular,none,,0,api,2026-08-01T13:53:44+00:00,
jLZNtQKFoAc,https://www.youtube.com/watch?v=jLZNtQKFoAc,https://www.youtube.com/watch?v=jLZNtQKFoAc&list=PLC4FFB3F0AFB8146C&index=86&t=0s,Kargin Haghordum sketch 085 (Hayko Mko),KarginTV,UCEHF-l2v0qhi_IXzrfc3uZg,142,20120618,508899,2708,,49.0,public,hy,"[""24""]","[""Kargin Haghordum"", ""Kargin haxordum"", ""Կարգին Հաղորդում"", ""Hayko Mko"", ""Armenian Humor"", ""Հայկո Մկո"", ""Հայկական Հումոր"", ""Hayko"", ""Mko"", ""Հյկո"", ""Մկո"", ""Kargin"", ""Կարգին"", ""Armenia Humor"", ""haykakan humor"", ""Armenian jokes"", ""HD"", ""humor"", ""Հումոր"", ""Kargin haxordum HD"", ""Kargin Haghordum HD"", ""Hayko Mko Kargin Haxordum"", ""jokes""]",,,,False,,,,"Կարգին Հաղորդում
Hayko Mko Armenian Humor
Հայկո Մկո Հայկական Հումոր",youtube,True,{},{},False,True,True,processed,sd,2d,rectangular,none,,0,api,2026-08-01T13:53:44+00:00,
K9BDnmNx4Ic,https://www.youtube.com/watch?v=K9BDnmNx4Ic,https://www.youtube.com/watch?v=K9BDnmNx4Ic&list=PLC4FFB3F0AFB8146C&index=87&t=0s,Kargin Haghordum sketch 086 (Hayko Mko),KarginTV,UCEHF-l2v0qhi_IXzrfc3uZg,212,20120618,513534,2443,,39.0,public,hy,"[""24""]","[""Kargin Haghordum"", ""Kargin haxordum"", ""Կարգին Հաղորդում"", ""Hayko Mko"", ""Armenian Humor"", ""Հայկո Մկո"", ""Հայկական Հումոր"", ""Hayko"", ""Mko"", ""Հյկո"", ""Մկո"", ""Kargin"", ""Կարգին"", ""Armenia Humor"", ""haykakan humor"", ""Armenian jokes"", ""HD"", ""humor"", ""Հումոր"", ""Kargin haxordum HD"", ""Kargin Haghordum HD"", ""Hayko Mko Kargin Haxordum"", ""jokes""]",,,,False,,,,"Կարգին Հաղորդում
Hayko Mko Armenian Humor
Հայկո Մկո Հայկական Հումոր",youtube,False,{},{},False,True,True,processed,sd,2d,rectangular,none,,0,api,2026-08-01T13:53:44+00:00,
4Vai3furaS8,https://www.youtube.com/watch?v=4Vai3furaS8,https://www.youtube.com/watch?v=4Vai3furaS8&list=PLC4FFB3F0AFB8146C&index=88&t=0s,Kargin Haghordum sketch 087 (Hayko Mko),KarginTV,UCEHF-l2v0qhi_IXzrfc3uZg,141,20120618,991100,5234,,83.0,public,hy,"[""24""]","[""Kargin Haghordum"", ""Kargin haxordum"", ""Կարգին Հաղորդում"", ""Hayko Mko"", ""Armenian Humor"", ""Հայկո Մկո"", ""Հայկական Հումոր"", ""Hayko"", ""Mko"", ""Հյկո"", ""Մկո"", ""Kargin"", ""Կարգին"", ""Armenia Humor"", ""haykakan humor"", ""Armenian jokes"", ""HD"", ""humor"", ""Հումոր"", ""Kargin haxordum HD"", ""Kargin Haghordum HD"", ""Hayko Mko Kargin Haxordum"", ""jokes""]",,,,False,,,,"Կարգին Հաղորդում
Hayko Mko Armenian Humor
Հայկո Մկո Հայկական Հումոր",youtube,True,{},{},False,True,True,processed,sd,2d,rectangular,none,,0,api,2026-08-01T13:53:44+00:00,
TBpD6dgtVXM,https://www.youtube.com/watch?v=TBpD6dgtVXM,https://www.youtube.com/watch?v=TBpD6dgtVXM&list=PLC4FFB3F0AFB8146C&index=89&t=0s,Kargin Haghordum sketch 088 (Hayko Mko),KarginTV,UCEHF-l2v0qhi_IXzrfc3uZg,179,20120618,307338,1963,,43.0,public,hy,"[""24""]","[""Kargin Haghordum"", ""Kargin haxordum"", ""Կարգին Հաղորդում"", ""Hayko Mko"", ""Armenian Humor"", ""Հայկո Մկո"", ""Հայկական Հումոր"", ""Hayko"", ""Mko"", ""Հյկո"", ""Մկո"", ""Kargin"", ""Կարգին"", ""Armenia Humor"", ""haykakan humor"", ""Armenian jokes"", ""HD"", ""humor"", ""Հումոր"", ""Kargin haxordum HD"", ""Kargin Haghordum HD"", ""Hayko Mko Kargin Haxordum"", ""jokes""]",,,,False,,,,"Կարգին Հաղորդում
Hayko Mko Armenian Humor
Հայկո Մկո Հայկական Հումոր",youtube,True,{},{},False,True,True,processed,sd,2d,rectangular,none,,0,api,2026-08-01T13:53:44+00:00,
wf5bdasrfao,https://www.youtube.com/watch?v=wf5bdasrfao,https://www.youtube.com/watch?v=wf5bdasrfao&list=PLC4FFB3F0AFB8146C&index=90&t=0s,Kargin Haghordum sketch 089 (Hayko Mko),KarginTV,UCEHF-l2v0qhi_IXzrfc3uZg,104,20120618,278785,683,,7.0,public,hy,"[""24""]","[""Kargin Haghordum"", ""Kargin haxordum"", ""Կարգին Հաղորդում"", ""Hayko Mko"", ""Armenian Humor"", ""Հայկո Մկո"", ""Հայկական Հումոր"", ""Hayko"", ""Mko"", ""Հյկո"", ""Մկո"", ""Kargin"", ""Կարգին"", ""Armenia Humor"", ""haykakan humor"", ""Armenian jokes"", ""HD"", ""humor"", ""Հումոր"", ""Kargin haxordum HD"", ""Kargin Haghordum HD"", ""Hayko Mko Kargin Haxordum"", ""jokes""]",,,,False,,,,"Կարգին Հաղորդում
Hayko Mko Armenian Humor
Հայկո Մկո Հայկական Հումոր",youtube,True,{},{},False,True,True,processed,sd,2d,rectangular,none,,0,api,2026-08-01T13:53:44+00:00,
z2jGcE3O2yA,https://www.youtube.com/watch?v=z2jGcE3O2yA,https://www.youtube.com/watch?v=z2jGcE3O2yA&list=PLC4FFB3F0AFB8146C&index=91&t=0s,Kargin Haghordum sketch 090 (Hayko Mko),KarginTV,UCEHF-l2v0qhi_IXzrfc3uZg,121,20120618,1895354,7032,,128.0,public,hy,"[""24""]","[""Kargin Haghordum"", ""Kargin haxordum"", ""Կարգին Հաղորդում"", ""Hayko Mko"", ""Armenian Humor"", ""Հայկո Մկո"", ""Հայկական Հումոր"", ""Hayko"", ""Mko"", ""Հյկո"", ""Մկո"", ""Kargin"", ""Կարգին"", ""Armenia Humor"", ""haykakan humor"", ""Armenian jokes"", ""HD"", ""humor"", ""Հումոր"", ""Kargin haxordum HD"", ""Kargin Haghordum HD"", ""Hayko Mko Kargin Haxordum"", ""jokes""]",,,,False,,,,"Կարգին Հաղորդում
Hayko Mko Armenian Humor
Հայկո Մկո Հայկական Հումոր",youtube,True,{},{},False,True,True,processed,sd,2d,rectangular,none,,0,api,2026-08-01T13:53:44+00:00,
EzQr9kXIp0U,https://www.youtube.com/watch?v=EzQr9kXIp0U,https://www.youtube.com/watch?v=EzQr9kXIp0U&list=PLC4FFB3F0AFB8146C&index=92&t=0s,Kargin Haghordum sketch 091 (Hayko Mko),KarginTV,UCEHF-l2v0qhi_IXzrfc3uZg,179,20120618,800232,5638,,103.0,public,hy,"[""24""]","[""Kargin Haghordum"", ""Kargin haxordum"", ""Կարգին Հաղորդում"", ""Hayko Mko"", ""Armenian Humor"", ""Հայկո Մկո"", ""Հայկական Հումոր"", ""Hayko"", ""Mko"", ""Հյկո"", ""Մկո"", ""Kargin"", ""Կարգին"", ""Armenia Humor"", ""haykakan humor"", ""Armenian jokes"", ""HD"", ""humor"", ""Հումոր"", ""Kargin haxordum HD"", ""Kargin Haghordum HD"", ""Hayko Mko Kargin Haxordum"", ""jokes""]",,,,False,,,,"Կարգին Հաղորդում
Hayko Mko Armenian Humor
Հայկո Մկո Հայկական Հումոր",youtube,True,{},{},False,True,True,processed,sd,2d,rectangular,none,,0,api,2026-08-01T13:53:44+00:00,
13-sTb5uYH8,https://www.youtube.com/watch?v=13-sTb5uYH8,https://www.youtube.com/watch?v=13-sTb5uYH8&list=PLC4FFB3F0AFB8146C&index=93&t=0s,Kargin Haghordum sketch 092 (Hayko Mko),KarginTV,UCEHF-l2v0qhi_IXzrfc3uZg,204,20120618,546327,2201,,42.0,public,hy,"[""24""]","[""Kargin Haghordum"", ""Kargin haxordum"", ""Կարգին Հաղորդում"", ""Hayko Mko"", ""Armenian Humor"", ""Հայկո Մկո"", ""Հայկական Հումոր"", ""Hayko"", ""Mko"", ""Հյկո"", ""Մկո"", ""Kargin"", ""Կարգին"", ""Armenia Humor"", ""haykakan humor"", ""Armenian jokes"", ""HD"", ""humor"", ""Հումոր"", ""Kargin haxordum HD"", ""Kargin Haghordum HD"", ""Hayko Mko Kargin Haxordum"", ""jokes""]",,,,False,,,,"Կարգին Հաղորդում
Hayko Mko Armenian Humor
Հայկո Մկո Հայկական Հումոր",youtube,False,{},{},False,True,True,processed,sd,2d,rectangular,none,,0,api,2026-08-01T13:53:44+00:00,
tC0oTbzztk8,https://www.youtube.com/watch?v=tC0oTbzztk8,https://www.youtube.com/watch?v=tC0oTbzztk8&list=PLC4FFB3F0AFB8146C&index=94&t=0s,Kargin Haghordum sketch 093 (Hayko Mko),KarginTV,UCEHF-l2v0qhi_IXzrfc3uZg,180,20120618,754919,2924,,42.0,public,hy,"[""24""]","[""Kargin Haghordum"", ""Kargin haxordum"", ""Կարգին Հաղորդում"", ""Hayko Mko"", ""Armenian Humor"", ""Հայկո Մկո"", ""Հայկական Հումոր"", ""Hayko"", ""Mko"", ""Հյկո"", ""Մկո"", ""Kargin"", ""Կարգին"", ""Armenia Humor"", ""haykakan humor"", ""Armenian jokes"", ""HD"", ""humor"", ""Հումոր"", ""Kargin haxordum HD"", ""Kargin Haghordum HD"", ""Hayko Mko Kargin Haxordum"", ""jokes""]",,,,False,,,,"Կարգին Հաղորդում
Hayko Mko Armenian Humor
Հայկո Մկո Հայկական Հումոր",youtube,True,{},{},False,True,True,processed,sd,2d,rectangular,none,,0,api,2026-08-01T13:53:44+00:00,
5whA7Y64K-s,https://www.youtube.com/watch?v=5whA7Y64K-s,https://www.youtube.com/watch?v=5whA7Y64K-s&list=PLC4FFB3F0AFB8146C&index=95&t=0s,Kargin Haghordum sketch 094 (Hayko Mko),KarginTV,UCEHF-l2v0qhi_IXzrfc3uZg,126,20120618,488274,2939,,73.0,public,hy,"[""24""]","[""Kargin Haghordum"", ""Kargin haxordum"", ""Կարգին Հաղորդում"", ""Hayko Mko"", ""Armenian Humor"", ""Հայկո Մկո"", ""Հայկական Հումոր"", ""Hayko"", ""Mko"", ""Հյկո"", ""Մկո"", ""Kargin"", ""Կարգին"", ""Armenia Humor"", ""haykakan humor"", ""Armenian jokes"", ""HD"", ""humor"", ""Հումոր"", ""Kargin haxordum HD"", ""Kargin Haghordum HD"", ""Hayko Mko Kargin Haxordum"", ""jokes""]",,,,False,,,,"Կարգին Հաղորդում
Hayko Mko Armenian Humor
Հայկո Մկո Հայկական Հումոր",youtube,False,{},{},False,True,True,processed,sd,2d,rectangular,none,,0,api,2026-08-01T13:53:44+00:00,
OiLneEZ-2xk,https://www.youtube.com/watch?v=OiLneEZ-2xk,https://www.youtube.com/watch?v=OiLneEZ-2xk&list=PLC4FFB3F0AFB8146C&index=97&t=0s,Kargin Haghordum sketch 096 (Hayko Mko),KarginTV,UCEHF-l2v0qhi_IXzrfc3uZg,111,20120618,224466,1814,,34.0,public,hy,"[""24""]","[""Kargin Haghordum"", ""Kargin haxordum"", ""Կարգին Հաղորդում"", ""Hayko Mko"", ""Armenian Humor"", ""Հայկո Մկո"", ""Հայկական Հումոր"", ""Hayko"", ""Mko"", ""Հյկո"", ""Մկո"", ""Kargin"", ""Կարգին"", ""Armenia Humor"", ""haykakan humor"", ""Armenian jokes"", ""HD"", ""humor"", ""Հումոր"", ""Kargin haxordum HD"", ""Kargin Haghordum HD"", ""Hayko Mko Kargin Haxordum"", ""jokes""]",,,,False,,,,"Կարգին Հաղորդում
Hayko Mko Armenian Humor
Հայկո Մկո Հայկական Հումոր",youtube,True,{},{},False,True,True,processed,sd,2d,rectangular,none,,0,api,2026-08-01T13:53:45+00:00,
5jDf-ByIAB0,https://www.youtube.com/watch?v=5jDf-ByIAB0,https://www.youtube.com/watch?v=5jDf-ByIAB0&list=PLC4FFB3F0AFB8146C&index=98&t=0s,Kargin Haghordum sketch 097 (Hayko Mko),KarginTV,UCEHF-l2v0qhi_IXzrfc3uZg,154,20120618,347808,2138,,22.0,public,hy,"[""24""]","[""Kargin Haghordum"", ""Kargin haxordum"", ""Կարգին Հաղորդում"", ""Hayko Mko"", ""Armenian Humor"", ""Հայկո Մկո"", ""Հայկական Հումոր"", ""Hayko"", ""Mko"", ""Հյկո"", ""Մկո"", ""Kargin"", ""Կարգին"", ""Armenia Humor"", ""haykakan humor"", ""Armenian jokes"", ""HD"", ""humor"", ""Հումոր"", ""Kargin haxordum HD"", ""Kargin Haghordum HD"", ""Hayko Mko Kargin Haxordum"", ""jokes""]",,,,False,,,,"Կարգին Հաղորդում
Hayko Mko Armenian Humor
Հայկո Մկո Հայկական Հումոր",youtube,True,{},{},False,True,True,processed,sd,2d,rectangular,none,,0,api,2026-08-01T13:53:45+00:00,
Ih6PZ4KK4v0,https://www.youtube.com/watch?v=Ih6PZ4KK4v0,https://www.youtube.com/watch?v=Ih6PZ4KK4v0&list=PLC4FFB3F0AFB8146C&index=99&t=0s,Kargin Haghordum sketch 098 (Hayko Mko),KarginTV,UCEHF-l2v0qhi_IXzrfc3uZg,265,20120618,2685153,11054,,219.0,public,hy,"[""24""]","[""Kargin Haghordum"", ""Kargin haxordum"", ""Կարգին Հաղորդում"", ""Hayko Mko"", ""Armenian Humor"", ""Հայկո Մկո"", ""Հայկական Հումոր"", ""Hayko"", ""Mko"", ""Հյկո"", ""Մկո"", ""Kargin"", ""Կարգին"", ""Armenia Humor"", ""haykakan humor"", ""Armenian jokes"", ""HD"", ""humor"", ""Հումոր"", ""Kargin haxordum HD"", ""Kargin Haghordum HD"", ""Hayko Mko Kargin Haxordum"", ""jokes""]",,,,False,,,,"Կարգին Հաղորդում
Hayko Mko Armenian Humor
Հայկո Մկո Հայկական Հումոր",youtube,False,{},{},False,True,True,processed,sd,2d,rectangular,none,,0,api,2026-08-01T13:53:45+00:00,
FtfabcuKOD4,https://www.youtube.com/watch?v=FtfabcuKOD4,https://www.youtube.com/watch?v=FtfabcuKOD4&list=PLC4FFB3F0AFB8146C&index=100&t=0s,Kargin Haghordum sketch 099 (Hayko Mko),KarginTV,UCEHF-l2v0qhi_IXzrfc3uZg,128,20120618,604449,2302,,58.0,public,hy,"[""24""]","[""Kargin Haghordum"", ""Kargin haxordum"", ""Կարգին Հաղորդում"", ""Hayko Mko"", ""Armenian Humor"", ""Հայկո Մկո"", ""Հայկական Հումոր"", ""Hayko"", ""Mko"", ""Հյկո"", ""Մկո"", ""Kargin"", ""Կարգին"", ""Armenia Humor"", ""haykakan humor"", ""Armenian jokes"", ""HD"", ""humor"", ""Հումոր"", ""Kargin haxordum HD"", ""Kargin Haghordum HD"", ""Hayko Mko Kargin Haxordum"", ""jokes""]",,,,False,,,,"Կարգին Հաղորդում
Hayko Mko Armenian Humor
Հայկո Մկո Հայկական Հումոր",youtube,False,{},{},False,True,True,processed,sd,2d,rectangular,none,,0,api,2026-08-01T13:53:45+00:00,
lJxT04MIuaQ,https://www.youtube.com/watch?v=lJxT04MIuaQ,https://www.youtube.com/watch?v=lJxT04MIuaQ&list=PLC4FFB3F0AFB8146C&index=103&t=0s,Kargin Haghordum sketch 102 (Hayko Mko),KarginTV,UCEHF-l2v0qhi_IXzrfc3uZg,115,20120618,198466,1305,,17.0,public,hy,"[""24""]","[""Kargin Haghordum"", ""Kargin haxordum"", ""Կարգին Հաղորդում"", ""Hayko Mko"", ""Armenian Humor"", ""Հայկո Մկո"", ""Հայկական Հումոր"", ""Hayko"", ""Mko"", ""Հյկո"", ""Մկո"", ""Kargin"", ""Կարգին"", ""Armenia Humor"", ""haykakan humor"", ""Armenian jokes"", ""HD"", ""humor"", ""Հումոր"", ""Kargin haxordum HD"", ""Kargin Haghordum HD"", ""Hayko Mko Kargin Haxordum"", ""jokes""]",,,,False,,,,"Կարգին Հաղորդում
Hayko Mko Armenian Humor
Հայկո Մկո Հայկական Հումոր",youtube,False,{},{},False,True,True,processed,sd,2d,rectangular,none,hy,0,api,2026-08-01T13:53:45+00:00,
jXXdxRcmpNY,https://www.youtube.com/watch?v=jXXdxRcmpNY,https://www.youtube.com/watch?v=jXXdxRcmpNY&list=PLC4FFB3F0AFB8146C&index=104&t=0s,Kargin Haghordum sketch 103 (Hayko Mko),KarginTV,UCEHF-l2v0qhi_IXzrfc3uZg,119,20120618,733071,3463,,68.0,public,hy,"[""24""]","[""Kargin Haghordum"", ""Kargin haxordum"", ""Կարգին Հաղորդում"", ""Hayko Mko"", ""Armenian Humor"", ""Հայկո Մկո"", ""Հայկական Հումոր"", ""Hayko"", ""Mko"", ""Հյկո"", ""Մկո"", ""Kargin"", ""Կարգին"", ""Armenia Humor"", ""haykakan humor"", ""Armenian jokes"", ""HD"", ""humor"", ""Հումոր"", ""Kargin haxordum HD"", ""Kargin Haghordum HD"", ""Hayko Mko Kargin Haxordum"", ""jokes""]",,,,False,,,,"Կարգին Հաղորդում
Hayko Mko Armenian Humor
Հայկո Մկո Հայկական Հումոր",youtube,True,{},{},False,True,True,processed,sd,2d,rectangular,none,,0,api,2026-08-01T13:53:45+00:00,
2T3Et10cvcg,https://www.youtube.com/watch?v=2T3Et10cvcg,https://www.youtube.com/watch?v=2T3Et10cvcg&list=PLC4FFB3F0AFB8146C&index=105&t=0s,Kargin Haghordum sketch 104 (Hayko Mko),KarginTV,UCEHF-l2v0qhi_IXzrfc3uZg,115,20120618,321334,1303,,29.0,public,hy,"[""24""]","[""Kargin Haghordum"", ""Kargin haxordum"", ""Կարգին Հաղորդում"", ""Hayko Mko"", ""Armenian Humor"", ""Հայկո Մկո"", ""Հայկական Հումոր"", ""Hayko"", ""Mko"", ""Հյկո"", ""Մկո"", ""Kargin"", ""Կարգին"", ""Armenia Humor"", ""haykakan humor"", ""Armenian jokes"", ""HD"", ""humor"", ""Հումոր"", ""Kargin haxordum HD"", ""Kargin Haghordum HD"", ""Hayko Mko Kargin Haxordum"", ""jokes""]",,,,False,,,,"Կարգին Հաղորդում 
Hayko Mko Armenian Humor
Հայկո Մկո Հայկական Հումոր",youtube,True,{},{},False,True,True,processed,sd,2d,rectangular,none,,0,api,2026-08-01T13:53:45+00:00,
su_eh7PKgWc,https://www.youtube.com/watch?v=su_eh7PKgWc,https://www.youtube.com/watch?v=su_eh7PKgWc&list=PLC4FFB3F0AFB8146C&index=106&t=0s,Kargin Haghordum sketch 105 (Hayko Mko),KarginTV,UCEHF-l2v0qhi_IXzrfc3uZg,274,20120628,1299568,7303,,179.0,public,hy,"[""24""]","[""Kargin Haghordum"", ""Kargin haxordum"", ""Կարգին Հաղորդում"", ""Hayko Mko"", ""Armenian Humor"", ""Հայկո Մկո"", ""Հայկական Հումոր"", ""Hayko"", ""Mko"", ""Հյկո"", ""Մկո"", ""Kargin"", ""Կարգին"", ""Armenia Humor"", ""haykakan humor"", ""Armenian jokes"", ""HD"", ""humor"", ""Հումոր"", ""Kargin haxordum HD"", ""Kargin Haghordum HD"", ""Hayko Mko Kargin Haxordum"", ""jokes""]",,,,False,,,,"Կարգին Հաղորդում
Hayko Mko Armenian Humor
Հայկո Մկո Հայկական Հումոր",youtube,False,{},{},False,True,True,processed,sd,2d,rectangular,none,,0,api,2026-08-01T13:53:45+00:00,
v3BNi5Juk0Y,https://www.youtube.com/watch?v=v3BNi5Juk0Y,https://www.youtube.com/watch?v=v3BNi5Juk0Y&list=PLC4FFB3F0AFB8146C&index=107&t=0s,Kargin Haghordum sketch 106 (Hayko Mko),KarginTV,UCEHF-l2v0qhi_IXzrfc3uZg,131,20120628,214662,894,,20.0,public,hy,"[""24""]","[""Kargin Haghordum"", ""Kargin haxordum"", ""Կարգին Հաղորդում"", ""Hayko Mko"", ""Armenian Humor"", ""Հայկո Մկո"", ""Հայկական Հումոր"", ""Hayko"", ""Mko"", ""Հյկո"", ""Մկո"", ""Kargin"", ""Կարգին"", ""Armenia Humor"", ""haykakan humor"", ""Armenian jokes"", ""HD"", ""humor"", ""Հումոր"", ""Kargin haxordum HD"", ""Kargin Haghordum HD"", ""Hayko Mko Kargin Haxordum"", ""jokes""]",,,,False,,,,"Կարգին Հաղորդում
Hayko Mko Armenian Humor
Հայկո Մկո Հայկական Հումոր",youtube,True,{},{},False,True,True,processed,sd,2d,rectangular,none,,0,api,2026-08-01T13:53:45+00:00,
xaVdaU-N7Gw,https://www.youtube.com/watch?v=xaVdaU-N7Gw,https://www.youtube.com/watch?v=xaVdaU-N7Gw&list=PLC4FFB3F0AFB8146C&index=108&t=0s,Kargin Haghordum sketch 107 (Hayko Mko),KarginTV,UCEHF-l2v0qhi_IXzrfc3uZg,188,20120628,124107,375,,13.0,public,hy,"[""24""]","[""Kargin Haghordum"", ""Kargin haxordum"", ""Կարգին Հաղորդում"", ""Hayko Mko"", ""Armenian Humor"", ""Հայկո Մկո"", ""Հայկական Հումոր"", ""Hayko"", ""Mko"", ""Հյկո"", ""Մկո"", ""Kargin"", ""Կարգին"", ""Armenia Humor"", ""haykakan humor"", ""Armenian jokes"", ""HD"", ""humor"", ""Հումոր"", ""Kargin haxordum HD"", ""Kargin Haghordum HD"", ""Hayko Mko Kargin Haxordum"", ""jokes""]",,,,False,,,,"Կարգին Հաղորդում
Hayko Mko Armenian Humor
Հայկո Մկո Հայկական Հումոր",youtube,True,{},{},False,True,True,processed,sd,2d,rectangular,none,,0,api,2026-08-01T13:53:45+00:00,
hvUyvsaVmQQ,https://www.youtube.com/watch?v=hvUyvsaVmQQ,https://www.youtube.com/watch?v=hvUyvsaVmQQ&list=PLC4FFB3F0AFB8146C&index=109&t=0s,Kargin Haghordum sketch 108 (Hayko Mko),KarginTV,UCEHF-l2v0qhi_IXzrfc3uZg,146,20120628,816563,4162,,70.0,public,hy,"[""24""]","[""Kargin Haghordum"", ""Kargin haxordum"", ""Կարգին Հաղորդում"", ""Hayko Mko"", ""Armenian Humor"", ""Հայկո Մկո"", ""Հայկական Հումոր"", ""Hayko"", ""Mko"", ""Հյկո"", ""Մկո"", ""Kargin"", ""Կարգին"", ""Armenia Humor"", ""haykakan humor"", ""Armenian jokes"", ""HD"", ""humor"", ""Հումոր"", ""Kargin haxordum HD"", ""Kargin Haghordum HD"", ""Hayko Mko Kargin Haxordum"", ""jokes""]",,,,False,,,,"Կարգին Հաղորդում
Hayko Mko Armenian Humor
Հայկո Մկո Հայկական Հումոր",youtube,True,{},{},False,True,True,processed,sd,2d,rectangular,none,,0,api,2026-08-01T13:53:45+00:00,
YP4Q6dkI_0o,https://www.youtube.com/watch?v=YP4Q6dkI_0o,https://www.youtube.com/watch?v=YP4Q6dkI_0o&list=PLC4FFB3F0AFB8146C&index=110&t=0s,Kargin Haghordum sketch 109 (Hayko Mko),KarginTV,UCEHF-l2v0qhi_IXzrfc3uZg,177,20120628,667367,3995,,71.0,public,hy,"[""24""]","[""Kargin Haghordum"", ""Kargin haxordum"", ""Կարգին Հաղորդում"", ""Hayko Mko"", ""Armenian Humor"", ""Հայկո Մկո"", ""Հայկական Հումոր"", ""Hayko"", ""Mko"", ""Հյկո"", ""Մկո"", ""Kargin"", ""Կարգին"", ""Armenia Humor"", ""haykakan humor"", ""Armenian jokes"", ""HD"", ""humor"", ""Հումոր"", ""Kargin haxordum HD"", ""Kargin Haghordum HD"", ""Hayko Mko Kargin Haxordum"", ""jokes""]",,,,False,,,,"Կարգին Հաղորդում
Hayko Mko Armenian Humor
Հայկո Մկո Հայկական Հումոր",youtube,False,{},{},False,True,True,processed,sd,2d,rectangular,none,,0,api,2026-08-01T13:53:45+00:00,
rktRofsEmtg,https://www.youtube.com/watch?v=rktRofsEmtg,https://www.youtube.com/watch?v=rktRofsEmtg&list=PLC4FFB3F0AFB8146C&index=111&t=0s,Kargin Haghordum sketch 110 (Hayko Mko),KarginTV,UCEHF-l2v0qhi_IXzrfc3uZg,203,20120628,238966,626,,16.0,public,hy,"[""24""]","[""Kargin Haghordum"", ""Kargin haxordum"", ""Կարգին Հաղորդում"", ""Hayko Mko"", ""Armenian Humor"", ""Հայկո Մկո"", ""Հայկական Հումոր"", ""Hayko"", ""Mko"", ""Հյկո"", ""Մկո"", ""Kargin"", ""Կարգին"", ""Armenia Humor"", ""haykakan humor"", ""Armenian jokes"", ""HD"", ""humor"", ""Հումոր"", ""Kargin haxordum HD"", ""Kargin Haghordum HD"", ""Hayko Mko Kargin Haxordum"", ""jokes""]",,,,False,,,,"Կարգին Հաղորդում
Hayko Mko Armenian Humor
Հայկո Մկո Հայկական Հումոր",youtube,True,{},{},False,True,True,processed,sd,2d,rectangular,none,,0,api,2026-08-01T13:53:45+00:00,
Y6B0evY1AnM,https://www.youtube.com/watch?v=Y6B0evY1AnM,https://www.youtube.com/watch?v=Y6B0evY1AnM&list=PLC4FFB3F0AFB8146C&index=112&t=0s,Kargin Haghordum sketch 111 (Hayko Mko),KarginTV,UCEHF-l2v0qhi_IXzrfc3uZg,152,20120628,97197,553,,12.0,public,hy,"[""24""]","[""Kargin Haghordum"", ""Kargin haxordum"", ""Կարգին Հաղորդում"", ""Hayko Mko"", ""Armenian Humor"", ""Հայկո Մկո"", ""Հայկական Հումոր"", ""Hayko"", ""Mko"", ""Հյկո"", ""Մկո"", ""Kargin"", ""Կարգին"", ""Armenia Humor"", ""haykakan humor"", ""Armenian jokes"", ""HD"", ""humor"", ""Հումոր"", ""Kargin haxordum HD"", ""Kargin Haghordum HD"", ""Hayko Mko Kargin Haxordum"", ""jokes""]",,,,False,,,,"Կարգին Հաղորդում
Hayko Mko Armenian Humor
Հայկո Մկո Հայկական Հումոր",youtube,True,{},{},False,True,True,processed,sd,2d,rectangular,none,,0,api,2026-08-01T13:53:45+00:00,
kIc8JOhTGbE,https://www.youtube.com/watch?v=kIc8JOhTGbE,https://www.youtube.com/watch?v=kIc8JOhTGbE&list=PLC4FFB3F0AFB8146C&index=113&t=0s,Kargin Haghordum sketch 112 (Hayko Mko),KarginTV,UCEHF-l2v0qhi_IXzrfc3uZg,268,20120628,818380,3826,,81.0,public,hy,"[""24""]","[""Kargin Haghordum"", ""Kargin haxordum"", ""Կարգին Հաղորդում"", ""Hayko Mko"", ""Armenian Humor"", ""Հայկո Մկո"", ""Հայկական Հումոր"", ""Hayko"", ""Mko"", ""Հյկո"", ""Մկո"", ""Kargin"", ""Կարգին"", ""Armenia Humor"", ""haykakan humor"", ""Armenian jokes"", ""HD"", ""humor"", ""Հումոր"", ""Kargin haxordum HD"", ""Kargin Haghordum HD"", ""Hayko Mko Kargin Haxordum"", ""jokes""]",,,,False,,,,"Կարգին Հաղորդում
Hayko Mko Armenian Humor
Հայկո Մկո Հայկական Հումոր",youtube,True,{},{},False,True,True,processed,sd,2d,rectangular,none,,0,api,2026-08-01T13:53:45+00:00,
A2TJpch1-tw,https://www.youtube.com/watch?v=A2TJpch1-tw,https://www.youtube.com/watch?v=A2TJpch1-tw&list=PLC4FFB3F0AFB8146C&index=114&t=0s,Kargin Haghordum sketch 113 (Hayko Mko),KarginTV,UCEHF-l2v0qhi_IXzrfc3uZg,197,20120628,202032,1171,,32.0,public,hy,"[""24""]","[""Kargin Haghordum"", ""Kargin haxordum"", ""Կարգին Հաղորդում"", ""Hayko Mko"", ""Armenian Humor"", ""Հայկո Մկո"", ""Հայկական Հումոր"", ""Hayko"", ""Mko"", ""Հյկո"", ""Մկո"", ""Kargin"", ""Կարգին"", ""Armenia Humor"", ""haykakan humor"", ""Armenian jokes"", ""HD"", ""humor"", ""Հումոր"", ""Kargin haxordum HD"", ""Kargin Haghordum HD"", ""Hayko Mko Kargin Haxordum"", ""jokes""]",,,,False,,,,"Կարգին Հաղորդում
Hayko Mko Armenian Humor
Հայկո Մկո Հայկական Հումոր",youtube,False,{},{},False,True,True,processed,sd,2d,rectangular,none,,0,api,2026-08-01T13:53:45+00:00,
4om4XkM1oFw,https://www.youtube.com/watch?v=4om4XkM1oFw,https://www.youtube.com/watch?v=4om4XkM1oFw&list=PLC4FFB3F0AFB8146C&index=115&t=0s,Kargin Haghordum sketch 114 (Hayko Mko),KarginTV,UCEHF-l2v0qhi_IXzrfc3uZg,100,20120628,117796,350,,4.0,public,hy,"[""24""]","[""Kargin Haghordum"", ""Kargin haxordum"", ""Կարգին Հաղորդում"", ""Hayko Mko"", ""Armenian Humor"", ""Հայկո Մկո"", ""Հայկական Հումոր"", ""Hayko"", ""Mko"", ""Հյկո"", ""Մկո"", ""Kargin"", ""Կարգին"", ""Armenia Humor"", ""haykakan humor"", ""Armenian jokes"", ""HD"", ""humor"", ""Հումոր"", ""Kargin haxordum HD"", ""Kargin Haghordum HD"", ""Hayko Mko Kargin Haxordum"", ""jokes""]",,,,False,,,,"Կարգին Հաղորդում
Hayko Mko Armenian Humor
Հայկո Մկո Հայկական Հումոր",youtube,True,{},{},False,True,True,processed,sd,2d,rectangular,none,,0,api,2026-08-01T13:53:45+00:00,
AflDz3lCrhk,https://www.youtube.com/watch?v=AflDz3lCrhk,https://www.youtube.com/watch?v=AflDz3lCrhk&list=PLC4FFB3F0AFB8146C&index=116&t=0s,Kargin Haghordum sketch 115 (Hayko Mko),KarginTV,UCEHF-l2v0qhi_IXzrfc3uZg,151,20120628,101973,290,,12.0,public,hy,"[""24""]","[""Kargin Haghordum"", ""Kargin haxordum"", ""Կարգին Հաղորդում"", ""Hayko Mko"", ""Armenian Humor"", ""Հայկո Մկո"", ""Հայկական Հումոր"", ""Hayko"", ""Mko"", ""Հյկո"", ""Մկո"", ""Kargin"", ""Կարգին"", ""Armenia Humor"", ""haykakan humor"", ""Armenian jokes"", ""HD"", ""humor"", ""Հումոր"", ""Kargin haxordum HD"", ""Kargin Haghordum HD"", ""Hayko Mko Kargin Haxordum"", ""jokes""]",,,,False,,,,"Կարգին Հաղորդում
Hayko Mko Armenian Humor
Հայկո Մկո Հայկական Հումոր",youtube,False,{},{},False,True,True,processed,sd,2d,rectangular,none,hy,0,api,2026-08-01T13:53:45+00:00,
be_Bps_kR2M,https://www.youtube.com/watch?v=be_Bps_kR2M,https://www.youtube.com/watch?v=be_Bps_kR2M&list=PLC4FFB3F0AFB8146C&index=117&t=0s,Kargin Haghordum sketch 116 (Hayko Mko),KarginTV,UCEHF-l2v0qhi_IXzrfc3uZg,152,20120628,82516,432,,4.0,public,hy,"[""24""]","[""Kargin Haghordum"", ""Kargin haxordum"", ""Կարգին Հաղորդում"", ""Hayko Mko"", ""Armenian Humor"", ""Հայկո Մկո"", ""Հայկական Հումոր"", ""Hayko"", ""Mko"", ""Հյկո"", ""Մկո"", ""Kargin"", ""Կարգին"", ""Armenia Humor"", ""haykakan humor"", ""Armenian jokes"", ""HD"", ""humor"", ""Հումոր"", ""Kargin haxordum HD"", ""Kargin Haghordum HD"", ""Hayko Mko Kargin Haxordum"", ""jokes""]",,,,False,,,,"Կարգին Հաղորդում
Hayko Mko Armenian Humor
Հայկո Մկո Հայկական Հումոր",youtube,True,{},{},False,True,True,processed,sd,2d,rectangular,none,,0,api,2026-08-01T13:53:45+00:00,
0iKAm_aZ7Og,https://www.youtube.com/watch?v=0iKAm_aZ7Og,https://www.youtube.com/watch?v=0iKAm_aZ7Og&list=PLC4FFB3F0AFB8146C&index=118&t=0s,Kargin Haghordum sketch 117 (Hayko Mko),KarginTV,UCEHF-l2v0qhi_IXzrfc3uZg,288,20120628,380502,1658,,58.0,public,hy,"[""24""]","[""Kargin Haghordum"", ""Kargin haxordum"", ""Կարգին Հաղորդում"", ""Hayko Mko"", ""Armenian Humor"", ""Հայկո Մկո"", ""Հայկական Հումոր"", ""Hayko"", ""Mko"", ""Հյկո"", ""Մկո"", ""Kargin"", ""Կարգին"", ""Armenia Humor"", ""haykakan humor"", ""Armenian jokes"", ""HD"", ""humor"", ""Հումոր"", ""Kargin haxordum HD"", ""Kargin Haghordum HD"", ""Hayko Mko Kargin Haxordum"", ""jokes""]",,,,False,,,,"Կարգին Հաղորդում 
Hayko Mko Armenian Humor
Հայկո Մկո Հայկական Հումոր",youtube,True,{},{},False,True,True,processed,sd,2d,rectangular,none,,0,api,2026-08-01T13:53:45+00:00,
S8bCsNnNnJE,https://www.youtube.com/watch?v=S8bCsNnNnJE,https://www.youtube.com/watch?v=S8bCsNnNnJE&list=PLC4FFB3F0AFB8146C&index=119&t=0s,Kargin Haghordum sketch 118 (Hayko Mko),KarginTV,UCEHF-l2v0qhi_IXzrfc3uZg,186,20120628,101233,393,,21.0,public,hy,"[""24""]","[""Kargin Haghordum"", ""Kargin haxordum"", ""Կարգին Հաղորդում"", ""Hayko Mko"", ""Armenian Humor"", ""Հայկո Մկո"", ""Հայկական Հումոր"", ""Hayko"", ""Mko"", ""Հյկո"", ""Մկո"", ""Kargin"", ""Կարգին"", ""Armenia Humor"", ""haykakan humor"", ""Armenian jokes"", ""HD"", ""humor"", ""Հումոր"", ""Kargin haxordum HD"", ""Kargin Haghordum HD"", ""Hayko Mko Kargin Haxordum"", ""jokes""]",,,,False,,,,"Կարգին Հաղորդում 
Hayko Mko Armenian Humor
Հայկո Մկո Հայկական Հումոր",youtube,False,"{""blocked"": [""RU""]}",{},False,True,True,processed,sd,2d,rectangular,none,,0,api,2026-08-01T13:53:45+00:00,
IvbvzjzEYmM,https://www.youtube.com/watch?v=IvbvzjzEYmM,https://www.youtube.com/watch?v=IvbvzjzEYmM&list=PLC4FFB3F0AFB8146C&index=120&t=0s,Kargin Haghordum sketch 119 (Hayko Mko),KarginTV,UCEHF-l2v0qhi_IXzrfc3uZg,292,20120628,250681,1445,,28.0,public,hy,"[""24""]","[""Kargin Haghordum"", ""Kargin haxordum"", ""Կարգին Հաղորդում"", ""Hayko Mko"", ""Armenian Humor"", ""Հայկո Մկո"", ""Հայկական Հումոր"", ""Hayko"", ""Mko"", ""Հյկո"", ""Մկո"", ""Kargin"", ""Կարգին"", ""Armenia Humor"", ""haykakan humor"", ""Armenian jokes"", ""HD"", ""humor"", ""Հումոր"", ""Kargin haxordum HD"", ""Kargin Haghordum HD"", ""Hayko Mko Kargin Haxordum"", ""jokes""]",,,,False,,,,"Կարգին Հաղորդում 
Hayko Mko Armenian Humor
Հայկո Մկո Հայկական Հումոր",youtube,False,{},{},False,True,True,processed,sd,2d,rectangular,none,,0,api,2026-08-01T13:53:45+00:00,
1knVCwhPp4A,https://www.youtube.com/watch?v=1knVCwhPp4A,https://www.youtube.com/watch?v=1knVCwhPp4A&list=PLC4FFB3F0AFB8146C&index=121&t=0s,Kargin Haghordum sketch 120 (Hayko Mko),KarginTV,UCEHF-l2v0qhi_IXzrfc3uZg,296,20120628,187330,622,,16.0,public,hy,"[""24""]","[""Kargin Haghordum"", ""Kargin haxordum"", ""Կարգին Հաղորդում"", ""Hayko Mko"", ""Armenian Humor"", ""Հայկո Մկո"", ""Հայկական Հումոր"", ""Hayko"", ""Mko"", ""Հյկո"", ""Մկո"", ""Kargin"", ""Կարգին"", ""Armenia Humor"", ""haykakan humor"", ""Armenian jokes"", ""HD"", ""humor"", ""Հումոր"", ""Kargin haxordum HD"", ""Kargin Haghordum HD"", ""Hayko Mko Kargin Haxordum"", ""jokes""]",,,,False,,,,"Կրագին Հաղորդում 
Hayko Mko Armenian Humor
Հայկո Մկո Հայկական Հումոր",youtube,False,{},{},False,True,True,processed,sd,2d,rectangular,none,,0,api,2026-08-01T13:53:45+00:00,
H-vL_9n6yVk,https://www.youtube.com/watch?v=H-vL_9n6yVk,https://www.youtube.com/watch?v=H-vL_9n6yVk&list=PLC4FFB3F0AFB8146C&index=122&t=0s,Kargin Haghordum sketch 121 (Hayko Mko),KarginTV,UCEHF-l2v0qhi_IXzrfc3uZg,170,20120628,111639,536,,13.0,public,hy,"[""24""]","[""Kargin Haghordum"", ""Kargin haxordum"", ""Կարգին Հաղորդում"", ""Hayko Mko"", ""Armenian Humor"", ""Հայկո Մկո"", ""Հայկական Հումոր"", ""Hayko"", ""Mko"", ""Հյկո"", ""Մկո"", ""Kargin"", ""Կարգին"", ""Armenia Humor"", ""haykakan humor"", ""Armenian jokes"", ""HD"", ""humor"", ""Հումոր"", ""Kargin haxordum HD"", ""Kargin Haghordum HD"", ""Hayko Mko Kargin Haxordum"", ""jokes""]",,,,False,,,,"Կրագին Հաղորդում 
Hayko Mko Armenian Humor
Հայկո Մկո Հայկական Հումոր",youtube,True,{},{},False,True,True,processed,sd,2d,rectangular,none,hy,0,api,2026-08-01T13:53:45+00:00,
fqeoB0CKcY4,https://www.youtube.com/watch?v=fqeoB0CKcY4,https://www.youtube.com/watch?v=fqeoB0CKcY4&list=PLC4FFB3F0AFB8146C&index=123&t=0s,Kargin Haghordum sketch 122 (Hayko Mko),KarginTV,UCEHF-l2v0qhi_IXzrfc3uZg,198,20120628,141043,452,,9.0,public,hy,"[""24""]","[""Kargin Haghordum"", ""Kargin haxordum"", ""Կարգին Հաղորդում"", ""Hayko Mko"", ""Armenian Humor"", ""Հայկո Մկո"", ""Հայկական Հումոր"", ""Hayko"", ""Mko"", ""Հյկո"", ""Մկո"", ""Kargin"", ""Կարգին"", ""Armenia Humor"", ""haykakan humor"", ""Armenian jokes"", ""HD"", ""humor"", ""Հումոր"", ""Kargin haxordum HD"", ""Kargin Haghordum HD"", ""Hayko Mko Kargin Haxordum"", ""jokes""]",,,,False,,,,"Կարգին Հաղորդում 
Hayko Mko Armenian Humor
Հայկո Մկո Հայկական Հումոր",youtube,True,{},{},False,True,True,processed,sd,2d,rectangular,none,,0,api,2026-08-01T13:53:45+00:00,
QVR7aa5cb5I,https://www.youtube.com/watch?v=QVR7aa5cb5I,https://www.youtube.com/watch?v=QVR7aa5cb5I&list=PLC4FFB3F0AFB8146C&index=124&t=0s,Kargin Haghordum sketch 123 (Hayko Mko),KarginTV,UCEHF-l2v0qhi_IXzrfc3uZg,156,20120628,177490,903,,20.0,public,hy,"[""24""]","[""Kargin Haghordum"", ""Kargin haxordum"", ""Կարգին Հաղորդում"", ""Hayko Mko"", ""Armenian Humor"", ""Հայկո Մկո"", ""Հայկական Հումոր"", ""Hayko"", ""Mko"", ""Հյկո"", ""Մկո"", ""Kargin"", ""Կարգին"", ""Armenia Humor"", ""haykakan humor"", ""Armenian jokes"", ""HD"", ""humor"", ""Հումոր"", ""Kargin haxordum HD"", ""Kargin Haghordum HD"", ""Hayko Mko Kargin Haxordum"", ""jokes""]",,,,False,,,,"Կարգին Հաղորդում
Hayko Mko Armenian Humor
Հայկո Մկո Հայկական Հումոր",youtube,True,{},{},False,True,True,processed,sd,2d,rectangular,none,,0,api,2026-08-01T13:53:45+00:00,
379BAt3RevQ,https://www.youtube.com/watch?v=379BAt3RevQ,https://www.youtube.com/watch?v=379BAt3RevQ&list=PLC4FFB3F0AFB8146C&index=125&t=0s,Kargin Haghordum sketch 124 (Hayko Mko),KarginTV,UCEHF-l2v0qhi_IXzrfc3uZg,226,20120628,469588,2530,,78.0,public,hy,"[""24""]","[""Kargin Haghordum"", ""Kargin haxordum"", ""Կարգին Հաղորդում"", ""Hayko Mko"", ""Armenian Humor"", ""Հայկո Մկո"", ""Հայկական Հումոր"", ""Hayko"", ""Mko"", ""Հյկո"", ""Մկո"", ""Kargin"", ""Կարգին"", ""Armenia Humor"", ""haykakan humor"", ""Armenian jokes"", ""HD"", ""humor"", ""Հումոր"", ""Kargin haxordum HD"", ""Kargin Haghordum HD"", ""Hayko Mko Kargin Haxordum"", ""jokes""]",,,,False,,,,"Կարգին Հաղորդում 
Hayko Mko Armenian Humor
Հայկո Մկո Հայկական Հումոր",youtube,True,{},{},False,True,True,processed,sd,2d,rectangular,none,,0,api,2026-08-01T13:53:45+00:00,
e3ZzwEC5pZ0,https://www.youtube.com/watch?v=e3ZzwEC5pZ0,https://www.youtube.com/watch?v=e3ZzwEC5pZ0&list=PLC4FFB3F0AFB8146C&index=126&t=0s,Kargin Haghordum sketch 125 (Hayko Mko),KarginTV,UCEHF-l2v0qhi_IXzrfc3uZg,199,20120628,3025111,7678,,219.0,public,hy,"[""24""]","[""Kargin Haghordum"", ""Kargin haxordum"", ""Կարգին Հաղորդում"", ""Hayko Mko"", ""Armenian Humor"", ""Հայկո Մկո"", ""Հայկական Հումոր"", ""Hayko"", ""Mko"", ""Հյկո"", ""Մկո"", ""Kargin"", ""Կարգին"", ""Armenia Humor"", ""haykakan humor"", ""Armenian jokes"", ""HD"", ""humor"", ""Հումոր"", ""Kargin haxordum HD"", ""Kargin Haghordum HD"", ""Hayko Mko Kargin Haxordum"", ""jokes""]",,,,False,,,,"Կարգին Հաղորդում 
Hayko Mko Armenian Humor
Հայկո Մկո Հայկական Հումոր",youtube,True,{},{},False,True,True,processed,sd,2d,rectangular,none,,0,api,2026-08-01T13:53:45+00:00,
c2e4SgVd2AU,https://www.youtube.com/watch?v=c2e4SgVd2AU,https://www.youtube.com/watch?v=c2e4SgVd2AU&list=PLC4FFB3F0AFB8146C&index=127&t=0s,Kargin Haghordum sketch 126 (Hayko Mko),KarginTV,UCEHF-l2v0qhi_IXzrfc3uZg,167,20120628,161116,1240,,36.0,public,hy,"[""24""]","[""Kargin Haghordum"", ""Kargin haxordum"", ""Կարգին Հաղորդում"", ""Hayko Mko"", ""Armenian Humor"", ""Հայկո Մկո"", ""Հայկական Հումոր"", ""Hayko"", ""Mko"", ""Հյկո"", ""Մկո"", ""Kargin"", ""Կարգին"", ""Armenia Humor"", ""haykakan humor"", ""Armenian jokes"", ""HD"", ""humor"", ""Հումոր"", ""Kargin haxordum HD"", ""Kargin Haghordum HD"", ""Hayko Mko Kargin Haxordum"", ""jokes""]",,,,False,,,,"Կարգին Հաղորդում
Hayko Mko Armenian Humor
Հայկո Մկո Հայկական Հումոր",youtube,True,{},{},False,True,True,processed,sd,2d,rectangular,none,,0,api,2026-08-01T13:53:45+00:00,
yzBeTsyR8ys,https://www.youtube.com/watch?v=yzBeTsyR8ys,https://www.youtube.com/watch?v=yzBeTsyR8ys&list=PLC4FFB3F0AFB8146C&index=128&t=0s,Kargin Haghordum sketch 127 (Hayko Mko),KarginTV,UCEHF-l2v0qhi_IXzrfc3uZg,207,20120628,62034,299,,16.0,public,hy,"[""24""]","[""Kargin Haghordum"", ""Kargin haxordum"", ""Կարգին Հաղորդում"", ""Hayko Mko"", ""Armenian Humor"", ""Հայկո Մկո"", ""Հայկական Հումոր"", ""Hayko"", ""Mko"", ""Հյկո"", ""Մկո"", ""Kargin"", ""Կարգին"", ""Armenia Humor"", ""haykakan humor"", ""Armenian jokes"", ""HD"", ""humor"", ""Հումոր"", ""Kargin haxordum HD"", ""Kargin Haghordum HD"", ""Hayko Mko Kargin Haxordum"", ""jokes""]",,,,False,,,,"Կարգին Հաղորդում 
Hayko Mko Armenian Humor
Հայկո Մկո Հայկական Հումոր",youtube,False,{},{},False,True,True,processed,sd,2d,rectangular,none,,0,api,2026-08-01T13:53:45+00:00,
Cx4bMlneeh8,https://www.youtube.com/watch?v=Cx4bMlneeh8,https://www.youtube.com/watch?v=Cx4bMlneeh8&list=PLC4FFB3F0AFB8146C&index=129&t=0s,Kargin Haghordum sketch 128 (Hayko Mko),KarginTV,UCEHF-l2v0qhi_IXzrfc3uZg,182,20120628,42842,160,,6.0,public,hy,"[""24""]","[""Kargin Haghordum"", ""Kargin haxordum"", ""Կարգին Հաղորդում"", ""Hayko Mko"", ""Armenian Humor"", ""Հայկո Մկո"", ""Հայկական Հումոր"", ""Hayko"", ""Mko"", ""Հյկո"", ""Մկո"", ""Kargin"", ""Կարգին"", ""Armenia Humor"", ""haykakan humor"", ""Armenian jokes"", ""HD"", ""humor"", ""Հումոր"", ""Kargin haxordum HD"", ""Kargin Haghordum HD"", ""Hayko Mko Kargin Haxordum"", ""jokes""]",,,,False,,,,"Կարգին Հաղորդում 
Hayko Mko Armenian Humor
Հայկո Մկո Հայկական Հումոր",youtube,True,{},{},False,True,True,processed,sd,2d,rectangular,none,,0,api,2026-08-01T13:53:45+00:00,
uObBR5ju488,https://www.youtube.com/watch?v=uObBR5ju488,https://www.youtube.com/watch?v=uObBR5ju488&list=PLC4FFB3F0AFB8146C&index=130&t=0s,Kargin Haghordum sketch 129 (Hayko Mko),KarginTV,UCEHF-l2v0qhi_IXzrfc3uZg,151,20121227,380087,1745,,35.0,public,hy,"[""24""]","[""Kargin Haghordum"", ""Kargin haxordum"", ""Կարգին Հաղորդում"", ""Hayko Mko"", ""Armenian Humor"", ""Հայկո Մկո"", ""Հայկական Հումոր"", ""Hayko"", ""Mko"", ""Հյկո"", ""Մկո"", ""Kargin"", ""Կարգին"", ""Armenia Humor"", ""haykakan humor"", ""Armenian jokes"", ""HD"", ""humor"", ""Հումոր"", ""Kargin haxordum HD"", ""Kargin Haghordum HD"", ""Hayko Mko Kargin Haxordum"", ""jokes"", ""Humour (Literary Genre)"", ""Armenia (Country)""]",,,,False,,,,"Կարգին Հաղորդում  
Hayko Mko Armenian Humor 
Հայկո Մկո Հայկական Հումոր",youtube,False,{},{},False,True,True,processed,hd,2d,rectangular,none,,0,api,2026-08-01T13:53:45+00:00,
D5ghxWk70u4,https://www.youtube.com/watch?v=D5ghxWk70u4,https://www.youtube.com/watch?v=D5ghxWk70u4&list=PLC4FFB3F0AFB8146C&index=131&t=0s,Kargin Haghordum sketch 130 (Hayko Mko),KarginTV,UCEHF-l2v0qhi_IXzrfc3uZg,94,20121227,2305707,8640,,133.0,public,hy,"[""24""]","[""Kargin Haghordum"", ""Kargin haxordum"", ""Կարգին Հաղորդում"", ""Hayko Mko"", ""Armenian Humor"", ""Հայկո Մկո"", ""Հայկական Հումոր"", ""Hayko"", ""Mko"", ""Հյկո"", ""Մկո"", ""Kargin"", ""Կարգին"", ""Armenia Humor"", ""haykakan humor"", ""Armenian jokes"", ""HD"", ""humor"", ""Հումոր"", ""Kargin haxordum HD"", ""Kargin Haghordum HD"", ""Hayko Mko Kargin Haxordum"", ""jokes""]",,,,False,,,,"Կարգին Հաղորդում  
Hayko Mko Armenian Humor 
Հայկո Մկո Հայկական Հումոր",youtube,True,{},{},False,True,True,processed,hd,2d,rectangular,none,,0,api,2026-08-01T13:53:45+00:00,
l6xts0RYR_k,https://www.youtube.com/watch?v=l6xts0RYR_k,https://www.youtube.com/watch?v=l6xts0RYR_k&list=PLC4FFB3F0AFB8146C&index=132&t=0s,Kargin Haghordum sketch 131 (Hayko Mko),KarginTV,UCEHF-l2v0qhi_IXzrfc3uZg,109,20121227,484461,2776,,36.0,public,hy,"[""24""]","[""Kargin Haghordum"", ""Kargin haxordum"", ""Կարգին Հաղորդում"", ""Hayko Mko"", ""Armenian Humor"", ""Հայկո Մկո"", ""Հայկական Հումոր"", ""Hayko"", ""Mko"", ""Հյկո"", ""Մկո"", ""Kargin"", ""Կարգին"", ""Armenia Humor"", ""haykakan humor"", ""Armenian jokes"", ""HD"", ""humor"", ""Հումոր"", ""Kargin haxordum HD"", ""Kargin Haghordum HD"", ""Hayko Mko Kargin Haxordum"", ""jokes""]",,,,False,,,,"Կարգին Հաղորդում  
Hayko Mko Armenian Humor 
Հայկո Մկո Հայկական Հումոր",youtube,True,{},{},False,True,True,processed,hd,2d,rectangular,none,,0,api,2026-08-01T13:53:45+00:00,
HW_cVMBa8bU,https://www.youtube.com/watch?v=HW_cVMBa8bU,https://www.youtube.com/watch?v=HW_cVMBa8bU&list=PLC4FFB3F0AFB8146C&index=133&t=0s,Kargin Haghordum sketch 132 (Hayko Mko),KarginTV,UCEHF-l2v0qhi_IXzrfc3uZg,126,20121227,301146,1625,,11.0,public,hy,"[""24""]","[""Kargin Haghordum"", ""Kargin haxordum"", ""Կարգին Հաղորդում"", ""Hayko Mko"", ""Armenian Humor"", ""Հայկո Մկո"", ""Հայկական Հումոր"", ""Hayko"", ""Mko"", ""Հյկո"", ""Մկո"", ""Kargin"", ""Կարգին"", ""Armenia Humor"", ""haykakan humor"", ""Armenian jokes"", ""HD"", ""humor"", ""Հումոր"", ""Kargin haxordum HD"", ""Kargin Haghordum HD"", ""Hayko Mko Kargin Haxordum"", ""jokes""]",,,,False,,,,"Կարգին Հաղորդում  
Hayko Mko Armenian Humor 
Հայկո Մկո Հայկական Հումոր",youtube,False,{},{},False,True,True,processed,hd,2d,rectangular,none,,0,api,2026-08-01T13:53:45+00:00,
ow1FfDmKv6c,https://www.youtube.com/watch?v=ow1FfDmKv6c,https://www.youtube.com/watch?v=ow1FfDmKv6c&list=PLC4FFB3F0AFB8146C&index=134&t=0s,Kargin Haghordum sketch 133 (Hayko Mko),KarginTV,UCEHF-l2v0qhi_IXzrfc3uZg,245,20121227,556383,2707,,43.0,public,hy,"[""24""]","[""Kargin Haghordum"", ""Kargin haxordum"", ""Կարգին Հաղորդում"", ""Hayko Mko"", ""Armenian Humor"", ""Հայկո Մկո"", ""Հայկական Հումոր"", ""Hayko"", ""Mko"", ""Հյկո"", ""Մկո"", ""Kargin"", ""Կարգին"", ""Armenia Humor"", ""haykakan humor"", ""Armenian jokes"", ""HD"", ""humor"", ""Հումոր"", ""Kargin haxordum HD"", ""Kargin Haghordum HD"", ""Hayko Mko Kargin Haxordum"", ""jokes""]",,,,False,,,,"Կարգին Հաղորդում  
Hayko Mko Armenian Humor 
Հայկո Մկո Հայկական Հումոր",youtube,True,{},{},False,True,True,processed,hd,2d,rectangular,none,,0,api,2026-08-01T13:53:45+00:00,
HrjZOMeOMzw,https://www.youtube.com/watch?v=HrjZOMeOMzw,https://www.youtube.com/watch?v=HrjZOMeOMzw&list=PLC4FFB3F0AFB8146C&index=135&t=0s,Kargin Haghordum sketch 134 (Hayko Mko),KarginTV,UCEHF-l2v0qhi_IXzrfc3uZg,124,20121227,413530,3565,,66.0,public,hy,"[""24""]","[""Kargin Haghordum"", ""Kargin haxordum"", ""Կարգին Հաղորդում"", ""Hayko Mko"", ""Armenian Humor"", ""Հայկո Մկո"", ""Հայկական Հումոր"", ""Hayko"", ""Mko"", ""Հյկո"", ""Մկո"", ""Kargin"", ""Կարգին"", ""Armenia Humor"", ""haykakan humor"", ""Armenian jokes"", ""HD"", ""humor"", ""Հումոր"", ""Kargin haxordum HD"", ""Kargin Haghordum HD"", ""Hayko Mko Kargin Haxordum"", ""jokes""]",,,,False,,,,"Կարգին Հաղորդում  
Hayko Mko Armenian Humor 
Հայկո Մկո Հայկական Հումոր",youtube,True,{},{},False,True,True,processed,hd,2d,rectangular,none,,0,api,2026-08-01T13:53:45+00:00,
mvt-WTopZbM,https://www.youtube.com/watch?v=mvt-WTopZbM,https://www.youtube.com/watch?v=mvt-WTopZbM&list=PLC4FFB3F0AFB8146C&index=136&t=0s,Kargin Haghordum sketch 135 (Hayko Mko),KarginTV,UCEHF-l2v0qhi_IXzrfc3uZg,205,20121227,341979,1676,,18.0,public,hy,"[""24""]","[""Kargin Haghordum"", ""Kargin haxordum"", ""Կարգին Հաղորդում"", ""Hayko Mko"", ""Armenian Humor"", ""Հայկո Մկո"", ""Հայկական Հումոր"", ""Hayko"", ""Mko"", ""Հյկո"", ""Մկո"", ""Kargin"", ""Կարգին"", ""Armenia Humor"", ""haykakan humor"", ""Armenian jokes"", ""HD"", ""humor"", ""Հումոր"", ""Kargin haxordum HD"", ""Kargin Haghordum HD"", ""Hayko Mko Kargin Haxordum"", ""jokes""]",,,,False,,,,"Կարգին Հաղորդում  
Hayko Mko Armenian Humor 
Հայկո Մկո Հայկական Հումոր",youtube,True,{},{},False,True,True,processed,hd,2d,rectangular,none,,0,api,2026-08-01T13:53:45+00:00,
6iR5oe-tj3g,https://www.youtube.com/watch?v=6iR5oe-tj3g,https://www.youtube.com/watch?v=6iR5oe-tj3g&list=PLC4FFB3F0AFB8146C&index=137&t=0s,Kargin Haghordum sketch 136 (Hayko Mko),KarginTV,UCEHF-l2v0qhi_IXzrfc3uZg,141,20121227,427467,2202,,47.0,public,hy,"[""24""]","[""Kargin Haghordum"", ""Kargin haxordum"", ""Կարգին Հաղորդում"", ""Hayko Mko"", ""Armenian Humor"", ""Հայկո Մկո"", ""Հայկական Հումոր"", ""Hayko"", ""Mko"", ""Հյկո"", ""Մկո"", ""Kargin"", ""Կարգին"", ""Armenia Humor"", ""haykakan humor"", ""Armenian jokes"", ""HD"", ""humor"", ""Հումոր"", ""Kargin haxordum HD"", ""Kargin Haghordum HD"", ""Hayko Mko Kargin Haxordum"", ""jokes""]",,,,False,,,,"Կարգին Հաղորդում  
Hayko Mko Armenian Humor 
Հայկո Մկո Հայկական Հումոր",youtube,True,{},{},False,True,True,processed,hd,2d,rectangular,none,,0,api,2026-08-01T13:53:45+00:00,
aOZ3vbc1iFA,https://www.youtube.com/watch?v=aOZ3vbc1iFA,https://www.youtube.com/watch?v=aOZ3vbc1iFA&list=PLC4FFB3F0AFB8146C&index=138&t=0s,Kargin Haghordum sketch 137 (Hayko Mko),KarginTV,UCEHF-l2v0qhi_IXzrfc3uZg,238,20121227,291388,1606,,45.0,public,hy,"[""24""]","[""Kargin Haghordum"", ""Kargin haxordum"", ""Կարգին Հաղորդում"", ""Hayko Mko"", ""Armenian Humor"", ""Հայկո Մկո"", ""Հայկական Հումոր"", ""Hayko"", ""Mko"", ""Հյկո"", ""Մկո"", ""Kargin"", ""Կարգին"", ""Armenia Humor"", ""haykakan humor"", ""Armenian jokes"", ""HD"", ""humor"", ""Հումոր"", ""Kargin haxordum HD"", ""Kargin Haghordum HD"", ""Hayko Mko Kargin Haxordum"", ""jokes""]",,,,False,,,,"Կարգին Հաղորդում  
Hayko Mko Armenian Humor 
Հայկո Մկո Հայկական Հումոր",youtube,False,{},{},False,True,True,processed,hd,2d,rectangular,none,,0,api,2026-08-01T13:53:45+00:00,
ZRx834p4chA,https://www.youtube.com/watch?v=ZRx834p4chA,https://www.youtube.com/watch?v=ZRx834p4chA&list=PLC4FFB3F0AFB8146C&index=139&t=0s,Kargin Haghordum sketch 138 (Hayko Mko),KarginTV,UCEHF-l2v0qhi_IXzrfc3uZg,337,20121227,785795,4818,,145.0,public,hy,"[""24""]","[""Kargin Haghordum"", ""Kargin haxordum"", ""Կարգին Հաղորդում"", ""Hayko Mko"", ""Armenian Humor"", ""Հայկո Մկո"", ""Հայկական Հումոր"", ""Hayko"", ""Mko"", ""Հյկո"", ""Մկո"", ""Kargin"", ""Կարգին"", ""Armenia Humor"", ""haykakan humor"", ""Armenian jokes"", ""HD"", ""humor"", ""Հումոր"", ""Kargin haxordum HD"", ""Kargin Haghordum HD"", ""Hayko Mko Kargin Haxordum"", ""jokes""]",,,,False,,,,"Կարգին Հաղորդում  
Hayko Mko Armenian Humor 
Հայկո Մկո Հայկական Հումոր",youtube,True,{},{},False,True,True,processed,hd,2d,rectangular,none,,0,api,2026-08-01T13:53:45+00:00,
cbR5i3gj684,https://www.youtube.com/watch?v=cbR5i3gj684,https://www.youtube.com/watch?v=cbR5i3gj684&list=PLC4FFB3F0AFB8146C&index=140&t=0s,Kargin Haghordum sketch 139 (Hayko Mko),KarginTV,UCEHF-l2v0qhi_IXzrfc3uZg,225,20121227,314722,2237,,37.0,public,hy,"[""24""]","[""Kargin Haghordum"", ""Kargin haxordum"", ""Կարգին Հաղորդում"", ""Hayko Mko"", ""Armenian Humor"", ""Հայկո Մկո"", ""Հայկական Հումոր"", ""Hayko"", ""Mko"", ""Հյկո"", ""Մկո"", ""Kargin"", ""Կարգին"", ""Armenia Humor"", ""haykakan humor"", ""Armenian jokes"", ""HD"", ""humor"", ""Հումոր"", ""Kargin haxordum HD"", ""Kargin Haghordum HD"", ""Hayko Mko Kargin Haxordum"", ""jokes""]",,,,False,,,,"Կարգին Հաղորդում  
Hayko Mko Armenian Humor 
Հայկո Մկո Հայկական Հումոր",youtube,True,{},{},False,True,True,processed,hd,2d,rectangular,none,,0,api,2026-08-01T13:53:45+00:00,
Khc_Ct08b9k,https://www.youtube.com/watch?v=Khc_Ct08b9k,https://www.youtube.com/watch?v=Khc_Ct08b9k&list=PLC4FFB3F0AFB8146C&index=142&t=0s,Kargin Haghordum sketch 141 (Hayko Mko),KarginTV,UCEHF-l2v0qhi_IXzrfc3uZg,129,20121227,550446,2560,,46.0,public,hy,"[""24""]","[""Kargin Haghordum"", ""Kargin haxordum"", ""Կարգին Հաղորդում"", ""Hayko Mko"", ""Armenian Humor"", ""Հայկո Մկո"", ""Հայկական Հումոր"", ""Hayko"", ""Mko"", ""Հյկո"", ""Մկո"", ""Kargin"", ""Կարգին"", ""Armenia Humor"", ""haykakan humor"", ""Armenian jokes"", ""HD"", ""humor"", ""Հումոր"", ""Kargin haxordum HD"", ""Kargin Haghordum HD"", ""Hayko Mko Kargin Haxordum"", ""jokes""]",,,,False,,,,"Կարգին Հաղորդում  
Hayko Mko Armenian Humor 
Հայկո Մկո Հայկական Հումոր",youtube,True,{},{},False,True,True,processed,hd,2d,rectangular,none,,0,api,2026-08-01T13:53:45+00:00,
dwXDsd5eBsE,https://www.youtube.com/watch?v=dwXDsd5eBsE,https://www.youtube.com/watch?v=dwXDsd5eBsE&list=PLC4FFB3F0AFB8146C&index=144&t=0s,Kargin Haghordum sketch 143 (Hayko Mko),KarginTV,UCEHF-l2v0qhi_IXzrfc3uZg,116,20121227,246287,1394,,28.0,public,hy,"[""24""]","[""Kargin Haghordum"", ""Kargin haxordum"", ""Կարգին Հաղորդում"", ""Hayko Mko"", ""Armenian Humor"", ""Հայկո Մկո"", ""Հայկական Հումոր"", ""Hayko"", ""Mko"", ""Հյկո"", ""Մկո"", ""Kargin"", ""Կարգին"", ""Armenia Humor"", ""haykakan humor"", ""Armenian jokes"", ""HD"", ""humor"", ""Հումոր"", ""Kargin haxordum HD"", ""Kargin Haghordum HD"", ""Hayko Mko Kargin Haxordum"", ""jokes""]",,,,False,,,,"Կարգին Հաղորդում  
Hayko Mko Armenian Humor 
Հայկո Մկո Հայկական Հումոր",youtube,True,{},{},False,True,True,processed,hd,2d,rectangular,none,,0,api,2026-08-01T13:53:45+00:00,
WuzT_vKu-u4,https://www.youtube.com/watch?v=WuzT_vKu-u4,https://www.youtube.com/watch?v=WuzT_vKu-u4&list=PLC4FFB3F0AFB8146C&index=149&t=0s,Kargin Haghordum sketch 148 (Hayko Mko),KarginTV,UCEHF-l2v0qhi_IXzrfc3uZg,173,20121227,701205,4664,,89.0,public,hy,"[""24""]","[""Kargin Haghordum"", ""Kargin haxordum"", ""Կարգին Հաղորդում"", ""Hayko Mko"", ""Armenian Humor"", ""Հայկո Մկո"", ""Հայկական Հումոր"", ""Hayko"", ""Mko"", ""Հյկո"", ""Մկո"", ""Kargin"", ""Կարգին"", ""Armenia Humor"", ""haykakan humor"", ""Armenian jokes"", ""HD"", ""humor"", ""Հումոր"", ""Kargin haxordum HD"", ""Kargin Haghordum HD"", ""Hayko Mko Kargin Haxordum"", ""jokes""]",,,,False,,,,"Կարգին Հաղորդում  
Hayko Mko Armenian Humor 
Հայկո Մկո Հայկական Հումոր",youtube,True,{},{},False,True,True,processed,hd,2d,rectangular,none,,0,api,2026-08-01T13:53:45+00:00,
Rf1XdRbItq4,https://www.youtube.com/watch?v=Rf1XdRbItq4,https://www.youtube.com/watch?v=Rf1XdRbItq4&list=PLC4FFB3F0AFB8146C&index=150&t=0s,Kargin Haghordum sketch 149 (Hayko Mko),KarginTV,UCEHF-l2v0qhi_IXzrfc3uZg,164,20121227,230670,1101,,19.0,public,hy,"[""24""]","[""Kargin Haghordum"", ""Kargin haxordum"", ""Կարգին Հաղորդում"", ""Hayko Mko"", ""Armenian Humor"", ""Հայկո Մկո"", ""Հայկական Հումոր"", ""Hayko"", ""Mko"", ""Հյկո"", ""Մկո"", ""Kargin"", ""Կարգին"", ""Armenia Humor"", ""haykakan humor"", ""Armenian jokes"", ""HD"", ""humor"", ""Հումոր"", ""Kargin haxordum HD"", ""Kargin Haghordum HD"", ""Hayko Mko Kargin Haxordum"", ""jokes""]",,,,False,,,,"Կարգին Հաղորդում  
Hayko Mko Armenian Humor 
Հայկո Մկո Հայկական Հումոր",youtube,True,{},{},False,True,True,processed,hd,2d,rectangular,none,,0,api,2026-08-01T13:53:45+00:00,
XrCXyZfs3qE,https://www.youtube.com/watch?v=XrCXyZfs3qE,https://www.youtube.com/watch?v=XrCXyZfs3qE&list=PLC4FFB3F0AFB8146C&index=151&t=0s,Kargin Haghordum sketch 150 (Hayko Mko),KarginTV,UCEHF-l2v0qhi_IXzrfc3uZg,144,20121227,282822,1893,,38.0,public,hy,"[""24""]","[""Kargin Haghordum"", ""Kargin haxordum"", ""Կարգին Հաղորդում"", ""Hayko Mko"", ""Armenian Humor"", ""Հայկո Մկո"", ""Հայկական Հումոր"", ""Hayko"", ""Mko"", ""Հյկո"", ""Մկո"", ""Kargin"", ""Կարգին"", ""Armenia Humor"", ""haykakan humor"", ""Armenian jokes"", ""HD"", ""humor"", ""Հումոր"", ""Kargin haxordum HD"", ""Kargin Haghordum HD"", ""Hayko Mko Kargin Haxordum"", ""jokes""]",,,,False,,,,"Կարգին Հաղորդում  
Hayko Mko Armenian Humor 
Հայկո Մկո Հայկական Հումոր",youtube,False,{},{},False,True,True,processed,hd,2d,rectangular,none,,0,api,2026-08-01T13:53:45+00:00,
9waE9oRnddw,https://www.youtube.com/watch?v=9waE9oRnddw,https://www.youtube.com/watch?v=9waE9oRnddw&list=PLC4FFB3F0AFB8146C&index=152&t=0s,Kargin Haghordum sketch 151 (Hayko Mko),KarginTV,UCEHF-l2v0qhi_IXzrfc3uZg,164,20121227,534461,3906,,83.0,public,hy,"[""24""]","[""Kargin Haghordum"", ""Kargin haxordum"", ""Կարգին Հաղորդում"", ""Hayko Mko"", ""Armenian Humor"", ""Հայկո Մկո"", ""Հայկական Հումոր"", ""Hayko"", ""Mko"", ""Հյկո"", ""Մկո"", ""Kargin"", ""Կարգին"", ""Armenia Humor"", ""haykakan humor"", ""Armenian jokes"", ""HD"", ""humor"", ""Հումոր"", ""Kargin haxordum HD"", ""Kargin Haghordum HD"", ""Hayko Mko Kargin Haxordum"", ""jokes""]",,,,False,,,,"Կարգին Հաղորդում  
Hayko Mko Armenian Humor 
Հայկո Մկո Հայկական Հումոր",youtube,True,{},{},False,True,True,processed,hd,2d,rectangular,none,,0,api,2026-08-01T13:53:45+00:00,
oguQU4NqIKM,https://www.youtube.com/watch?v=oguQU4NqIKM,https://www.youtube.com/watch?v=oguQU4NqIKM&list=PLC4FFB3F0AFB8146C&index=153&t=0s,Kargin Haghordum sketch 152 (Hayko Mko),KarginTV,UCEHF-l2v0qhi_IXzrfc3uZg,250,20121227,448033,2556,,44.0,public,hy,"[""24""]","[""Kargin Haghordum"", ""Kargin haxordum"", ""Կարգին Հաղորդում"", ""Hayko Mko"", ""Armenian Humor"", ""Հայկո Մկո"", ""Հայկական Հումոր"", ""Hayko"", ""Mko"", ""Հյկո"", ""Մկո"", ""Kargin"", ""Կարգին"", ""Armenia Humor"", ""haykakan humor"", ""Armenian jokes"", ""HD"", ""humor"", ""Հումոր"", ""Kargin haxordum HD"", ""Kargin Haghordum HD"", ""Hayko Mko Kargin Haxordum"", ""jokes""]",,,,False,,,,"Կարգին Հաղորդում  
Hayko Mko Armenian Humor 
Հայկո Մկո Հայկական Հումոր",youtube,True,{},{},False,True,True,processed,hd,2d,rectangular,none,,0,api,2026-08-01T13:53:45+00:00,
mHr8lcIK5AI,https://www.youtube.com/watch?v=mHr8lcIK5AI,https://www.youtube.com/watch?v=mHr8lcIK5AI&list=PLC4FFB3F0AFB8146C&index=154&t=0s,Kargin Haghordum sketch 153 (Hayko Mko),KarginTV,UCEHF-l2v0qhi_IXzrfc3uZg,254,20121227,511725,2512,,34.0,public,hy,"[""24""]","[""Kargin Haghordum"", ""Kargin haxordum"", ""Կարգին Հաղորդում"", ""Hayko Mko"", ""Armenian Humor"", ""Հայկո Մկո"", ""Հայկական Հումոր"", ""Hayko"", ""Mko"", ""Հյկո"", ""Մկո"", ""Kargin"", ""Կարգին"", ""Armenia Humor"", ""haykakan humor"", ""Armenian jokes"", ""HD"", ""humor"", ""Հումոր"", ""Kargin haxordum HD"", ""Kargin Haghordum HD"", ""Hayko Mko Kargin Haxordum"", ""jokes""]",,,,False,,,,"Կարգին Հաղորդում  
Hayko Mko Armenian Humor 
Հայկո Մկո Հայկական Հումոր",youtube,True,{},{},False,True,True,processed,hd,2d,rectangular,none,,0,api,2026-08-01T13:53:45+00:00,
9UhfhxILg4o,https://www.youtube.com/watch?v=9UhfhxILg4o,https://www.youtube.com/watch?v=9UhfhxILg4o&list=PLC4FFB3F0AFB8146C&index=155&t=0s,Kargin Haghordum sketch 154 (Hayko Mko),KarginTV,UCEHF-l2v0qhi_IXzrfc3uZg,237,20121227,524729,2850,,62.0,public,hy,"[""24""]","[""Kargin Haghordum"", ""Kargin haxordum"", ""Կարգին Հաղորդում"", ""Hayko Mko"", ""Armenian Humor"", ""Հայկո Մկո"", ""Հայկական Հումոր"", ""Hayko"", ""Mko"", ""Հյկո"", ""Մկո"", ""Kargin"", ""Կարգին"", ""Armenia Humor"", ""haykakan humor"", ""Armenian jokes"", ""HD"", ""humor"", ""Հումոր"", ""Kargin haxordum HD"", ""Kargin Haghordum HD"", ""Hayko Mko Kargin Haxordum"", ""jokes""]",,,,False,,,,"Կարգին Հաղորդում  
Hayko Mko Armenian Humor 
Հայկո Մկո Հայկական Հումոր",youtube,True,{},{},False,True,True,processed,hd,2d,rectangular,none,,0,api,2026-08-01T13:53:47+00:00,
SyfTHFAZynE,https://www.youtube.com/watch?v=SyfTHFAZynE,https://www.youtube.com/watch?v=SyfTHFAZynE&list=PLC4FFB3F0AFB8146C&index=156&t=0s,Kargin Haghordum sketch 155 (Hayko Mko),KarginTV,UCEHF-l2v0qhi_IXzrfc3uZg,84,20121227,180247,761,,9.0,public,hy,"[""24""]","[""Kargin Haghordum"", ""Kargin haxordum"", ""Կարգին Հաղորդում"", ""Hayko Mko"", ""Armenian Humor"", ""Հայկո Մկո"", ""Հայկական Հումոր"", ""Hayko"", ""Mko"", ""Հյկո"", ""Մկո"", ""Kargin"", ""Կարգին"", ""Armenia Humor"", ""haykakan humor"", ""Armenian jokes"", ""HD"", ""humor"", ""Հումոր"", ""Kargin haxordum HD"", ""Kargin Haghordum HD"", ""Hayko Mko Kargin Haxordum"", ""jokes""]",,,,False,,,,"Կարգին Հաղորդում  
Hayko Mko Armenian Humor 
Հայկո Մկո Հայկական Հումոր",youtube,False,{},{},False,True,True,processed,hd,2d,rectangular,none,,0,api,2026-08-01T13:53:47+00:00,
417TLKVD54U,https://www.youtube.com/watch?v=417TLKVD54U,https://www.youtube.com/watch?v=417TLKVD54U&list=PLC4FFB3F0AFB8146C&index=157&t=0s,Kargin Haghordum sketch 156 (Hayko Mko),KarginTV,UCEHF-l2v0qhi_IXzrfc3uZg,203,20121227,634516,3893,,64.0,public,hy,"[""24""]","[""Kargin Haghordum"", ""Kargin haxordum"", ""Կարգին Հաղորդում"", ""Hayko Mko"", ""Armenian Humor"", ""Հայկո Մկո"", ""Հայկական Հումոր"", ""Hayko"", ""Mko"", ""Հյկո"", ""Մկո"", ""Kargin"", ""Կարգին"", ""Armenia Humor"", ""haykakan humor"", ""Armenian jokes"", ""HD"", ""humor"", ""Հումոր"", ""Kargin haxordum HD"", ""Kargin Haghordum HD"", ""Hayko Mko Kargin Haxordum"", ""jokes""]",,,,False,,,,"Կարգին Հաղորդում  
Hayko Mko Armenian Humor 
Հայկո Մկո Հայկական Հումոր",youtube,True,{},{},False,True,True,processed,hd,2d,rectangular,none,,0,api,2026-08-01T13:53:47+00:00,
e348pjjIcWE,https://www.youtube.com/watch?v=e348pjjIcWE,https://www.youtube.com/watch?v=e348pjjIcWE&list=PLC4FFB3F0AFB8146C&index=158&t=0s,Kargin Haghordum sketch 157 (Hayko Mko),KarginTV,UCEHF-l2v0qhi_IXzrfc3uZg,198,20121227,275204,1743,,40.0,public,hy,"[""24""]","[""Kargin Haghordum"", ""Kargin haxordum"", ""Կարգին Հաղորդում"", ""Hayko Mko"", ""Armenian Humor"", ""Հայկո Մկո"", ""Հայկական Հումոր"", ""Hayko"", ""Mko"", ""Հյկո"", ""Մկո"", ""Kargin"", ""Կարգին"", ""Armenia Humor"", ""haykakan humor"", ""Armenian jokes"", ""HD"", ""humor"", ""Հումոր"", ""Kargin haxordum HD"", ""Kargin Haghordum HD"", ""Hayko Mko Kargin Haxordum"", ""jokes""]",,,,False,,,,"Կարգին Հաղորդում  
Hayko Mko Armenian Humor 
Հայկո Մկո Հայկական Հումոր",youtube,True,{},{},False,True,True,processed,hd,2d,rectangular,none,,0,api,2026-08-01T13:53:47+00:00,
udiaDq37-_E,https://www.youtube.com/watch?v=udiaDq37-_E,https://www.youtube.com/watch?v=udiaDq37-_E&list=PLC4FFB3F0AFB8146C&index=159&t=0s,Kargin Haghordum sketch 158 (Hayko Mko),KarginTV,UCEHF-l2v0qhi_IXzrfc3uZg,84,20121227,204208,1643,,16.0,public,hy,"[""24""]","[""Kargin Haghordum"", ""Kargin haxordum"", ""Կարգին Հաղորդում"", ""Hayko Mko"", ""Armenian Humor"", ""Հայկո Մկո"", ""Հայկական Հումոր"", ""Hayko"", ""Mko"", ""Հյկո"", ""Մկո"", ""Kargin"", ""Կարգին"", ""Armenia Humor"", ""haykakan humor"", ""Armenian jokes"", ""HD"", ""humor"", ""Հումոր"", ""Kargin haxordum HD"", ""Kargin Haghordum HD"", ""Hayko Mko Kargin Haxordum"", ""jokes""]",,,,False,,,,"Կարգին Հաղորդում  
Hayko Mko Armenian Humor 
Հայկո Մկո Հայկական Հումոր",youtube,True,{},{},False,True,True,processed,hd,2d,rectangular,none,,0,api,2026-08-01T13:53:47+00:00,
P4FOCwZYSnk,https://www.youtube.com/watch?v=P4FOCwZYSnk,https://www.youtube.com/watch?v=P4FOCwZYSnk&list=PLC4FFB3F0AFB8146C&index=160&t=0s,Kargin Haghordum sketch 159 (Hayko Mko),KarginTV,UCEHF-l2v0qhi_IXzrfc3uZg,220,20121227,769829,4098,,112.0,public,hy,"[""24""]","[""Kargin Haghordum"", ""Kargin haxordum"", ""Կարգին Հաղորդում"", ""Hayko Mko"", ""Armenian Humor"", ""Հայկո Մկո"", ""Հայկական Հումոր"", ""Hayko"", ""Mko"", ""Հյկո"", ""Մկո"", ""Kargin"", ""Կարգին"", ""Armenia Humor"", ""haykakan humor"", ""Armenian jokes"", ""HD"", ""humor"", ""Հումոր"", ""Kargin haxordum HD"", ""Kargin Haghordum HD"", ""Hayko Mko Kargin Haxordum"", ""jokes""]",,,,False,,,,"Կարգին Հաղորդում  
Hayko Mko Armenian Humor 
Հայկո Մկո Հայկական Հումոր",youtube,False,"{""blocked"": [""RU""]}",{},False,True,True,processed,hd,2d,rectangular,none,,0,api,2026-08-01T13:53:47+00:00,
yR5uv3YX0yk,https://www.youtube.com/watch?v=yR5uv3YX0yk,https://www.youtube.com/watch?v=yR5uv3YX0yk&list=PLC4FFB3F0AFB8146C&index=161&t=0s,Kargin Haghordum sketch 160 (Hayko Mko),KarginTV,UCEHF-l2v0qhi_IXzrfc3uZg,112,20121227,221865,909,,18.0,public,hy,"[""24""]","[""Kargin Haghordum"", ""Kargin haxordum"", ""Կարգին Հաղորդում"", ""Hayko Mko"", ""Armenian Humor"", ""Հայկո Մկո"", ""Հայկական Հումոր"", ""Hayko"", ""Mko"", ""Հյկո"", ""Մկո"", ""Kargin"", ""Կարգին"", ""Armenia Humor"", ""haykakan humor"", ""Armenian jokes"", ""HD"", ""humor"", ""Հումոր"", ""Kargin haxordum HD"", ""Kargin Haghordum HD"", ""Hayko Mko Kargin Haxordum"", ""jokes""]",,,,False,,,,"Կարգին Հաղորդում  
Hayko Mko Armenian Humor 
Հայկո Մկո Հայկական Հումոր",youtube,False,{},{},False,True,True,processed,hd,2d,rectangular,none,,0,api,2026-08-01T13:53:47+00:00,
4vDiBlRmFwI,https://www.youtube.com/watch?v=4vDiBlRmFwI,https://www.youtube.com/watch?v=4vDiBlRmFwI&list=PLC4FFB3F0AFB8146C&index=162&t=0s,Kargin Haghordum sketch 161 (Hayko Mko),KarginTV,UCEHF-l2v0qhi_IXzrfc3uZg,169,20121227,794526,4052,,105.0,public,hy,"[""24""]","[""Kargin Haghordum"", ""Kargin haxordum"", ""Կարգին Հաղորդում"", ""Hayko Mko"", ""Armenian Humor"", ""Հայկո Մկո"", ""Հայկական Հումոր"", ""Hayko"", ""Mko"", ""Հյկո"", ""Մկո"", ""Kargin"", ""Կարգին"", ""Armenia Humor"", ""haykakan humor"", ""Armenian jokes"", ""HD"", ""humor"", ""Հումոր"", ""Kargin haxordum HD"", ""Kargin Haghordum HD"", ""Hayko Mko Kargin Haxordum"", ""jokes""]",,,,False,,,,"Կարգին Հաղորդում  
Hayko Mko Armenian Humor 
Հայկո Մկո Հայկական Հումոր",youtube,True,{},{},False,True,True,processed,hd,2d,rectangular,none,,0,api,2026-08-01T13:53:47+00:00,
ZHNMkOQ6WpM,https://www.youtube.com/watch?v=ZHNMkOQ6WpM,https://www.youtube.com/watch?v=ZHNMkOQ6WpM&list=PLC4FFB3F0AFB8146C&index=163&t=0s,Kargin Haghordum sketch 162 (Hayko Mko),KarginTV,UCEHF-l2v0qhi_IXzrfc3uZg,168,20121227,513784,1409,,20.0,public,hy,"[""24""]","[""Kargin Haghordum"", ""Kargin haxordum"", ""Կարգին Հաղորդում"", ""Hayko Mko"", ""Armenian Humor"", ""Հայկո Մկո"", ""Հայկական Հումոր"", ""Hayko"", ""Mko"", ""Հյկո"", ""Մկո"", ""Kargin"", ""Կարգին"", ""Armenia Humor"", ""haykakan humor"", ""Armenian jokes"", ""HD"", ""humor"", ""Հումոր"", ""Kargin haxordum HD"", ""Kargin Haghordum HD"", ""Hayko Mko Kargin Haxordum"", ""jokes""]",,,,False,,,,"Կարգին Հաղորդում  
Hayko Mko Armenian Humor 
Հայկո Մկո Հայկական Հումոր",youtube,True,{},{},False,True,True,processed,hd,2d,rectangular,none,,0,api,2026-08-01T13:53:47+00:00,
cIU6H6DTLr8,https://www.youtube.com/watch?v=cIU6H6DTLr8,https://www.youtube.com/watch?v=cIU6H6DTLr8&list=PLC4FFB3F0AFB8146C&index=164&t=0s,Kargin Haghordum sketch 163 (Hayko Mko),KarginTV,UCEHF-l2v0qhi_IXzrfc3uZg,145,20121227,788504,2722,,54.0,public,hy,"[""24""]","[""Kargin Haghordum"", ""Kargin haxordum"", ""Կարգին Հաղորդում"", ""Hayko Mko"", ""Armenian Humor"", ""Հայկո Մկո"", ""Հայկական Հումոր"", ""Hayko"", ""Mko"", ""Հյկո"", ""Մկո"", ""Kargin"", ""Կարգին"", ""Armenia Humor"", ""haykakan humor"", ""Armenian jokes"", ""HD"", ""humor"", ""Հումոր"", ""Kargin haxordum HD"", ""Kargin Haghordum HD"", ""Hayko Mko Kargin Haxordum"", ""jokes""]",,,,False,,,,"Կարգին Հաղորդում  
Hayko Mko Armenian Humor 
Հայկո Մկո Հայկական Հումոր",youtube,True,{},{},False,True,True,processed,hd,2d,rectangular,none,,0,api,2026-08-01T13:53:47+00:00,
sOWmXDL8T68,https://www.youtube.com/watch?v=sOWmXDL8T68,https://www.youtube.com/watch?v=sOWmXDL8T68&list=PLC4FFB3F0AFB8146C&index=165&t=0s,Kargin Haghordum sketch 164 (Hayko Mko),KarginTV,UCEHF-l2v0qhi_IXzrfc3uZg,93,20121227,1091306,3716,,53.0,public,hy,"[""24""]","[""Kargin Haghordum"", ""Kargin haxordum"", ""Կարգին Հաղորդում"", ""Hayko Mko"", ""Armenian Humor"", ""Հայկո Մկո"", ""Հայկական Հումոր"", ""Hayko"", ""Mko"", ""Հյկո"", ""Մկո"", ""Kargin"", ""Կարգին"", ""Armenia Humor"", ""haykakan humor"", ""Armenian jokes"", ""HD"", ""humor"", ""Հումոր"", ""Kargin haxordum HD"", ""Kargin Haghordum HD"", ""Hayko Mko Kargin Haxordum"", ""jokes""]",,,,False,,,,"Կարգին Հաղորդում  
Hayko Mko Armenian Humor 
Հայկո Մկո Հայկական Հումոր",youtube,True,{},{},False,True,True,processed,hd,2d,rectangular,none,,0,api,2026-08-01T13:53:47+00:00,
8XgcIFcc0TI,https://www.youtube.com/watch?v=8XgcIFcc0TI,https://www.youtube.com/watch?v=8XgcIFcc0TI&list=PLC4FFB3F0AFB8146C&index=166&t=0s,Kargin Haghordum sketch 165 (Hayko Mko),KarginTV,UCEHF-l2v0qhi_IXzrfc3uZg,209,20121227,1027170,3620,,74.0,public,hy,"[""24""]","[""Kargin Haghordum"", ""Kargin haxordum"", ""Կարգին Հաղորդում"", ""Hayko Mko"", ""Armenian Humor"", ""Հայկո Մկո"", ""Հայկական Հումոր"", ""Hayko"", ""Mko"", ""Հյկո"", ""Մկո"", ""Kargin"", ""Կարգին"", ""Armenia Humor"", ""haykakan humor"", ""Armenian jokes"", ""HD"", ""humor"", ""Հումոր"", ""Kargin haxordum HD"", ""Kargin Haghordum HD"", ""Hayko Mko Kargin Haxordum"", ""jokes""]",,,,False,,,,"Կարգին Հաղորդում  
Hayko Mko Armenian Humor 
Հայկո Մկո Հայկական Հումոր",youtube,True,{},{},False,True,True,processed,hd,2d,rectangular,none,,0,api,2026-08-01T13:53:47+00:00,
uXOTZyBMya8,https://www.youtube.com/watch?v=uXOTZyBMya8,https://www.youtube.com/watch?v=uXOTZyBMya8&list=PLC4FFB3F0AFB8146C&index=167&t=0s,Kargin Haghordum sketch 166 (Hayko Mko),KarginTV,UCEHF-l2v0qhi_IXzrfc3uZg,176,20121227,290322,1571,,38.0,public,hy,"[""24""]","[""Kargin Haghordum"", ""Kargin haxordum"", ""Կարգին Հաղորդում"", ""Hayko Mko"", ""Armenian Humor"", ""Հայկո Մկո"", ""Հայկական Հումոր"", ""Hayko"", ""Mko"", ""Հյկո"", ""Մկո"", ""Kargin"", ""Կարգին"", ""Armenia Humor"", ""haykakan humor"", ""Armenian jokes"", ""HD"", ""humor"", ""Հումոր"", ""Kargin haxordum HD"", ""Kargin Haghordum HD"", ""Hayko Mko Kargin Haxordum"", ""jokes""]",,,,False,,,,"Կարգին Հաղորդում  
Hayko Mko Armenian Humor 
Հայկո Մկո Հայկական Հումոր",youtube,False,{},{},False,True,True,processed,hd,2d,rectangular,none,,0,api,2026-08-01T13:53:47+00:00,
kKDydl5jRAY,https://www.youtube.com/watch?v=kKDydl5jRAY,https://www.youtube.com/watch?v=kKDydl5jRAY&list=PLC4FFB3F0AFB8146C&index=168&t=0s,Kargin Haghordum sketch 167 (Hayko Mko),KarginTV,UCEHF-l2v0qhi_IXzrfc3uZg,284,20121227,132141,350,,8.0,public,hy,"[""24""]","[""Kargin Haghordum"", ""Kargin haxordum"", ""Կարգին Հաղորդում"", ""Hayko Mko"", ""Armenian Humor"", ""Հայկո Մկո"", ""Հայկական Հումոր"", ""Hayko"", ""Mko"", ""Հյկո"", ""Մկո"", ""Kargin"", ""Կարգին"", ""Armenia Humor"", ""haykakan humor"", ""Armenian jokes"", ""HD"", ""humor"", ""Հումոր"", ""Kargin haxordum HD"", ""Kargin Haghordum HD"", ""Hayko Mko Kargin Haxordum"", ""jokes""]",,,,False,,,,"Կարգին Հաղորդում  
Hayko Mko Armenian Humor 
Հայկո Մկո Հայկական Հումոր",youtube,True,{},{},False,True,True,processed,hd,2d,rectangular,none,,0,api,2026-08-01T13:53:47+00:00,
088OKSJV3QE,https://www.youtube.com/watch?v=088OKSJV3QE,https://www.youtube.com/watch?v=088OKSJV3QE&list=PLC4FFB3F0AFB8146C&index=169&t=0s,Kargin Haghordum sketch 168 (Hayko Mko),KarginTV,UCEHF-l2v0qhi_IXzrfc3uZg,118,20121227,345656,2123,,22.0,public,hy,"[""24""]","[""Kargin Haghordum"", ""Kargin haxordum"", ""Կարգին Հաղորդում"", ""Hayko Mko"", ""Armenian Humor"", ""Հայկո Մկո"", ""Հայկական Հումոր"", ""Hayko"", ""Mko"", ""Հյկո"", ""Մկո"", ""Kargin"", ""Կարգին"", ""Armenia Humor"", ""haykakan humor"", ""Armenian jokes"", ""HD"", ""humor"", ""Հումոր"", ""Kargin haxordum HD"", ""Kargin Haghordum HD"", ""Hayko Mko Kargin Haxordum"", ""jokes""]",,,,False,,,,"Կարգին Հաղորդում  
Hayko Mko Armenian Humor 
Հայկո Մկո Հայկական Հումոր",youtube,True,{},{},False,True,True,processed,hd,2d,rectangular,none,,0,api,2026-08-01T13:53:47+00:00,
SlLwcM9y00w,https://www.youtube.com/watch?v=SlLwcM9y00w,https://www.youtube.com/watch?v=SlLwcM9y00w&list=PLC4FFB3F0AFB8146C&index=170&t=0s,Kargin Haghordum sketch 169 (Hayko Mko),KarginTV,UCEHF-l2v0qhi_IXzrfc3uZg,105,20121227,750695,3391,,40.0,public,hy,"[""24""]","[""Kargin Haghordum"", ""Kargin haxordum"", ""Կարգին Հաղորդում"", ""Hayko Mko"", ""Armenian Humor"", ""Հայկո Մկո"", ""Հայկական Հումոր"", ""Hayko"", ""Mko"", ""Հյկո"", ""Մկո"", ""Kargin"", ""Կարգին"", ""Armenia Humor"", ""haykakan humor"", ""Armenian jokes"", ""HD"", ""humor"", ""Հումոր"", ""Kargin haxordum HD"", ""Kargin Haghordum HD"", ""Hayko Mko Kargin Haxordum"", ""jokes""]",,,,False,,,,"Կարգին Հաղորդում  
Hayko Mko Armenian Humor 
Հայկո Մկո Հայկական Հումոր",youtube,False,{},{},False,True,True,processed,hd,2d,rectangular,none,hy,0,api,2026-08-01T13:53:47+00:00,
t79x_fKiVEk,https://www.youtube.com/watch?v=t79x_fKiVEk,https://www.youtube.com/watch?v=t79x_fKiVEk&list=PLC4FFB3F0AFB8146C&index=171&t=0s,Kargin Haghordum sketch 170 (Hayko Mko),KarginTV,UCEHF-l2v0qhi_IXzrfc3uZg,258,20121227,686934,2976,,81.0,public,hy,"[""24""]","[""Kargin Haghordum"", ""Kargin haxordum"", ""Կարգին Հաղորդում"", ""Hayko Mko"", ""Armenian Humor"", ""Հայկո Մկո"", ""Հայկական Հումոր"", ""Hayko"", ""Mko"", ""Հյկո"", ""Մկո"", ""Kargin"", ""Կարգին"", ""Armenia Humor"", ""haykakan humor"", ""Armenian jokes"", ""HD"", ""humor"", ""Հումոր"", ""Kargin haxordum HD"", ""Kargin Haghordum HD"", ""Hayko Mko Kargin Haxordum"", ""jokes""]",,,,False,,,,"Կարգին Հաղորդում  
Hayko Mko Armenian Humor 
Հայկո Մկո Հայկական Հումոր",youtube,False,{},{},False,True,True,processed,hd,2d,rectangular,none,,0,api,2026-08-01T13:53:47+00:00,
rojemkApj58,https://www.youtube.com/watch?v=rojemkApj58,https://www.youtube.com/watch?v=rojemkApj58&list=PLC4FFB3F0AFB8146C&index=172&t=0s,Kargin Haghordum sketch 171 (Hayko Mko),KarginTV,UCEHF-l2v0qhi_IXzrfc3uZg,125,20121227,532786,2145,,32.0,public,hy,"[""24""]","[""Kargin Haghordum"", ""Kargin haxordum"", ""Կարգին Հաղորդում"", ""Hayko Mko"", ""Armenian Humor"", ""Հայկո Մկո"", ""Հայկական Հումոր"", ""Hayko"", ""Mko"", ""Հյկո"", ""Մկո"", ""Kargin"", ""Կարգին"", ""Armenia Humor"", ""haykakan humor"", ""Armenian jokes"", ""HD"", ""humor"", ""Հումոր"", ""Kargin haxordum HD"", ""Kargin Haghordum HD"", ""Hayko Mko Kargin Haxordum"", ""jokes""]",,,,False,,,,"Կարգին Հաղորդում  
Hayko Mko Armenian Humor 
Հայկո Մկո Հայկական Հումոր",youtube,False,{},{},False,True,True,processed,hd,2d,rectangular,none,,0,api,2026-08-01T13:53:47+00:00,
fCpr6SFJQsE,https://www.youtube.com/watch?v=fCpr6SFJQsE,https://www.youtube.com/watch?v=fCpr6SFJQsE&list=PLC4FFB3F0AFB8146C&index=173&t=0s,Kargin Haghordum sketch 171 (Hayko Mko),KarginTV,UCEHF-l2v0qhi_IXzrfc3uZg,202,20121227,1108220,4543,,52.0,public,hy,"[""24""]","[""Kargin Haghordum"", ""Kargin haxordum"", ""Կարգին Հաղորդում"", ""Hayko Mko"", ""Armenian Humor"", ""Հայկո Մկո"", ""Հայկական Հումոր"", ""Hayko"", ""Mko"", ""Հյկո"", ""Մկո"", ""Kargin"", ""Կարգին"", ""Armenia Humor"", ""haykakan humor"", ""Armenian jokes"", ""HD"", ""humor"", ""Հումոր"", ""Kargin haxordum HD"", ""Kargin Haghordum HD"", ""Hayko Mko Kargin Haxordum"", ""jokes""]",,,,False,,,,"Կարգին Հաղորդում  
Hayko Mko Armenian Humor 
Հայկո Մկո Հայկական Հումոր",youtube,True,{},{},False,True,True,processed,hd,2d,rectangular,none,,0,api,2026-08-01T13:53:47+00:00,
16m0-82_Igs,https://www.youtube.com/watch?v=16m0-82_Igs,https://www.youtube.com/watch?v=16m0-82_Igs&list=PLC4FFB3F0AFB8146C&index=174&t=0s,Kargin Haghordum sketch 172 (Hayko Mko),KarginTV,UCEHF-l2v0qhi_IXzrfc3uZg,225,20121227,1684070,6484,,179.0,public,hy,"[""24""]","[""Kargin Haghordum"", ""Kargin haxordum"", ""Կարգին Հաղորդում"", ""Hayko Mko"", ""Armenian Humor"", ""Հայկո Մկո"", ""Հայկական Հումոր"", ""Hayko"", ""Mko"", ""Հյկո"", ""Մկո"", ""Kargin"", ""Կարգին"", ""Armenia Humor"", ""haykakan humor"", ""Armenian jokes"", ""HD"", ""humor"", ""Հումոր"", ""Kargin haxordum HD"", ""Kargin Haghordum HD"", ""Hayko Mko Kargin Haxordum"", ""jokes""]",,,,False,,,,"Կարգին Հաղորդում  
Hayko Mko Armenian Humor 
Հայկո Մկո Հայկական Հումոր",youtube,False,{},{},False,True,True,processed,hd,2d,rectangular,none,,0,api,2026-08-01T13:53:47+00:00,
41OefT1qctA,https://www.youtube.com/watch?v=41OefT1qctA,https://www.youtube.com/watch?v=41OefT1qctA&list=PLC4FFB3F0AFB8146C&index=175&t=0s,Kargin Haghordum sketch 172 (Hayko Mko),KarginTV,UCEHF-l2v0qhi_IXzrfc3uZg,122,20121227,650572,2953,,34.0,public,hy,"[""24""]","[""Kargin Haghordum"", ""Kargin haxordum"", ""Կարգին Հաղորդում"", ""Hayko Mko"", ""Armenian Humor"", ""Հայկո Մկո"", ""Հայկական Հումոր"", ""Hayko"", ""Mko"", ""Հյկո"", ""Մկո"", ""Kargin"", ""Կարգին"", ""Armenia Humor"", ""haykakan humor"", ""Armenian jokes"", ""HD"", ""humor"", ""Հումոր"", ""Kargin haxordum HD"", ""Kargin Haghordum HD"", ""Hayko Mko Kargin Haxordum"", ""jokes""]",,,,False,,,,"Կարգին Հաղորդում  
Hayko Mko Armenian Humor 
Հայկո Մկո Հայկական Հումոր",youtube,False,{},{},False,True,True,processed,hd,2d,rectangular,none,,0,api,2026-08-01T13:53:47+00:00,
ZzXCdsQAvEY,https://www.youtube.com/watch?v=ZzXCdsQAvEY,https://www.youtube.com/watch?v=ZzXCdsQAvEY&list=PLC4FFB3F0AFB8146C&index=176&t=0s,Kargin Haghordum sketch 173 (Hayko Mko),KarginTV,UCEHF-l2v0qhi_IXzrfc3uZg,205,20121227,1206006,5355,,53.0,public,hy,"[""24""]","[""Kargin Haghordum"", ""Kargin haxordum"", ""Կարգին Հաղորդում"", ""Hayko Mko"", ""Armenian Humor"", ""Հայկո Մկո"", ""Հայկական Հումոր"", ""Hayko"", ""Mko"", ""Հյկո"", ""Մկո"", ""Kargin"", ""Կարգին"", ""Armenia Humor"", ""haykakan humor"", ""Armenian jokes"", ""HD"", ""humor"", ""Հումոր"", ""Kargin haxordum HD"", ""Kargin Haghordum HD"", ""Hayko Mko Kargin Haxordum"", ""jokes""]",,,,False,,,,"Կարգին Հաղորդում  
Hayko Mko Armenian Humor 
Հայկո Մկո Հայկական Հումոր",youtube,False,{},{},False,True,True,processed,hd,2d,rectangular,none,,0,api,2026-08-01T13:53:47+00:00,
gCYod49MYII,https://www.youtube.com/watch?v=gCYod49MYII,https://www.youtube.com/watch?v=gCYod49MYII&list=PLC4FFB3F0AFB8146C&index=177&t=0s,Kargin Haghordum sketch 174 (Hayko Mko),KarginTV,UCEHF-l2v0qhi_IXzrfc3uZg,220,20121227,852714,5152,,112.0,public,hy,"[""24""]","[""Kargin Haghordum"", ""Kargin haxordum"", ""Կարգին Հաղորդում"", ""Hayko Mko"", ""Armenian Humor"", ""Հայկո Մկո"", ""Հայկական Հումոր"", ""Hayko"", ""Mko"", ""Հյկո"", ""Մկո"", ""Kargin"", ""Կարգին"", ""Armenia Humor"", ""haykakan humor"", ""Armenian jokes"", ""HD"", ""humor"", ""Հումոր"", ""Kargin haxordum HD"", ""Kargin Haghordum HD"", ""Hayko Mko Kargin Haxordum"", ""jokes""]",,,,False,,,,"Կարգին Հաղորդում  
Hayko Mko Armenian Humor 
Հայկո Մկո Հայկական Հումոր",youtube,False,{},{},False,True,True,processed,hd,2d,rectangular,none,,0,api,2026-08-01T13:53:47+00:00,
an_rQSvxrIM,https://www.youtube.com/watch?v=an_rQSvxrIM,https://www.youtube.com/watch?v=an_rQSvxrIM&list=PLC4FFB3F0AFB8146C&index=178&t=0s,Kargin Haghordum sketch 175 (Hayko Mko),KarginTV,UCEHF-l2v0qhi_IXzrfc3uZg,168,20121227,1483763,4449,,69.0,public,hy,"[""24""]","[""Kargin Haghordum"", ""Kargin haxordum"", ""Կարգին Հաղորդում"", ""Hayko Mko"", ""Armenian Humor"", ""Հայկո Մկո"", ""Հայկական Հումոր"", ""Hayko"", ""Mko"", ""Հյկո"", ""Մկո"", ""Kargin"", ""Կարգին"", ""Armenia Humor"", ""haykakan humor"", ""Armenian jokes"", ""HD"", ""humor"", ""Հումոր"", ""Kargin haxordum HD"", ""Kargin Haghordum HD"", ""Hayko Mko Kargin Haxordum"", ""jokes""]",,,,False,,,,"Կարգին Հաղորդում  
Hayko Mko Armenian Humor 
Հայկո Մկո Հայկական Հումոր",youtube,True,{},{},False,True,True,processed,hd,2d,rectangular,none,,0,api,2026-08-01T13:53:47+00:00,
qbbhZKAVpmE,https://www.youtube.com/watch?v=qbbhZKAVpmE,https://www.youtube.com/watch?v=qbbhZKAVpmE&list=PLC4FFB3F0AFB8146C&index=179&t=0s,Kargin Haghordum sketch 176 (Hayko Mko),KarginTV,UCEHF-l2v0qhi_IXzrfc3uZg,97,20121227,188902,1068,,9.0,public,hy,"[""24""]","[""Kargin Haghordum"", ""Kargin haxordum"", ""Կարգին Հաղորդում"", ""Hayko Mko"", ""Armenian Humor"", ""Հայկո Մկո"", ""Հայկական Հումոր"", ""Hayko"", ""Mko"", ""Հյկո"", ""Մկո"", ""Kargin"", ""Կարգին"", ""Armenia Humor"", ""haykakan humor"", ""Armenian jokes"", ""HD"", ""humor"", ""Հումոր"", ""Kargin haxordum HD"", ""Kargin Haghordum HD"", ""Hayko Mko Kargin Haxordum"", ""jokes""]",,,,False,,,,"Կարգին Հաղորդում  
Hayko Mko Armenian Humor 
Հայկո Մկո Հայկական Հումոր",youtube,True,{},{},False,True,True,processed,hd,2d,rectangular,none,,0,api,2026-08-01T13:53:47+00:00,
1KxxApbZa6M,https://www.youtube.com/watch?v=1KxxApbZa6M,https://www.youtube.com/watch?v=1KxxApbZa6M&list=PLC4FFB3F0AFB8146C&index=180&t=0s,Kargin Haghordum sketch 177 (Hayko Mko),KarginTV,UCEHF-l2v0qhi_IXzrfc3uZg,196,20121227,473936,2734,,45.0,public,hy,"[""24""]","[""Kargin Haghordum"", ""Kargin haxordum"", ""Կարգին Հաղորդում"", ""Hayko Mko"", ""Armenian Humor"", ""Հայկո Մկո"", ""Հայկական Հումոր"", ""Hayko"", ""Mko"", ""Հյկո"", ""Մկո"", ""Kargin"", ""Կարգին"", ""Armenia Humor"", ""haykakan humor"", ""Armenian jokes"", ""HD"", ""humor"", ""Հումոր"", ""Kargin haxordum HD"", ""Kargin Haghordum HD"", ""Hayko Mko Kargin Haxordum"", ""jokes""]",,,,False,,,,"Կարգին Հաղորդում  
Hayko Mko Armenian Humor 
Հայկո Մկո Հայկական Հումոր",youtube,True,{},{},False,True,True,processed,hd,2d,rectangular,none,,0,api,2026-08-01T13:53:47+00:00,
3DXxAzfrU40,https://www.youtube.com/watch?v=3DXxAzfrU40,https://www.youtube.com/watch?v=3DXxAzfrU40&list=PLC4FFB3F0AFB8146C&index=181&t=0s,Kargin Haghordum sketch 178 (Hayko Mko),KarginTV,UCEHF-l2v0qhi_IXzrfc3uZg,270,20121227,2703688,11047,,388.0,public,hy,"[""24""]","[""Kargin Haghordum"", ""Kargin haxordum"", ""Կարգին Հաղորդում"", ""Hayko Mko"", ""Armenian Humor"", ""Հայկո Մկո"", ""Հայկական Հումոր"", ""Hayko"", ""Mko"", ""Հյկո"", ""Մկո"", ""Kargin"", ""Կարգին"", ""Armenia Humor"", ""haykakan humor"", ""Armenian jokes"", ""HD"", ""humor"", ""Հումոր"", ""Kargin haxordum HD"", ""Kargin Haghordum HD"", ""Hayko Mko Kargin Haxordum"", ""jokes""]",,,,False,,,,"Կարգին Հաղորդում  
Hayko Mko Armenian Humor 
Հայկո Մկո Հայկական Հումոր",youtube,True,{},{},False,True,True,processed,hd,2d,rectangular,none,,0,api,2026-08-01T13:53:47+00:00,
4fWY133vYDs,https://www.youtube.com/watch?v=4fWY133vYDs,https://www.youtube.com/watch?v=4fWY133vYDs&list=PLC4FFB3F0AFB8146C&index=182&t=0s,Kargin Haghordum sketch 179 (Hayko Mko),KarginTV,UCEHF-l2v0qhi_IXzrfc3uZg,139,20121227,211495,1028,,17.0,public,hy,"[""24""]","[""Kargin Haghordum"", ""Kargin haxordum"", ""Կարգին Հաղորդում"", ""Hayko Mko"", ""Armenian Humor"", ""Հայկո Մկո"", ""Հայկական Հումոր"", ""Hayko"", ""Mko"", ""Հյկո"", ""Մկո"", ""Kargin"", ""Կարգին"", ""Armenia Humor"", ""haykakan humor"", ""Armenian jokes"", ""HD"", ""humor"", ""Հումոր"", ""Kargin haxordum HD"", ""Kargin Haghordum HD"", ""Hayko Mko Kargin Haxordum"", ""jokes""]",,,,False,,,,"Կարգին Հաղորդում  
Hayko Mko Armenian Humor 
Հայկո Մկո Հայկական Հումոր",youtube,True,{},{},False,True,True,processed,hd,2d,rectangular,none,,0,api,2026-08-01T13:53:47+00:00,
15y8SiYBMRI,https://www.youtube.com/watch?v=15y8SiYBMRI,https://www.youtube.com/watch?v=15y8SiYBMRI&list=PLC4FFB3F0AFB8146C&index=183&t=0s,Kargin Haghordum sketch 180 (Hayko Mko),KarginTV,UCEHF-l2v0qhi_IXzrfc3uZg,98,20121227,263579,1135,,20.0,public,hy,"[""24""]","[""Kargin Haghordum"", ""Kargin haxordum"", ""Կարգին Հաղորդում"", ""Hayko Mko"", ""Armenian Humor"", ""Հայկո Մկո"", ""Հայկական Հումոր"", ""Hayko"", ""Mko"", ""Հյկո"", ""Մկո"", ""Kargin"", ""Կարգին"", ""Armenia Humor"", ""haykakan humor"", ""Armenian jokes"", ""HD"", ""humor"", ""Հումոր"", ""Kargin haxordum HD"", ""Kargin Haghordum HD"", ""Hayko Mko Kargin Haxordum"", ""jokes""]",,,,False,,,,"Կարգին Հաղորդում  
Hayko Mko Armenian Humor 
Հայկո Մկո Հայկական Հումոր",youtube,False,{},{},False,True,True,processed,hd,2d,rectangular,none,,0,api,2026-08-01T13:53:47+00:00,
oiqDhLquNDU,https://www.youtube.com/watch?v=oiqDhLquNDU,https://www.youtube.com/watch?v=oiqDhLquNDU&list=PLC4FFB3F0AFB8146C&index=184&t=0s,Kargin Haghordum sketch 181 (Hayko Mko),KarginTV,UCEHF-l2v0qhi_IXzrfc3uZg,220,20121227,425913,3915,,71.0,public,hy,"[""24""]","[""Kargin Haghordum"", ""Kargin haxordum"", ""Կարգին Հաղորդում"", ""Hayko Mko"", ""Armenian Humor"", ""Հայկո Մկո"", ""Հայկական Հումոր"", ""Hayko"", ""Mko"", ""Հյկո"", ""Մկո"", ""Kargin"", ""Կարգին"", ""Armenia Humor"", ""haykakan humor"", ""Armenian jokes"", ""HD"", ""humor"", ""Հումոր"", ""Kargin haxordum HD"", ""Kargin Haghordum HD"", ""Hayko Mko Kargin Haxordum"", ""jokes""]",,,,False,,,,"Կարգին Հաղորդում  
Hayko Mko Armenian Humor 
Հայկո Մկո Հայկական Հումոր",youtube,True,{},{},False,True,True,processed,hd,2d,rectangular,none,,0,api,2026-08-01T13:53:47+00:00,
TZJwfWvvv60,https://www.youtube.com/watch?v=TZJwfWvvv60,https://www.youtube.com/watch?v=TZJwfWvvv60&list=PLC4FFB3F0AFB8146C&index=185&t=0s,Kargin Haghordum sketch 182 (Hayko Mko),KarginTV,UCEHF-l2v0qhi_IXzrfc3uZg,149,20121227,1200923,3948,,63.0,public,hy,"[""24""]","[""Kargin Haghordum"", ""Kargin haxordum"", ""Կարգին Հաղորդում"", ""Hayko Mko"", ""Armenian Humor"", ""Հայկո Մկո"", ""Հայկական Հումոր"", ""Hayko"", ""Mko"", ""Հյկո"", ""Մկո"", ""Kargin"", ""Կարգին"", ""Armenia Humor"", ""haykakan humor"", ""Armenian jokes"", ""HD"", ""humor"", ""Հումոր"", ""Kargin haxordum HD"", ""Kargin Haghordum HD"", ""Hayko Mko Kargin Haxordum"", ""jokes""]",,,,False,,,,"Կարգին Հաղորդում  
Hayko Mko Armenian Humor 
Հայկո Մկո Հայկական Հումոր",youtube,True,{},{},False,True,True,processed,hd,2d,rectangular,none,,0,api,2026-08-01T13:53:47+00:00,
koteRzVQrM4,https://www.youtube.com/watch?v=koteRzVQrM4,https://www.youtube.com/watch?v=koteRzVQrM4&list=PLC4FFB3F0AFB8146C&index=186&t=0s,Kargin Haghordum sketch 183 (Hayko Mko),KarginTV,UCEHF-l2v0qhi_IXzrfc3uZg,219,20121227,600448,3016,,54.0,public,hy,"[""24""]","[""Kargin Haghordum"", ""Kargin haxordum"", ""Կարգին Հաղորդում"", ""Hayko Mko"", ""Armenian Humor"", ""Հայկո Մկո"", ""Հայկական Հումոր"", ""Hayko"", ""Mko"", ""Հյկո"", ""Մկո"", ""Kargin"", ""Կարգին"", ""Armenia Humor"", ""haykakan humor"", ""Armenian jokes"", ""HD"", ""humor"", ""Հումոր"", ""Kargin haxordum HD"", ""Kargin Haghordum HD"", ""Hayko Mko Kargin Haxordum"", ""jokes""]",,,,False,,,,"Կարգին Հաղորդում  
Hayko Mko Armenian Humor 
Հայկո Մկո Հայկական Հումոր",youtube,False,{},{},False,True,True,processed,hd,2d,rectangular,none,,0,api,2026-08-01T13:53:47+00:00,
rg8L5MqjDF4,https://www.youtube.com/watch?v=rg8L5MqjDF4,https://www.youtube.com/watch?v=rg8L5MqjDF4&list=PLC4FFB3F0AFB8146C&index=187&t=0s,Kargin Haghordum sketch 184 (Hayko Mko),KarginTV,UCEHF-l2v0qhi_IXzrfc3uZg,176,20121227,1063735,5398,,123.0,public,hy,"[""24""]","[""Kargin Haghordum"", ""Kargin haxordum"", ""Կարգին Հաղորդում"", ""Hayko Mko"", ""Armenian Humor"", ""Հայկո Մկո"", ""Հայկական Հումոր"", ""Hayko"", ""Mko"", ""Հյկո"", ""Մկո"", ""Kargin"", ""Կարգին"", ""Armenia Humor"", ""haykakan humor"", ""Armenian jokes"", ""HD"", ""humor"", ""Հումոր"", ""Kargin haxordum HD"", ""Kargin Haghordum HD"", ""Hayko Mko Kargin Haxordum"", ""jokes""]",,,,False,,,,"Կարգին Հաղորդում  
Hayko Mko Armenian Humor 
Հայկո Մկո Հայկական Հումոր",youtube,False,{},{},False,True,True,processed,hd,2d,rectangular,none,,0,api,2026-08-01T13:53:47+00:00,
331ZGPNEFBs,https://www.youtube.com/watch?v=331ZGPNEFBs,https://www.youtube.com/watch?v=331ZGPNEFBs&list=PLC4FFB3F0AFB8146C&index=188&t=0s,Kargin Haghordum sketch 185 (Hayko Mko),KarginTV,UCEHF-l2v0qhi_IXzrfc3uZg,154,20121227,623417,3521,,51.0,public,hy,"[""24""]","[""Kargin Haghordum"", ""Kargin haxordum"", ""Կարգին Հաղորդում"", ""Hayko Mko"", ""Armenian Humor"", ""Հայկո Մկո"", ""Հայկական Հումոր"", ""Hayko"", ""Mko"", ""Հյկո"", ""Մկո"", ""Kargin"", ""Կարգին"", ""Armenia Humor"", ""haykakan humor"", ""Armenian jokes"", ""HD"", ""humor"", ""Հումոր"", ""Kargin haxordum HD"", ""Kargin Haghordum HD"", ""Hayko Mko Kargin Haxordum"", ""jokes""]",,,,False,,,,"Կարգին Հաղորդում  
Hayko Mko Armenian Humor 
Հայկո Մկո Հայկական Հումոր",youtube,True,{},{},False,True,True,processed,hd,2d,rectangular,none,,0,api,2026-08-01T13:53:47+00:00,
spddQrkdohk,https://www.youtube.com/watch?v=spddQrkdohk,https://www.youtube.com/watch?v=spddQrkdohk&list=PLC4FFB3F0AFB8146C&index=189&t=0s,Kargin Haghordum sketch 186 (Hayko Mko),KarginTV,UCEHF-l2v0qhi_IXzrfc3uZg,147,20121227,500992,2447,,27.0,public,hy,"[""24""]","[""Kargin Haghordum"", ""Kargin haxordum"", ""Կարգին Հաղորդում"", ""Hayko Mko"", ""Armenian Humor"", ""Հայկո Մկո"", ""Հայկական Հումոր"", ""Hayko"", ""Mko"", ""Հյկո"", ""Մկո"", ""Kargin"", ""Կարգին"", ""Armenia Humor"", ""haykakan humor"", ""Armenian jokes"", ""HD"", ""humor"", ""Հումոր"", ""Kargin haxordum HD"", ""Kargin Haghordum HD"", ""Hayko Mko Kargin Haxordum"", ""jokes""]",,,,False,,,,"Կարգին Հաղորդում  
Hayko Mko Armenian Humor 
Հայկո Մկո Հայկական Հումոր",youtube,True,{},{},False,True,True,processed,hd,2d,rectangular,none,,0,api,2026-08-01T13:53:47+00:00,
N5eryth3Jno,https://www.youtube.com/watch?v=N5eryth3Jno,https://www.youtube.com/watch?v=N5eryth3Jno&list=PLC4FFB3F0AFB8146C&index=190&t=0s,Kargin Haghordum sketch 187 (Hayko Mko),KarginTV,UCEHF-l2v0qhi_IXzrfc3uZg,230,20121227,1542550,4939,,70.0,public,hy,"[""24""]","[""Kargin Haghordum"", ""Kargin haxordum"", ""Կարգին Հաղորդում"", ""Hayko Mko"", ""Armenian Humor"", ""Հայկո Մկո"", ""Հայկական Հումոր"", ""Hayko"", ""Mko"", ""Հյկո"", ""Մկո"", ""Kargin"", ""Կարգին"", ""Armenia Humor"", ""haykakan humor"", ""Armenian jokes"", ""HD"", ""humor"", ""Հումոր"", ""Kargin haxordum HD"", ""Kargin Haghordum HD"", ""Hayko Mko Kargin Haxordum"", ""jokes""]",,,,False,,,,"Կարգին Հաղորդում  
Hayko Mko Armenian Humor 
Հայկո Մկո Հայկական Հումոր",youtube,True,{},{},False,True,True,processed,hd,2d,rectangular,none,,0,api,2026-08-01T13:53:47+00:00,
TDBsXssmjQk,https://www.youtube.com/watch?v=TDBsXssmjQk,https://www.youtube.com/watch?v=TDBsXssmjQk&list=PLC4FFB3F0AFB8146C&index=191&t=0s,Kargin Haghordum sketch 188 (Hayko Mko),KarginTV,UCEHF-l2v0qhi_IXzrfc3uZg,147,20121227,132310,744,,24.0,public,hy,"[""24""]","[""Kargin Haghordum"", ""Kargin haxordum"", ""Կարգին Հաղորդում"", ""Hayko Mko"", ""Armenian Humor"", ""Հայկո Մկո"", ""Հայկական Հումոր"", ""Hayko"", ""Mko"", ""Հյկո"", ""Մկո"", ""Kargin"", ""Կարգին"", ""Armenia Humor"", ""haykakan humor"", ""Armenian jokes"", ""HD"", ""humor"", ""Հումոր"", ""Kargin haxordum HD"", ""Kargin Haghordum HD"", ""Hayko Mko Kargin Haxordum"", ""jokes""]",,,,False,,,,"Կարգին Հաղորդում  
Hayko Mko Armenian Humor 
Հայկո Մկո Հայկական Հումոր",youtube,False,{},{},False,True,True,processed,hd,2d,rectangular,none,,0,api,2026-08-01T13:53:47+00:00,
WThp6Z2KXgU,https://www.youtube.com/watch?v=WThp6Z2KXgU,https://www.youtube.com/watch?v=WThp6Z2KXgU&list=PLC4FFB3F0AFB8146C&index=192&t=0s,Kargin Haghordum sketch 189 (Hayko Mko),KarginTV,UCEHF-l2v0qhi_IXzrfc3uZg,105,20121227,175270,1389,,33.0,public,hy,"[""24""]","[""Kargin Haghordum"", ""Kargin haxordum"", ""Կարգին Հաղորդում"", ""Hayko Mko"", ""Armenian Humor"", ""Հայկո Մկո"", ""Հայկական Հումոր"", ""Hayko"", ""Mko"", ""Հյկո"", ""Մկո"", ""Kargin"", ""Կարգին"", ""Armenia Humor"", ""haykakan humor"", ""Armenian jokes"", ""HD"", ""humor"", ""Հումոր"", ""Kargin haxordum HD"", ""Kargin Haghordum HD"", ""Hayko Mko Kargin Haxordum"", ""jokes""]",,,,False,,,,"Կարգին Հաղորդում  
Hayko Mko Armenian Humor 
Հայկո Մկո Հայկական Հումոր",youtube,True,{},{},False,True,True,processed,hd,2d,rectangular,none,,0,api,2026-08-01T13:53:47+00:00,
O6bcr3JS9tY,https://www.youtube.com/watch?v=O6bcr3JS9tY,https://www.youtube.com/watch?v=O6bcr3JS9tY&list=PLC4FFB3F0AFB8146C&index=193&t=0s,Kargin Haghordum sketch 190 (Hayko Mko),KarginTV,UCEHF-l2v0qhi_IXzrfc3uZg,97,20121227,225273,952,,14.0,public,hy,"[""24""]","[""Kargin Haghordum"", ""Kargin haxordum"", ""Կարգին Հաղորդում"", ""Hayko Mko"", ""Armenian Humor"", ""Հայկո Մկո"", ""Հայկական Հումոր"", ""Hayko"", ""Mko"", ""Հյկո"", ""Մկո"", ""Kargin"", ""Կարգին"", ""Armenia Humor"", ""haykakan humor"", ""Armenian jokes"", ""HD"", ""humor"", ""Հումոր"", ""Kargin haxordum HD"", ""Kargin Haghordum HD"", ""Hayko Mko Kargin Haxordum"", ""jokes""]",,,,False,,,,"Կարգին Հաղորդում  
Hayko Mko Armenian Humor 
Հայկո Մկո Հայկական Հումոր",youtube,True,{},{},False,True,True,processed,hd,2d,rectangular,none,,0,api,2026-08-01T13:53:47+00:00,
keoWCJkrdqs,https://www.youtube.com/watch?v=keoWCJkrdqs,https://www.youtube.com/watch?v=keoWCJkrdqs&list=PLC4FFB3F0AFB8146C&index=194&t=0s,Kargin Haghordum sketch 191 (Hayko Mko),KarginTV,UCEHF-l2v0qhi_IXzrfc3uZg,166,20121227,1075824,3935,,61.0,public,hy,"[""24""]","[""Kargin Haghordum"", ""Kargin haxordum"", ""Կարգին Հաղորդում"", ""Hayko Mko"", ""Armenian Humor"", ""Հայկո Մկո"", ""Հայկական Հումոր"", ""Hayko"", ""Mko"", ""Հյկո"", ""Մկո"", ""Kargin"", ""Կարգին"", ""Armenia Humor"", ""haykakan humor"", ""Armenian jokes"", ""HD"", ""humor"", ""Հումոր"", ""Kargin haxordum HD"", ""Kargin Haghordum HD"", ""Hayko Mko Kargin Haxordum"", ""jokes""]",,,,False,,,,"Կարգին Հաղորդում  
Hayko Mko Armenian Humor 
Հայկո Մկո Հայկական Հումոր",youtube,False,{},{},False,True,True,processed,hd,2d,rectangular,none,,0,api,2026-08-01T13:53:47+00:00,
md3Fg6xgJfo,https://www.youtube.com/watch?v=md3Fg6xgJfo,https://www.youtube.com/watch?v=md3Fg6xgJfo&list=PLC4FFB3F0AFB8146C&index=196&t=0s,Kargin Haghordum sketch 193 (Hayko Mko),KarginTV,UCEHF-l2v0qhi_IXzrfc3uZg,85,20121227,170139,1247,,29.0,public,hy,"[""24""]","[""Kargin Haghordum"", ""Kargin haxordum"", ""Կարգին Հաղորդում"", ""Hayko Mko"", ""Armenian Humor"", ""Հայկո Մկո"", ""Հայկական Հումոր"", ""Hayko"", ""Mko"", ""Հյկո"", ""Մկո"", ""Kargin"", ""Կարգին"", ""Armenia Humor"", ""haykakan humor"", ""Armenian jokes"", ""HD"", ""humor"", ""Հումոր"", ""Kargin haxordum HD"", ""Kargin Haghordum HD"", ""Hayko Mko Kargin Haxordum"", ""jokes""]",,,,False,,,,"Կարգին Հաղորդում  
Hayko Mko Armenian Humor 
Հայկո Մկո Հայկական Հումոր",youtube,True,{},{},False,True,True,processed,hd,2d,rectangular,none,,0,api,2026-08-01T13:53:47+00:00,
kolSov5YzHw,https://www.youtube.com/watch?v=kolSov5YzHw,https://www.youtube.com/watch?v=kolSov5YzHw&list=PLC4FFB3F0AFB8146C&index=197&t=0s,Kargin Haghordum sketch 196 (Hayko Mko),KarginTV,UCEHF-l2v0qhi_IXzrfc3uZg,151,20121227,582919,1300,,20.0,public,hy,"[""24""]","[""Kargin Haghordum"", ""Kargin haxordum"", ""Կարգին Հաղորդում"", ""Hayko Mko"", ""Armenian Humor"", ""Հայկո Մկո"", ""Հայկական Հումոր"", ""Hayko"", ""Mko"", ""Հյկո"", ""Մկո"", ""Kargin"", ""Կարգին"", ""Armenia Humor"", ""haykakan humor"", ""Armenian jokes"", ""HD"", ""humor"", ""Հումոր"", ""Kargin haxordum HD"", ""Kargin Haghordum HD"", ""Hayko Mko Kargin Haxordum"", ""jokes""]",,,,False,,,,"Կարգին Հաղորդում  
Hayko Mko Armenian Humor 
Հայկո Մկո Հայկական Հումոր",youtube,False,{},{},False,True,True,processed,hd,2d,rectangular,none,,0,api,2026-08-01T13:53:47+00:00,
ipVYU1B3mTs,https://www.youtube.com/watch?v=ipVYU1B3mTs,https://www.youtube.com/watch?v=ipVYU1B3mTs&list=PLC4FFB3F0AFB8146C&index=198&t=0s,Kargin Haghordum sketch 197 (Hayko Mko),KarginTV,UCEHF-l2v0qhi_IXzrfc3uZg,54,20121227,120568,372,,4.0,public,hy,"[""24""]","[""Kargin Haghordum"", ""Kargin haxordum"", ""Կարգին Հաղորդում"", ""Hayko Mko"", ""Armenian Humor"", ""Հայկո Մկո"", ""Հայկական Հումոր"", ""Hayko"", ""Mko"", ""Հյկո"", ""Մկո"", ""Kargin"", ""Կարգին"", ""Armenia Humor"", ""haykakan humor"", ""Armenian jokes"", ""HD"", ""humor"", ""Հումոր"", ""Kargin haxordum HD"", ""Kargin Haghordum HD"", ""Hayko Mko Kargin Haxordum"", ""jokes""]",,,,False,,,,"Կարգին Հաղորդում  
Hayko Mko Armenian Humor 
Հայկո Մկո Հայկական Հումոր",youtube,True,{},{},False,True,True,processed,hd,2d,rectangular,none,,0,api,2026-08-01T13:53:47+00:00,
HHQFrPhkFhE,https://www.youtube.com/watch?v=HHQFrPhkFhE,https://www.youtube.com/watch?v=HHQFrPhkFhE&list=PLC4FFB3F0AFB8146C&index=199&t=0s,Kargin Haghordum sketch 198 (Hayko Mko),KarginTV,UCEHF-l2v0qhi_IXzrfc3uZg,130,20121227,250848,1599,,17.0,public,hy,"[""24""]","[""Kargin Haghordum"", ""Kargin haxordum"", ""Կարգին Հաղորդում"", ""Hayko Mko"", ""Armenian Humor"", ""Հայկո Մկո"", ""Հայկական Հումոր"", ""Hayko"", ""Mko"", ""Հյկո"", ""Մկո"", ""Kargin"", ""Կարգին"", ""Armenia Humor"", ""haykakan humor"", ""Armenian jokes"", ""HD"", ""humor"", ""Հումոր"", ""Kargin haxordum HD"", ""Kargin Haghordum HD"", ""Hayko Mko Kargin Haxordum"", ""jokes""]",,,,False,,,,"Կարգին Հաղորդում  
Hayko Mko Armenian Humor 
Հայկո Մկո Հայկական Հումոր",youtube,False,{},{},False,True,True,processed,hd,2d,rectangular,none,ru,0,api,2026-08-01T13:53:47+00:00,
BJnORz1WFMo,https://www.youtube.com/watch?v=BJnORz1WFMo,https://www.youtube.com/watch?v=BJnORz1WFMo&list=PLC4FFB3F0AFB8146C&index=200&t=0s,Kargin Haghordum sketch 199 (Hayko Mko),KarginTV,UCEHF-l2v0qhi_IXzrfc3uZg,260,20121227,1451946,7574,,156.0,public,hy,"[""24""]","[""Kargin Haghordum"", ""Kargin haxordum"", ""Կարգին Հաղորդում"", ""Hayko Mko"", ""Armenian Humor"", ""Հայկո Մկո"", ""Հայկական Հումոր"", ""Hayko"", ""Mko"", ""Հյկո"", ""Մկո"", ""Kargin"", ""Կարգին"", ""Armenia Humor"", ""haykakan humor"", ""Armenian jokes"", ""HD"", ""humor"", ""Հումոր"", ""Kargin haxordum HD"", ""Kargin Haghordum HD"", ""Hayko Mko Kargin Haxordum"", ""jokes""]",,,,False,,,,"Կարգին Հաղորդում  
Hayko Mko Armenian Humor 
Հայկո Մկո Հայկական Հումոր",youtube,False,{},{},False,True,True,processed,hd,2d,rectangular,none,,0,api,2026-08-01T13:53:47+00:00,
8U7grHLj-uY,https://www.youtube.com/watch?v=8U7grHLj-uY,https://www.youtube.com/watch?v=8U7grHLj-uY&list=PLC4FFB3F0AFB8146C&index=201&t=0s,Kargin Haghordum sketch 200 (Hayko Mko),KarginTV,UCEHF-l2v0qhi_IXzrfc3uZg,349,20121227,941929,5329,,173.0,public,hy,"[""24""]","[""Kargin Haghordum"", ""Kargin haxordum"", ""Կարգին Հաղորդում"", ""Hayko Mko"", ""Armenian Humor"", ""Հայկո Մկո"", ""Հայկական Հումոր"", ""Hayko"", ""Mko"", ""Հյկո"", ""Մկո"", ""Kargin"", ""Կարգին"", ""Armenia Humor"", ""haykakan humor"", ""Armenian jokes"", ""HD"", ""humor"", ""Հումոր"", ""Kargin haxordum HD"", ""Kargin Haghordum HD"", ""Hayko Mko Kargin Haxordum"", ""jokes""]",,,,False,,,,"Կարգին Հաղորդում  
Hayko Mko Armenian Humor 
Հայկո Մկո Հայկական Հումոր",youtube,False,{},{},False,True,True,processed,hd,2d,rectangular,none,,0,api,2026-08-01T13:53:47+00:00,
2311QdBFp4o,https://www.youtube.com/watch?v=2311QdBFp4o,https://www.youtube.com/watch?v=2311QdBFp4o&list=PLDDuEZQEC_uAuSrUXsFVBLNkPQY3BHzLQ&index=2&t=0s,Kargin Haghordum sketch 401 (Hayko Mko),KarginTV,UCEHF-l2v0qhi_IXzrfc3uZg,88,20121228,727179,1624,,30.0,public,hy,"[""24""]","[""Kargin Haghordum"", ""Kargin haxordum"", ""Կարգին Հաղորդում"", ""Hayko Mko"", ""Armenian Humor"", ""Հայկո Մկո"", ""Հայկական Հումոր"", ""Hayko"", ""Mko"", ""Հյկո"", ""Մկո"", ""Kargin"", ""Կարգին"", ""Armenia Humor"", ""haykakan humor"", ""Armenian jokes"", ""HD"", ""humor"", ""Հումոր"", ""Kargin haxordum HD"", ""Kargin Haghordum HD"", ""Hayko Mko Kargin Haxordum"", ""jokes""]",,,,False,,,,"Կարգին Հաղորդում  
Hayko Mko Armenian Humor 
Հայկո Մկո Հայկական Հումոր",youtube,False,{},{},False,True,True,processed,hd,2d,rectangular,none,,0,api,2026-08-01T13:53:28+00:00,
4SBSBGc4dcc,https://www.youtube.com/watch?v=4SBSBGc4dcc,https://www.youtube.com/watch?v=4SBSBGc4dcc&list=PLDDuEZQEC_uAuSrUXsFVBLNkPQY3BHzLQ&index=3&t=0s,Kargin Haghordum sketch 402 (Hayko Mko),KarginTV,UCEHF-l2v0qhi_IXzrfc3uZg,122,20121228,1129376,3236,,35.0,public,hy,"[""24""]","[""Kargin Haghordum"", ""Kargin haxordum"", ""Կարգին Հաղորդում"", ""Hayko Mko"", ""Armenian Humor"", ""Հայկո Մկո"", ""Հայկական Հումոր"", ""Hayko"", ""Mko"", ""Հյկո"", ""Մկո"", ""Kargin"", ""Կարգին"", ""Armenia Humor"", ""haykakan humor"", ""Armenian jokes"", ""HD"", ""humor"", ""Հումոր"", ""Kargin haxordum HD"", ""Kargin Haghordum HD"", ""Hayko Mko Kargin Haxordum"", ""jokes""]",,,,False,,,,"Կարգին Հաղորդում  
Hayko Mko Armenian Humor 
Հայկո Մկո Հայկական Հումոր",youtube,True,{},{},False,True,True,processed,hd,2d,rectangular,none,,0,api,2026-08-01T13:53:28+00:00,
pi2au8rx0XQ,https://www.youtube.com/watch?v=pi2au8rx0XQ,https://www.youtube.com/watch?v=pi2au8rx0XQ&list=PLDDuEZQEC_uAuSrUXsFVBLNkPQY3BHzLQ&index=4&t=0s,Kargin Haghordum sketch 403 (Hayko Mko),KarginTV,UCEHF-l2v0qhi_IXzrfc3uZg,158,20121228,1283473,5178,,98.0,public,hy,"[""24""]","[""Kargin Haghordum"", ""Kargin haxordum"", ""Կարգին Հաղորդում"", ""Hayko Mko"", ""Armenian Humor"", ""Հայկո Մկո"", ""Հայկական Հումոր"", ""Hayko"", ""Mko"", ""Հյկո"", ""Մկո"", ""Kargin"", ""Կարգին"", ""Armenia Humor"", ""haykakan humor"", ""Armenian jokes"", ""HD"", ""humor"", ""Հումոր"", ""Kargin haxordum HD"", ""Kargin Haghordum HD"", ""Hayko Mko Kargin Haxordum"", ""jokes""]",,,,False,,,,"Կարգին Հաղորդում  
Hayko Mko Armenian Humor 
Հայկո Մկո Հայկական Հումոր",youtube,False,{},{},False,True,True,processed,hd,2d,rectangular,none,,0,api,2026-08-01T13:53:28+00:00,
YxcS2fTHrII,https://www.youtube.com/watch?v=YxcS2fTHrII,https://www.youtube.com/watch?v=YxcS2fTHrII&list=PLDDuEZQEC_uAuSrUXsFVBLNkPQY3BHzLQ&index=20&t=0s,Kargin Haghordum sketch 419 (Hayko Mko),KarginTV,UCEHF-l2v0qhi_IXzrfc3uZg,84,20121228,421733,1735,,31.0,public,hy,"[""24""]","[""Kargin Haghordum"", ""Kargin haxordum"", ""Կարգին Հաղորդում"", ""Hayko Mko"", ""Armenian Humor"", ""Հայկո Մկո"", ""Հայկական Հումոր"", ""Hayko"", ""Mko"", ""Հյկո"", ""Մկո"", ""Kargin"", ""Կարգին"", ""Armenia Humor"", ""haykakan humor"", ""Armenian jokes"", ""HD"", ""humor"", ""Հումոր"", ""Kargin haxordum HD"", ""Kargin Haghordum HD"", ""Hayko Mko Kargin Haxordum"", ""jokes""]",,,,False,,,,"Կարգին Հաղորդում  
Hayko Mko Armenian Humor 
Հայկո Մկո Հայկական Հումոր",youtube,True,{},{},False,True,True,processed,hd,2d,rectangular,none,,0,api,2026-08-01T13:53:28+00:00,
DvZ-qwJ9C0Y,https://www.youtube.com/watch?v=DvZ-qwJ9C0Y,https://www.youtube.com/watch?v=DvZ-qwJ9C0Y&list=PLDDuEZQEC_uAuSrUXsFVBLNkPQY3BHzLQ&index=22&t=0s,Kargin Haghordum sketch 421 (Hayko Mko),KarginTV,UCEHF-l2v0qhi_IXzrfc3uZg,120,20121228,1099483,5982,,70.0,public,hy,"[""24""]","[""Kargin Haghordum"", ""Kargin haxordum"", ""Կարգին Հաղորդում"", ""Hayko Mko"", ""Armenian Humor"", ""Հայկո Մկո"", ""Հայկական Հումոր"", ""Hayko"", ""Mko"", ""Հյկո"", ""Մկո"", ""Kargin"", ""Կարգին"", ""Armenia Humor"", ""haykakan humor"", ""Armenian jokes"", ""HD"", ""humor"", ""Հումոր"", ""Kargin haxordum HD"", ""Kargin Haghordum HD"", ""Hayko Mko Kargin Haxordum"", ""jokes""]",,,,False,,,,"Կարգին Հաղորդում  
Hayko Mko Armenian Humor 
Հայկո Մկո Հայկական Հումոր",youtube,True,{},{},False,True,True,processed,hd,2d,rectangular,none,,0,api,2026-08-01T13:53:28+00:00,
ixUFJhp7iXQ,https://www.youtube.com/watch?v=ixUFJhp7iXQ,https://www.youtube.com/watch?v=ixUFJhp7iXQ&list=PLDDuEZQEC_uAuSrUXsFVBLNkPQY3BHzLQ&index=23&t=0s,Kargin Haghordum sketch 422 (Hayko Mko),KarginTV,UCEHF-l2v0qhi_IXzrfc3uZg,141,20121228,344408,1434,,17.0,public,hy,"[""24""]","[""Kargin Haghordum"", ""Kargin haxordum"", ""Կարգին Հաղորդում"", ""Hayko Mko"", ""Armenian Humor"", ""Հայկո Մկո"", ""Հայկական Հումոր"", ""Hayko"", ""Mko"", ""Հյկո"", ""Մկո"", ""Kargin"", ""Կարգին"", ""Armenia Humor"", ""haykakan humor"", ""Armenian jokes"", ""HD"", ""humor"", ""Հումոր"", ""Kargin haxordum HD"", ""Kargin Haghordum HD"", ""Hayko Mko Kargin Haxordum"", ""jokes""]",,,,False,,,,"Կարգին Հաղորդում  
Hayko Mko Armenian Humor 
Հայկո Մկո Հայկական Հումոր",youtube,True,{},{},False,True,True,processed,hd,2d,rectangular,none,,0,api,2026-08-01T13:53:28+00:00,
5hTfIoA547g,https://www.youtube.com/watch?v=5hTfIoA547g,https://www.youtube.com/watch?v=5hTfIoA547g&list=PLDDuEZQEC_uAuSrUXsFVBLNkPQY3BHzLQ&index=24&t=0s,Kargin Haghordum sketch 423 (Hayko Mko),KarginTV,UCEHF-l2v0qhi_IXzrfc3uZg,142,20121228,420450,1612,,25.0,public,hy,"[""24""]","[""Kargin Haghordum"", ""Kargin haxordum"", ""Կարգին Հաղորդում"", ""Hayko Mko"", ""Armenian Humor"", ""Հայկո Մկո"", ""Հայկական Հումոր"", ""Hayko"", ""Mko"", ""Հյկո"", ""Մկո"", ""Kargin"", ""Կարգին"", ""Armenia Humor"", ""haykakan humor"", ""Armenian jokes"", ""HD"", ""humor"", ""Հումոր"", ""Kargin haxordum HD"", ""Kargin Haghordum HD"", ""Hayko Mko Kargin Haxordum"", ""jokes""]",,,,False,,,,"Կարգին Հաղորդում  
Hayko Mko Armenian Humor 
Հայկո Մկո Հայկական Հումոր",youtube,True,{},{},False,True,True,processed,hd,2d,rectangular,none,,0,api,2026-08-01T13:53:28+00:00,
hBNHfoPXyME,https://www.youtube.com/watch?v=hBNHfoPXyME,https://www.youtube.com/watch?v=hBNHfoPXyME&list=PLDDuEZQEC_uAuSrUXsFVBLNkPQY3BHzLQ&index=25&t=0s,Kargin Haghordum sketch 424 (Hayko Mko),KarginTV,UCEHF-l2v0qhi_IXzrfc3uZg,240,20121228,3552809,13120,,274.0,public,hy,"[""24""]","[""Kargin Haghordum"", ""Kargin haxordum"", ""Կարգին Հաղորդում"", ""Hayko Mko"", ""Armenian Humor"", ""Հայկո Մկո"", ""Հայկական Հումոր"", ""Hayko"", ""Mko"", ""Հյկո"", ""Մկո"", ""Kargin"", ""Կարգին"", ""Armenia Humor"", ""haykakan humor"", ""Armenian jokes"", ""HD"", ""humor"", ""Հումոր"", ""Kargin haxordum HD"", ""Kargin Haghordum HD"", ""Hayko Mko Kargin Haxordum"", ""jokes""]",,,,False,,,,"Կարգին Հաղորդում  
Hayko Mko Armenian Humor 
Հայկո Մկո Հայկական Հումոր",youtube,False,{},{},False,True,True,processed,hd,2d,rectangular,none,,0,api,2026-08-01T13:53:28+00:00,
fRUGy2n63JY,https://www.youtube.com/watch?v=fRUGy2n63JY,https://www.youtube.com/watch?v=fRUGy2n63JY&list=PLDDuEZQEC_uAuSrUXsFVBLNkPQY3BHzLQ&index=26&t=0s,Kargin Haghordum sketch 425 (Hayko Mko),KarginTV,UCEHF-l2v0qhi_IXzrfc3uZg,135,20121228,552202,1639,,26.0,public,hy,"[""24""]","[""Kargin Haghordum"", ""Kargin haxordum"", ""Կարգին Հաղորդում"", ""Hayko Mko"", ""Armenian Humor"", ""Հայկո Մկո"", ""Հայկական Հումոր"", ""Hayko"", ""Mko"", ""Հյկո"", ""Մկո"", ""Kargin"", ""Կարգին"", ""Armenia Humor"", ""haykakan humor"", ""Armenian jokes"", ""HD"", ""humor"", ""Հումոր"", ""Kargin haxordum HD"", ""Kargin Haghordum HD"", ""Hayko Mko Kargin Haxordum"", ""jokes""]",,,,False,,,,"Կարգին Հաղորդում  
Hayko Mko Armenian Humor 
Հայկո Մկո Հայկական Հումոր",youtube,False,{},{},False,True,True,processed,hd,2d,rectangular,none,,0,api,2026-08-01T13:53:28+00:00,
PxsWkmJXfZY,https://www.youtube.com/watch?v=PxsWkmJXfZY,https://www.youtube.com/watch?v=PxsWkmJXfZY&list=PLDDuEZQEC_uAuSrUXsFVBLNkPQY3BHzLQ&index=27&t=0s,Kargin Haghordum sketch 426 (Hayko Mko),KarginTV,UCEHF-l2v0qhi_IXzrfc3uZg,147,20121228,372831,1812,,59.0,public,hy,"[""24""]","[""Kargin Haghordum"", ""Kargin haxordum"", ""Կարգին Հաղորդում"", ""Hayko Mko"", ""Armenian Humor"", ""Հայկո Մկո"", ""Հայկական Հումոր"", ""Hayko"", ""Mko"", ""Հյկո"", ""Մկո"", ""Kargin"", ""Կարգին"", ""Armenia Humor"", ""haykakan humor"", ""Armenian jokes"", ""HD"", ""humor"", ""Հումոր"", ""Kargin haxordum HD"", ""Kargin Haghordum HD"", ""Hayko Mko Kargin Haxordum"", ""jokes""]",,,,False,,,,"Կարգին Հաղորդում  
Hayko Mko Armenian Humor 
Հայկո Մկո Հայկական Հումոր",youtube,True,{},{},False,True,True,processed,hd,2d,rectangular,none,,0,api,2026-08-01T13:53:28+00:00,
gDUYrHF4s14,https://www.youtube.com/watch?v=gDUYrHF4s14,https://www.youtube.com/watch?v=gDUYrHF4s14&list=PLDDuEZQEC_uAuSrUXsFVBLNkPQY3BHzLQ&index=28&t=0s,Kargin Haghordum sketch 427 (Hayko Mko),KarginTV,UCEHF-l2v0qhi_IXzrfc3uZg,184,20121228,433405,1971,,43.0,public,hy,"[""24""]","[""Kargin Haghordum"", ""Kargin haxordum"", ""Կարգին Հաղորդում"", ""Hayko Mko"", ""Armenian Humor"", ""Հայկո Մկո"", ""Հայկական Հումոր"", ""Hayko"", ""Mko"", ""Հյկո"", ""Մկո"", ""Kargin"", ""Կարգին"", ""Armenia Humor"", ""haykakan humor"", ""Armenian jokes"", ""HD"", ""humor"", ""Հումոր"", ""Kargin haxordum HD"", ""Kargin Haghordum HD"", ""Hayko Mko Kargin Haxordum"", ""jokes""]",,,,False,,,,"Կարգին Հաղորդում  
Hayko Mko Armenian Humor 
Հայկո Մկո Հայկական Հումոր",youtube,False,{},{},False,True,True,processed,hd,2d,rectangular,none,,0,api,2026-08-01T13:53:28+00:00,
7-ecmDcVc08,https://www.youtube.com/watch?v=7-ecmDcVc08,https://www.youtube.com/watch?v=7-ecmDcVc08&list=PLDDuEZQEC_uAuSrUXsFVBLNkPQY3BHzLQ&index=29&t=0s,Kargin Haghordum sketch 428 (Hayko Mko),KarginTV,UCEHF-l2v0qhi_IXzrfc3uZg,187,20121228,912884,4396,,67.0,public,hy,"[""24""]","[""Kargin Haghordum"", ""Kargin haxordum"", ""Կարգին Հաղորդում"", ""Hayko Mko"", ""Armenian Humor"", ""Հայկո Մկո"", ""Հայկական Հումոր"", ""Hayko"", ""Mko"", ""Հյկո"", ""Մկո"", ""Kargin"", ""Կարգին"", ""Armenia Humor"", ""haykakan humor"", ""Armenian jokes"", ""HD"", ""humor"", ""Հումոր"", ""Kargin haxordum HD"", ""Kargin Haghordum HD"", ""Hayko Mko Kargin Haxordum"", ""jokes""]",,,,False,,,,"Կարգին Հաղորդում  
Hayko Mko Armenian Humor 
Հայկո Մկո Հայկական Հումոր",youtube,True,{},{},False,True,True,processed,hd,2d,rectangular,none,,0,api,2026-08-01T13:53:28+00:00,
RcTQt_nnpbA,https://www.youtube.com/watch?v=RcTQt_nnpbA,https://www.youtube.com/watch?v=RcTQt_nnpbA&list=PLDDuEZQEC_uAuSrUXsFVBLNkPQY3BHzLQ&index=30&t=0s,Kargin Haghordum sketch 429 (Hayko Mko),KarginTV,UCEHF-l2v0qhi_IXzrfc3uZg,229,20121228,162587,916,,15.0,public,hy,"[""24""]","[""Kargin Haghordum"", ""Kargin haxordum"", ""Կարգին Հաղորդում"", ""Hayko Mko"", ""Armenian Humor"", ""Հայկո Մկո"", ""Հայկական Հումոր"", ""Hayko"", ""Mko"", ""Հյկո"", ""Մկո"", ""Kargin"", ""Կարգին"", ""Armenia Humor"", ""haykakan humor"", ""Armenian jokes"", ""HD"", ""humor"", ""Հումոր"", ""Kargin haxordum HD"", ""Kargin Haghordum HD"", ""Hayko Mko Kargin Haxordum"", ""jokes""]",,,,False,,,,"Կարգին Հաղորդում  
Hayko Mko Armenian Humor 
Հայկո Մկո Հայկական Հումոր",youtube,False,{},{},False,True,True,processed,hd,2d,rectangular,none,,0,api,2026-08-01T13:53:28+00:00,
sSIXTq8KlTw,https://www.youtube.com/watch?v=sSIXTq8KlTw,https://www.youtube.com/watch?v=sSIXTq8KlTw&list=PLDDuEZQEC_uAuSrUXsFVBLNkPQY3BHzLQ&index=31&t=0s,Kargin Haghordum sketch 430 (Hayko Mko),KarginTV,UCEHF-l2v0qhi_IXzrfc3uZg,168,20121228,368349,2404,,108.0,public,hy,"[""24""]","[""Kargin Haghordum"", ""Kargin haxordum"", ""Կարգին Հաղորդում"", ""Hayko Mko"", ""Armenian Humor"", ""Հայկո Մկո"", ""Հայկական Հումոր"", ""Hayko"", ""Mko"", ""Հյկո"", ""Մկո"", ""Kargin"", ""Կարգին"", ""Armenia Humor"", ""haykakan humor"", ""Armenian jokes"", ""HD"", ""humor"", ""Հումոր"", ""Kargin haxordum HD"", ""Kargin Haghordum HD"", ""Hayko Mko Kargin Haxordum"", ""jokes""]",,,,False,,,,"Կարգին Հաղորդում  
Hayko Mko Armenian Humor 
Հայկո Մկո Հայկական Հումոր",youtube,True,{},{},False,True,True,processed,hd,2d,rectangular,none,,0,api,2026-08-01T13:53:28+00:00,
T9eF1pzS0Gw,https://www.youtube.com/watch?v=T9eF1pzS0Gw,https://www.youtube.com/watch?v=T9eF1pzS0Gw&list=PLDDuEZQEC_uAuSrUXsFVBLNkPQY3BHzLQ&index=32&t=0s,Kargin Haghordum sketch 431 (Hayko Mko),KarginTV,UCEHF-l2v0qhi_IXzrfc3uZg,181,20121228,406284,1207,,29.0,public,hy,"[""24""]","[""Kargin Haghordum"", ""Kargin haxordum"", ""Կարգին Հաղորդում"", ""Hayko Mko"", ""Armenian Humor"", ""Հայկո Մկո"", ""Հայկական Հումոր"", ""Hayko"", ""Mko"", ""Հյկո"", ""Մկո"", ""Kargin"", ""Կարգին"", ""Armenia Humor"", ""haykakan humor"", ""Armenian jokes"", ""HD"", ""humor"", ""Հումոր"", ""Kargin haxordum HD"", ""Kargin Haghordum HD"", ""Hayko Mko Kargin Haxordum"", ""jokes""]",,,,False,,,,"Կարգին Հաղորդում  
Hayko Mko Armenian Humor 
Հայկո Մկո Հայկական Հումոր",youtube,False,"{""blocked"": [""BY"", ""RU""]}",{},False,True,True,processed,hd,2d,rectangular,none,,0,api,2026-08-01T13:53:28+00:00,
SWF0HecSwYA,https://www.youtube.com/watch?v=SWF0HecSwYA,https://www.youtube.com/watch?v=SWF0HecSwYA&list=PLDDuEZQEC_uAuSrUXsFVBLNkPQY3BHzLQ&index=33&t=0s,Kargin Haghordum sketch 432 (Hayko Mko),KarginTV,UCEHF-l2v0qhi_IXzrfc3uZg,233,20121228,510561,3811,,112.0,public,hy,"[""24""]","[""Kargin Haghordum"", ""Kargin haxordum"", ""Կարգին Հաղորդում"", ""Hayko Mko"", ""Armenian Humor"", ""Հայկո Մկո"", ""Հայկական Հումոր"", ""Hayko"", ""Mko"", ""Հյկո"", ""Մկո"", ""Kargin"", ""Կարգին"", ""Armenia Humor"", ""haykakan humor"", ""Armenian jokes"", ""HD"", ""humor"", ""Հումոր"", ""Kargin haxordum HD"", ""Kargin Haghordum HD"", ""Hayko Mko Kargin Haxordum"", ""jokes""]",,,,False,,,,"Կարգին Հաղորդում  
Hayko Mko Armenian Humor 
Հայկո Մկո Հայկական Հումոր",youtube,True,{},{},False,True,True,processed,hd,2d,rectangular,none,,0,api,2026-08-01T13:53:28+00:00,
d3AsbzNxb5c,https://www.youtube.com/watch?v=d3AsbzNxb5c,https://www.youtube.com/watch?v=d3AsbzNxb5c&list=PLDDuEZQEC_uAuSrUXsFVBLNkPQY3BHzLQ&index=34&t=0s,Kargin Haghordum sketch 433 (Hayko Mko),KarginTV,UCEHF-l2v0qhi_IXzrfc3uZg,183,20121227,420367,2676,,29.0,public,hy,"[""24""]","[""Kargin Haghordum"", ""Kargin haxordum"", ""Կարգին Հաղորդում"", ""Hayko Mko"", ""Armenian Humor"", ""Հայկո Մկո"", ""Հայկական Հումոր"", ""Hayko"", ""Mko"", ""Հյկո"", ""Մկո"", ""Kargin"", ""Կարգին"", ""Armenia Humor"", ""haykakan humor"", ""Armenian jokes"", ""HD"", ""humor"", ""Հումոր"", ""Kargin haxordum HD"", ""Kargin Haghordum HD"", ""Hayko Mko Kargin Haxordum"", ""jokes""]",,,,False,,,,"Կարգին Հաղորդում  
Hayko Mko Armenian Humor 
Հայկո Մկո Հայկական Հումոր",youtube,True,{},{},False,True,True,processed,hd,2d,rectangular,none,,0,api,2026-08-01T13:53:28+00:00,
Ib9yBOygb0w,https://www.youtube.com/watch?v=Ib9yBOygb0w,https://www.youtube.com/watch?v=Ib9yBOygb0w&list=PLDDuEZQEC_uAuSrUXsFVBLNkPQY3BHzLQ&index=35&t=0s,Kargin Haghordum sketch 434 (Hayko Mko),KarginTV,UCEHF-l2v0qhi_IXzrfc3uZg,132,20121228,582431,3498,,89.0,public,hy,"[""24""]","[""Kargin Haghordum"", ""Kargin haxordum"", ""Կարգին Հաղորդում"", ""Hayko Mko"", ""Armenian Humor"", ""Հայկո Մկո"", ""Հայկական Հումոր"", ""Hayko"", ""Mko"", ""Հյկո"", ""Մկո"", ""Kargin"", ""Կարգին"", ""Armenia Humor"", ""haykakan humor"", ""Armenian jokes"", ""HD"", ""humor"", ""Հումոր"", ""Kargin haxordum HD"", ""Kargin Haghordum HD"", ""Hayko Mko Kargin Haxordum"", ""jokes""]",,,,False,,,,"Կարգին Հաղորդում  
Hayko Mko Armenian Humor 
Հայկո Մկո Հայկական Հումոր",youtube,True,{},{},False,True,True,processed,hd,2d,rectangular,none,,0,api,2026-08-01T13:53:28+00:00,
BpMQ8COre60,https://www.youtube.com/watch?v=BpMQ8COre60,https://www.youtube.com/watch?v=BpMQ8COre60&list=PLDDuEZQEC_uAuSrUXsFVBLNkPQY3BHzLQ&index=36&t=0s,Kargin Haghordum sketch 435 (Hayko Mko),KarginTV,UCEHF-l2v0qhi_IXzrfc3uZg,123,20121228,787745,2244,,22.0,public,hy,"[""24""]","[""Kargin Haghordum"", ""Kargin haxordum"", ""Կարգին Հաղորդում"", ""Hayko Mko"", ""Armenian Humor"", ""Հայկո Մկո"", ""Հայկական Հումոր"", ""Hayko"", ""Mko"", ""Հյկո"", ""Մկո"", ""Kargin"", ""Կարգին"", ""Armenia Humor"", ""haykakan humor"", ""Armenian jokes"", ""HD"", ""humor"", ""Հումոր"", ""Kargin haxordum HD"", ""Kargin Haghordum HD"", ""Hayko Mko Kargin Haxordum"", ""jokes""]",,,,False,,,,"Կարգին Հաղորդում  
Hayko Mko Armenian Humor 
Հայկո Մկո Հայկական Հումոր",youtube,True,{},{},False,True,True,processed,hd,2d,rectangular,none,,0,api,2026-08-01T13:53:28+00:00,
qwoJ8e5gQ1M,https://www.youtube.com/watch?v=qwoJ8e5gQ1M,https://www.youtube.com/watch?v=qwoJ8e5gQ1M&list=PLDDuEZQEC_uAuSrUXsFVBLNkPQY3BHzLQ&index=37&t=0s,Kargin Haghordum sketch 436 (Hayko Mko),KarginTV,UCEHF-l2v0qhi_IXzrfc3uZg,96,20121228,227785,1143,,14.0,public,hy,"[""24""]","[""Kargin Haghordum"", ""Kargin haxordum"", ""Կարգին Հաղորդում"", ""Hayko Mko"", ""Armenian Humor"", ""Հայկո Մկո"", ""Հայկական Հումոր"", ""Hayko"", ""Mko"", ""Հյկո"", ""Մկո"", ""Kargin"", ""Կարգին"", ""Armenia Humor"", ""haykakan humor"", ""Armenian jokes"", ""HD"", ""humor"", ""Հումոր"", ""Kargin haxordum HD"", ""Kargin Haghordum HD"", ""Hayko Mko Kargin Haxordum"", ""jokes""]",,,,False,,,,"Կարգին Հաղորդում  
Hayko Mko Armenian Humor 
Հայկո Մկո Հայկական Հումոր",youtube,True,{},{},False,True,True,processed,hd,2d,rectangular,none,,0,api,2026-08-01T13:53:28+00:00,
CkZ0ApWf49s,https://www.youtube.com/watch?v=CkZ0ApWf49s,https://www.youtube.com/watch?v=CkZ0ApWf49s&list=PLDDuEZQEC_uAuSrUXsFVBLNkPQY3BHzLQ&index=38&t=0s,Kargin Haghordum sketch 437 (Hayko Mko),KarginTV,UCEHF-l2v0qhi_IXzrfc3uZg,236,20121228,777314,4090,,86.0,public,hy,"[""24""]","[""Kargin Haghordum"", ""Kargin haxordum"", ""Կարգին Հաղորդում"", ""Hayko Mko"", ""Armenian Humor"", ""Հայկո Մկո"", ""Հայկական Հումոր"", ""Hayko"", ""Mko"", ""Հյկո"", ""Մկո"", ""Kargin"", ""Կարգին"", ""Armenia Humor"", ""haykakan humor"", ""Armenian jokes"", ""HD"", ""humor"", ""Հումոր"", ""Kargin haxordum HD"", ""Kargin Haghordum HD"", ""Hayko Mko Kargin Haxordum"", ""jokes""]",,,,False,,,,"Կարգին Հաղորդում  
Hayko Mko Armenian Humor 
Հայկո Մկո Հայկական Հումոր",youtube,False,{},{},False,True,True,processed,hd,2d,rectangular,none,,0,api,2026-08-01T13:53:28+00:00,
WVWD4XSgcgs,https://www.youtube.com/watch?v=WVWD4XSgcgs,https://www.youtube.com/watch?v=WVWD4XSgcgs&list=PLDDuEZQEC_uAuSrUXsFVBLNkPQY3BHzLQ&index=39&t=0s,Kargin Haghordum sketch 438 (Hayko Mko),KarginTV,UCEHF-l2v0qhi_IXzrfc3uZg,233,20121228,1048237,5442,,88.0,public,hy,"[""24""]","[""Kargin Haghordum"", ""Kargin haxordum"", ""Կարգին Հաղորդում"", ""Hayko Mko"", ""Armenian Humor"", ""Հայկո Մկո"", ""Հայկական Հումոր"", ""Hayko"", ""Mko"", ""Հյկո"", ""Մկո"", ""Kargin"", ""Կարգին"", ""Armenia Humor"", ""haykakan humor"", ""Armenian jokes"", ""HD"", ""humor"", ""Հումոր"", ""Kargin haxordum HD"", ""Kargin Haghordum HD"", ""Hayko Mko Kargin Haxordum"", ""jokes""]",,,,False,,,,"Կարգին Հաղորդում  
Hayko Mko Armenian Humor 
Հայկո Մկո Հայկական Հումոր",youtube,False,"{""blocked"": [""RU""]}",{},False,True,True,processed,hd,2d,rectangular,none,,0,api,2026-08-01T13:53:28+00:00,
qjMR_AJZwLc,https://www.youtube.com/watch?v=qjMR_AJZwLc,https://www.youtube.com/watch?v=qjMR_AJZwLc&list=PLDDuEZQEC_uAuSrUXsFVBLNkPQY3BHzLQ&index=40&t=0s,Kargin Haghordum sketch 439 (Hayko Mko),KarginTV,UCEHF-l2v0qhi_IXzrfc3uZg,151,20121228,627882,2369,,46.0,public,hy,"[""24""]","[""Kargin Haghordum"", ""Kargin haxordum"", ""Կարգին Հաղորդում"", ""Hayko Mko"", ""Armenian Humor"", ""Հայկո Մկո"", ""Հայկական Հումոր"", ""Hayko"", ""Mko"", ""Հյկո"", ""Մկո"", ""Kargin"", ""Կարգին"", ""Armenia Humor"", ""haykakan humor"", ""Armenian jokes"", ""HD"", ""humor"", ""Հումոր"", ""Kargin haxordum HD"", ""Kargin Haghordum HD"", ""Hayko Mko Kargin Haxordum"", ""jokes""]",,,,False,,,,"Կարգին Հաղորդում  
Hayko Mko Armenian Humor 
Հայկո Մկո Հայկական Հումոր",youtube,True,{},{},False,True,True,processed,hd,2d,rectangular,none,,0,api,2026-08-01T13:53:28+00:00,
vYkDOl0_-vs,https://www.youtube.com/watch?v=vYkDOl0_-vs,https://www.youtube.com/watch?v=vYkDOl0_-vs&list=PLDDuEZQEC_uAuSrUXsFVBLNkPQY3BHzLQ&index=41&t=0s,Kargin Haghordum sketch 440 (Hayko Mko),KarginTV,UCEHF-l2v0qhi_IXzrfc3uZg,187,20121228,746871,3542,,44.0,public,hy,"[""24""]","[""Kargin Haghordum"", ""Kargin haxordum"", ""Կարգին Հաղորդում"", ""Hayko Mko"", ""Armenian Humor"", ""Հայկո Մկո"", ""Հայկական Հումոր"", ""Hayko"", ""Mko"", ""Հյկո"", ""Մկո"", ""Kargin"", ""Կարգին"", ""Armenia Humor"", ""haykakan humor"", ""Armenian jokes"", ""HD"", ""humor"", ""Հումոր"", ""Kargin haxordum HD"", ""Kargin Haghordum HD"", ""Hayko Mko Kargin Haxordum"", ""jokes""]",,,,False,,,,"Կարգին Հաղորդում  
Hayko Mko Armenian Humor 
Հայկո Մկո Հայկական Հումոր",youtube,False,{},{},False,True,True,processed,hd,2d,rectangular,none,,0,api,2026-08-01T13:53:28+00:00,
mP36bTMUBUU,https://www.youtube.com/watch?v=mP36bTMUBUU,https://www.youtube.com/watch?v=mP36bTMUBUU&list=PLDDuEZQEC_uAuSrUXsFVBLNkPQY3BHzLQ&index=42&t=0s,Kargin Haghordum sketch 441 (Hayko Mko),KarginTV,UCEHF-l2v0qhi_IXzrfc3uZg,153,20121228,782408,3809,,56.0,public,hy,"[""24""]","[""Kargin Haghordum"", ""Kargin haxordum"", ""Կարգին Հաղորդում"", ""Hayko Mko"", ""Armenian Humor"", ""Հայկո Մկո"", ""Հայկական Հումոր"", ""Hayko"", ""Mko"", ""Հյկո"", ""Մկո"", ""Kargin"", ""Կարգին"", ""Armenia Humor"", ""haykakan humor"", ""Armenian jokes"", ""HD"", ""humor"", ""Հումոր"", ""Kargin haxordum HD"", ""Kargin Haghordum HD"", ""Hayko Mko Kargin Haxordum"", ""jokes""]",,,,False,,,,"Կարգին Հաղորդում  
Hayko Mko Armenian Humor 
Հայկո Մկո Հայկական Հումոր",youtube,True,{},{},False,True,True,processed,hd,2d,rectangular,none,,0,api,2026-08-01T13:53:28+00:00,
xVpyEOc0y_Y,https://www.youtube.com/watch?v=xVpyEOc0y_Y,https://www.youtube.com/watch?v=xVpyEOc0y_Y&list=PLDDuEZQEC_uAuSrUXsFVBLNkPQY3BHzLQ&index=43&t=0s,Kargin Haghordum sketch 442 (Hayko Mko),KarginTV,UCEHF-l2v0qhi_IXzrfc3uZg,165,20121228,415251,2880,,27.0,public,hy,"[""24""]","[""Kargin Haghordum"", ""Kargin haxordum"", ""Կարգին Հաղորդում"", ""Hayko Mko"", ""Armenian Humor"", ""Հայկո Մկո"", ""Հայկական Հումոր"", ""Hayko"", ""Mko"", ""Հյկո"", ""Մկո"", ""Kargin"", ""Կարգին"", ""Armenia Humor"", ""haykakan humor"", ""Armenian jokes"", ""HD"", ""humor"", ""Հումոր"", ""Kargin haxordum HD"", ""Kargin Haghordum HD"", ""Hayko Mko Kargin Haxordum"", ""jokes""]",,,,False,,,,"Կարգին Հաղորդում  
Hayko Mko Armenian Humor 
Հայկո Մկո Հայկական Հումոր",youtube,True,{},{},False,True,True,processed,hd,2d,rectangular,none,,0,api,2026-08-01T13:53:28+00:00,
1VQg6CN7eH8,https://www.youtube.com/watch?v=1VQg6CN7eH8,https://www.youtube.com/watch?v=1VQg6CN7eH8&list=PLDDuEZQEC_uAuSrUXsFVBLNkPQY3BHzLQ&index=44&t=0s,Kargin Haghordum sketch 443 (Hayko Mko),KarginTV,UCEHF-l2v0qhi_IXzrfc3uZg,158,20121228,472383,3870,,32.0,public,hy,"[""24""]","[""Kargin Haghordum"", ""Kargin haxordum"", ""Կարգին Հաղորդում"", ""Hayko Mko"", ""Armenian Humor"", ""Հայկո Մկո"", ""Հայկական Հումոր"", ""Hayko"", ""Mko"", ""Հյկո"", ""Մկո"", ""Kargin"", ""Կարգին"", ""Armenia Humor"", ""haykakan humor"", ""Armenian jokes"", ""HD"", ""humor"", ""Հումոր"", ""Kargin haxordum HD"", ""Kargin Haghordum HD"", ""Hayko Mko Kargin Haxordum"", ""jokes""]",,,,False,,,,"Կարգին Հաղորդում  
Hayko Mko Armenian Humor 
Հայկո Մկո Հայկական Հումոր",youtube,True,{},{},False,True,True,processed,hd,2d,rectangular,none,,0,api,2026-08-01T13:53:28+00:00,
NIZVoe-eji8,https://www.youtube.com/watch?v=NIZVoe-eji8,https://www.youtube.com/watch?v=NIZVoe-eji8&list=PLDDuEZQEC_uAuSrUXsFVBLNkPQY3BHzLQ&index=45&t=0s,Kargin Haghordum sketch 444 (Hayko Mko),KarginTV,UCEHF-l2v0qhi_IXzrfc3uZg,140,20121228,724238,3829,,40.0,public,hy,"[""24""]","[""Kargin Haghordum"", ""Kargin haxordum"", ""Կարգին Հաղորդում"", ""Hayko Mko"", ""Armenian Humor"", ""Հայկո Մկո"", ""Հայկական Հումոր"", ""Hayko"", ""Mko"", ""Հյկո"", ""Մկո"", ""Kargin"", ""Կարգին"", ""Armenia Humor"", ""haykakan humor"", ""Armenian jokes"", ""HD"", ""humor"", ""Հումոր"", ""Kargin haxordum HD"", ""Kargin Haghordum HD"", ""Hayko Mko Kargin Haxordum"", ""jokes""]",,,,False,,,,"Կարգին Հաղորդում  
Hayko Mko Armenian Humor 
Հայկո Մկո Հայկական Հումոր",youtube,False,{},{},False,True,True,processed,hd,2d,rectangular,none,,0,api,2026-08-01T13:53:28+00:00,
85ZJo9VyhWA,https://www.youtube.com/watch?v=85ZJo9VyhWA,https://www.youtube.com/watch?v=85ZJo9VyhWA&list=PLDDuEZQEC_uAuSrUXsFVBLNkPQY3BHzLQ&index=46&t=0s,Kargin Haghordum sketch 445 (Hayko Mko),KarginTV,UCEHF-l2v0qhi_IXzrfc3uZg,184,20121228,991216,3738,,51.0,public,hy,"[""24""]","[""Kargin Haghordum"", ""Kargin haxordum"", ""Կարգին Հաղորդում"", ""Hayko Mko"", ""Armenian Humor"", ""Հայկո Մկո"", ""Հայկական Հումոր"", ""Hayko"", ""Mko"", ""Հյկո"", ""Մկո"", ""Kargin"", ""Կարգին"", ""Armenia Humor"", ""haykakan humor"", ""Armenian jokes"", ""HD"", ""humor"", ""Հումոր"", ""Kargin haxordum HD"", ""Kargin Haghordum HD"", ""Hayko Mko Kargin Haxordum"", ""jokes""]",,,,False,,,,"Կարգին Հաղորդում  
Hayko Mko Armenian Humor 
Հայկո Մկո Հայկական Հումոր",youtube,True,{},{},False,True,True,processed,hd,2d,rectangular,none,,0,api,2026-08-01T13:53:28+00:00,
Edx0cGNBq_Q,https://www.youtube.com/watch?v=Edx0cGNBq_Q,https://www.youtube.com/watch?v=Edx0cGNBq_Q&list=PLDDuEZQEC_uAuSrUXsFVBLNkPQY3BHzLQ&index=47&t=0s,Kargin Haghordum sketch 446 (Hayko Mko),KarginTV,UCEHF-l2v0qhi_IXzrfc3uZg,142,20121228,177535,1355,,26.0,public,hy,"[""24""]","[""Kargin Haghordum"", ""Kargin haxordum"", ""Կարգին Հաղորդում"", ""Hayko Mko"", ""Armenian Humor"", ""Հայկո Մկո"", ""Հայկական Հումոր"", ""Hayko"", ""Mko"", ""Հյկո"", ""Մկո"", ""Kargin"", ""Կարգին"", ""Armenia Humor"", ""haykakan humor"", ""Armenian jokes"", ""HD"", ""humor"", ""Հումոր"", ""Kargin haxordum HD"", ""Kargin Haghordum HD"", ""Hayko Mko Kargin Haxordum"", ""jokes""]",,,,False,,,,"Կարգին Հաղորդում  
Hayko Mko Armenian Humor 
Հայկո Մկո Հայկական Հումոր",youtube,False,{},{},False,True,True,processed,hd,2d,rectangular,none,,0,api,2026-08-01T13:53:28+00:00,
rIE7ZYX5WtI,https://www.youtube.com/watch?v=rIE7ZYX5WtI,https://www.youtube.com/watch?v=rIE7ZYX5WtI&list=PLDDuEZQEC_uAuSrUXsFVBLNkPQY3BHzLQ&index=48&t=0s,Kargin Haghordum sketch 447 (Hayko Mko),KarginTV,UCEHF-l2v0qhi_IXzrfc3uZg,109,20121228,492773,2349,,35.0,public,hy,"[""24""]","[""Kargin Haghordum"", ""Kargin haxordum"", ""Կարգին Հաղորդում"", ""Hayko Mko"", ""Armenian Humor"", ""Հայկո Մկո"", ""Հայկական Հումոր"", ""Hayko"", ""Mko"", ""Հյկո"", ""Մկո"", ""Kargin"", ""Կարգին"", ""Armenia Humor"", ""haykakan humor"", ""Armenian jokes"", ""HD"", ""humor"", ""Հումոր"", ""Kargin haxordum HD"", ""Kargin Haghordum HD"", ""Hayko Mko Kargin Haxordum"", ""jokes""]",,,,False,,,,"Կարգին Հաղորդում  
Hayko Mko Armenian Humor 
Հայկո Մկո Հայկական Հումոր",youtube,True,{},{},False,True,True,processed,hd,2d,rectangular,none,,0,api,2026-08-01T13:53:28+00:00,
C4IPn7C4Gg0,https://www.youtube.com/watch?v=C4IPn7C4Gg0,https://www.youtube.com/watch?v=C4IPn7C4Gg0&list=PLDDuEZQEC_uAuSrUXsFVBLNkPQY3BHzLQ&index=49&t=0s,Kargin Haghordum sketch 448 (Hayko Mko),KarginTV,UCEHF-l2v0qhi_IXzrfc3uZg,123,20121228,1858033,5481,,79.0,public,hy,"[""24""]","[""Kargin Haghordum"", ""Kargin haxordum"", ""Կարգին Հաղորդում"", ""Hayko Mko"", ""Armenian Humor"", ""Հայկո Մկո"", ""Հայկական Հումոր"", ""Hayko"", ""Mko"", ""Հյկո"", ""Մկո"", ""Kargin"", ""Կարգին"", ""Armenia Humor"", ""haykakan humor"", ""Armenian jokes"", ""HD"", ""humor"", ""Հումոր"", ""Kargin haxordum HD"", ""Kargin Haghordum HD"", ""Hayko Mko Kargin Haxordum"", ""jokes""]",,,,False,,,,"Կարգին Հաղորդում  
Hayko Mko Armenian Humor 
Հայկո Մկո Հայկական Հումոր",youtube,True,{},{},False,True,True,processed,hd,2d,rectangular,none,,0,api,2026-08-01T13:53:28+00:00,
harP-lMl-aA,https://www.youtube.com/watch?v=harP-lMl-aA,https://www.youtube.com/watch?v=harP-lMl-aA&list=PLDDuEZQEC_uAuSrUXsFVBLNkPQY3BHzLQ&index=50&t=0s,Kargin Haghordum sketch 449 (Hayko Mko),KarginTV,UCEHF-l2v0qhi_IXzrfc3uZg,172,20121228,518390,1643,,40.0,public,hy,"[""24""]","[""Kargin Haghordum"", ""Kargin haxordum"", ""Կարգին Հաղորդում"", ""Hayko Mko"", ""Armenian Humor"", ""Հայկո Մկո"", ""Հայկական Հումոր"", ""Hayko"", ""Mko"", ""Հյկո"", ""Մկո"", ""Kargin"", ""Կարգին"", ""Armenia Humor"", ""haykakan humor"", ""Armenian jokes"", ""HD"", ""humor"", ""Հումոր"", ""Kargin haxordum HD"", ""Kargin Haghordum HD"", ""Hayko Mko Kargin Haxordum"", ""jokes""]",,,,False,,,,"Կարգին Հաղորդում  
Hayko Mko Armenian Humor 
Հայկո Մկո Հայկական Հումոր",youtube,False,{},{},False,True,True,processed,hd,2d,rectangular,none,,0,api,2026-08-01T13:53:28+00:00,
d6r41kkDJvA,https://www.youtube.com/watch?v=d6r41kkDJvA,https://www.youtube.com/watch?v=d6r41kkDJvA&list=PLDDuEZQEC_uAuSrUXsFVBLNkPQY3BHzLQ&index=51&t=0s,Kargin Haghordum sketch 450 (Hayko Mko),KarginTV,UCEHF-l2v0qhi_IXzrfc3uZg,118,20121228,305857,1521,,23.0,public,hy,"[""24""]","[""Kargin Haghordum"", ""Kargin haxordum"", ""Կարգին Հաղորդում"", ""Hayko Mko"", ""Armenian Humor"", ""Հայկո Մկո"", ""Հայկական Հումոր"", ""Hayko"", ""Mko"", ""Հյկո"", ""Մկո"", ""Kargin"", ""Կարգին"", ""Armenia Humor"", ""haykakan humor"", ""Armenian jokes"", ""HD"", ""humor"", ""Հումոր"", ""Kargin haxordum HD"", ""Kargin Haghordum HD"", ""Hayko Mko Kargin Haxordum"", ""jokes""]",,,,False,,,,"Կարգին Հաղորդում  
Hayko Mko Armenian Humor 
Հայկո Մկո Հայկական Հումոր",youtube,True,{},{},False,True,True,processed,hd,2d,rectangular,none,,0,api,2026-08-01T13:53:28+00:00,
tURQnf_trY0,https://www.youtube.com/watch?v=tURQnf_trY0,https://www.youtube.com/watch?v=tURQnf_trY0&list=PLDDuEZQEC_uAuSrUXsFVBLNkPQY3BHzLQ&index=52&t=0s,Kargin Haghordum sketch 451 (Hayko Mko),KarginTV,UCEHF-l2v0qhi_IXzrfc3uZg,361,20121228,680930,3525,,96.0,public,hy,"[""24""]","[""Kargin Haghordum"", ""Kargin haxordum"", ""Կարգին Հաղորդում"", ""Hayko Mko"", ""Armenian Humor"", ""Հայկո Մկո"", ""Հայկական Հումոր"", ""Hayko"", ""Mko"", ""Հյկո"", ""Մկո"", ""Kargin"", ""Կարգին"", ""Armenia Humor"", ""haykakan humor"", ""Armenian jokes"", ""HD"", ""humor"", ""Հումոր"", ""Kargin haxordum HD"", ""Kargin Haghordum HD"", ""Hayko Mko Kargin Haxordum"", ""jokes""]",,,,False,,,,"Կարգին Հաղորդում  
Hayko Mko Armenian Humor 
Հայկո Մկո Հայկական Հումոր",youtube,False,{},{},False,True,True,processed,hd,2d,rectangular,none,,0,api,2026-08-01T13:53:28+00:00,
bVP8dzuxVkY,https://www.youtube.com/watch?v=bVP8dzuxVkY,https://www.youtube.com/watch?v=bVP8dzuxVkY&list=PLDDuEZQEC_uAuSrUXsFVBLNkPQY3BHzLQ&index=53&t=0s,Kargin Haghordum sketch 452 (Hayko Mko),KarginTV,UCEHF-l2v0qhi_IXzrfc3uZg,146,20121228,103768,532,,9.0,public,hy,"[""24""]","[""Kargin Haghordum"", ""Kargin haxordum"", ""Կարգին Հաղորդում"", ""Hayko Mko"", ""Armenian Humor"", ""Հայկո Մկո"", ""Հայկական Հումոր"", ""Hayko"", ""Mko"", ""Հյկո"", ""Մկո"", ""Kargin"", ""Կարգին"", ""Armenia Humor"", ""haykakan humor"", ""Armenian jokes"", ""HD"", ""humor"", ""Հումոր"", ""Kargin haxordum HD"", ""Kargin Haghordum HD"", ""Hayko Mko Kargin Haxordum"", ""jokes""]",,,,False,,,,"Կարգին Հաղորդում  
Hayko Mko Armenian Humor 
Հայկո Մկո Հայկական Հումոր",youtube,True,{},{},False,True,True,processed,hd,2d,rectangular,none,,0,api,2026-08-01T13:53:28+00:00,
a3yO4k2Z6Vw,https://www.youtube.com/watch?v=a3yO4k2Z6Vw,https://www.youtube.com/watch?v=a3yO4k2Z6Vw&list=PLDDuEZQEC_uAuSrUXsFVBLNkPQY3BHzLQ&index=60&t=0s,Kargin Haghordum sketch 459 (Hayko Mko),KarginTV,UCEHF-l2v0qhi_IXzrfc3uZg,175,20121228,609580,2776,,43.0,public,hy,"[""24""]","[""Kargin Haghordum"", ""Kargin haxordum"", ""Կարգին Հաղորդում"", ""Hayko Mko"", ""Armenian Humor"", ""Հայկո Մկո"", ""Հայկական Հումոր"", ""Hayko"", ""Mko"", ""Հյկո"", ""Մկո"", ""Kargin"", ""Կարգին"", ""Armenia Humor"", ""haykakan humor"", ""Armenian jokes"", ""HD"", ""humor"", ""Հումոր"", ""Kargin haxordum HD"", ""Kargin Haghordum HD"", ""Hayko Mko Kargin Haxordum"", ""jokes""]",,,,False,,,,"Կարգին Հաղորդում  
Hayko Mko Armenian Humor 
Հայկո Մկո Հայկական Հումոր",youtube,True,{},{},False,True,True,processed,hd,2d,rectangular,none,,0,api,2026-08-01T13:53:28+00:00,
5sXTp5UE-Vg,https://www.youtube.com/watch?v=5sXTp5UE-Vg,https://www.youtube.com/watch?v=5sXTp5UE-Vg&list=PLDDuEZQEC_uAuSrUXsFVBLNkPQY3BHzLQ&index=61&t=0s,Kargin Haghordum sketch 460 (Hayko Mko),KarginTV,UCEHF-l2v0qhi_IXzrfc3uZg,93,20121228,980636,5089,,92.0,public,hy,"[""24""]","[""Kargin Haghordum"", ""Kargin haxordum"", ""Կարգին Հաղորդում"", ""Hayko Mko"", ""Armenian Humor"", ""Հայկո Մկո"", ""Հայկական Հումոր"", ""Hayko"", ""Mko"", ""Հյկո"", ""Մկո"", ""Kargin"", ""Կարգին"", ""Armenia Humor"", ""haykakan humor"", ""Armenian jokes"", ""HD"", ""humor"", ""Հումոր"", ""Kargin haxordum HD"", ""Kargin Haghordum HD"", ""Hayko Mko Kargin Haxordum"", ""jokes""]",,,,False,,,,"Կարգին Հաղորդում  
Hayko Mko Armenian Humor 
Հայկո Մկո Հայկական Հումոր",youtube,False,"{""blocked"": [""AS"", ""PR"", ""UM"", ""US""]}",{},False,True,True,processed,hd,2d,rectangular,none,,0,api,2026-08-01T13:53:28+00:00,
cr5PqDj2YBA,https://www.youtube.com/watch?v=cr5PqDj2YBA,https://www.youtube.com/watch?v=cr5PqDj2YBA&list=PLDDuEZQEC_uAuSrUXsFVBLNkPQY3BHzLQ&index=82&t=0s,Kargin Haghordum sketch 481 (Hayko Mko),KarginTV,UCEHF-l2v0qhi_IXzrfc3uZg,257,20121228,1145373,5103,,90.0,public,hy,"[""24""]","[""Kargin Haghordum"", ""Kargin haxordum"", ""Կարգին Հաղորդում"", ""Hayko Mko"", ""Armenian Humor"", ""Հայկո Մկո"", ""Հայկական Հումոր"", ""Hayko"", ""Mko"", ""Հյկո"", ""Մկո"", ""Kargin"", ""Կարգին"", ""Armenia Humor"", ""haykakan humor"", ""Armenian jokes"", ""HD"", ""humor"", ""Հումոր"", ""Kargin haxordum HD"", ""Kargin Haghordum HD"", ""Hayko Mko Kargin Haxordum"", ""jokes""]",,,,False,,,,"Կարգին Հաղորդում  
Hayko Mko Armenian Humor 
Հայկո Մկո Հայկական Հումոր",youtube,True,{},{},False,True,True,processed,hd,2d,rectangular,none,,0,api,2026-08-01T13:53:28+00:00,
Qe6HjBcKqao,https://www.youtube.com/watch?v=Qe6HjBcKqao,https://www.youtube.com/watch?v=Qe6HjBcKqao&list=PLDDuEZQEC_uAuSrUXsFVBLNkPQY3BHzLQ&index=83&t=0s,Kargin Haghordum sketch 482 (Hayko Mko),KarginTV,UCEHF-l2v0qhi_IXzrfc3uZg,200,20121228,440482,3064,,24.0,public,hy,"[""24""]","[""Kargin Haghordum"", ""Kargin haxordum"", ""Կարգին Հաղորդում"", ""Hayko Mko"", ""Armenian Humor"", ""Հայկո Մկո"", ""Հայկական Հումոր"", ""Hayko"", ""Mko"", ""Հյկո"", ""Մկո"", ""Kargin"", ""Կարգին"", ""Armenia Humor"", ""haykakan humor"", ""Armenian jokes"", ""HD"", ""humor"", ""Հումոր"", ""Kargin haxordum HD"", ""Kargin Haghordum HD"", ""Hayko Mko Kargin Haxordum"", ""jokes""]",,,,False,,,,"Կարգին Հաղորդում  
Hayko Mko Armenian Humor 
Հայկո Մկո Հայկական Հումոր",youtube,True,{},{},False,True,True,processed,hd,2d,rectangular,none,,0,api,2026-08-01T13:53:28+00:00,
jXTFiwKEMVE,https://www.youtube.com/watch?v=jXTFiwKEMVE,https://www.youtube.com/watch?v=jXTFiwKEMVE&list=PLDDuEZQEC_uAuSrUXsFVBLNkPQY3BHzLQ&index=84&t=0s,Kargin Haghordum sketch 483 (Hayko Mko),KarginTV,UCEHF-l2v0qhi_IXzrfc3uZg,114,20121228,265715,1453,,31.0,public,hy,"[""24""]","[""Kargin Haghordum"", ""Kargin haxordum"", ""Կարգին Հաղորդում"", ""Hayko Mko"", ""Armenian Humor"", ""Հայկո Մկո"", ""Հայկական Հումոր"", ""Hayko"", ""Mko"", ""Հյկո"", ""Մկո"", ""Kargin"", ""Կարգին"", ""Armenia Humor"", ""haykakan humor"", ""Armenian jokes"", ""HD"", ""humor"", ""Հումոր"", ""Kargin haxordum HD"", ""Kargin Haghordum HD"", ""Hayko Mko Kargin Haxordum"", ""jokes""]",,,,False,,,,"Կարգին Հաղորդում  
Hayko Mko Armenian Humor 
Հայկո Մկո Հայկական Հումոր",youtube,True,{},{},False,True,True,processed,hd,2d,rectangular,none,hy,0,api,2026-08-01T13:53:28+00:00,
wxieqyrzFss,https://www.youtube.com/watch?v=wxieqyrzFss,https://www.youtube.com/watch?v=wxieqyrzFss&list=PLDDuEZQEC_uAuSrUXsFVBLNkPQY3BHzLQ&index=86&t=0s,Kargin Haghordum sketch 485 (Hayko Mko),KarginTV,UCEHF-l2v0qhi_IXzrfc3uZg,58,20121228,639496,1864,,19.0,public,hy,"[""24""]","[""Kargin Haghordum"", ""Kargin haxordum"", ""Կարգին Հաղորդում"", ""Hayko Mko"", ""Armenian Humor"", ""Հայկո Մկո"", ""Հայկական Հումոր"", ""Hayko"", ""Mko"", ""Հյկո"", ""Մկո"", ""Kargin"", ""Կարգին"", ""Armenia Humor"", ""haykakan humor"", ""Armenian jokes"", ""HD"", ""humor"", ""Հումոր"", ""Kargin haxordum HD"", ""Kargin Haghordum HD"", ""Hayko Mko Kargin Haxordum"", ""jokes""]",,,,False,,,,"Կարգին Հաղորդում  
Hayko Mko Armenian Humor 
Հայկո Մկո Հայկական Հումոր",youtube,True,{},{},False,True,True,processed,hd,2d,rectangular,none,,0,api,2026-08-01T13:53:28+00:00,
f0rkpSeKoEo,https://www.youtube.com/watch?v=f0rkpSeKoEo,https://www.youtube.com/watch?v=f0rkpSeKoEo&list=PLDDuEZQEC_uAuSrUXsFVBLNkPQY3BHzLQ&index=87&t=0s,Kargin Haghordum sketch 486 (Hayko Mko),KarginTV,UCEHF-l2v0qhi_IXzrfc3uZg,154,20121228,618450,2928,,48.0,public,hy,"[""24""]","[""Kargin Haghordum"", ""Kargin haxordum"", ""Կարգին Հաղորդում"", ""Hayko Mko"", ""Armenian Humor"", ""Հայկո Մկո"", ""Հայկական Հումոր"", ""Hayko"", ""Mko"", ""Հյկո"", ""Մկո"", ""Kargin"", ""Կարգին"", ""Armenia Humor"", ""haykakan humor"", ""Armenian jokes"", ""HD"", ""humor"", ""Հումոր"", ""Kargin haxordum HD"", ""Kargin Haghordum HD"", ""Hayko Mko Kargin Haxordum"", ""jokes""]",,,,False,,,,"Կարգին Հաղորդում  
Hayko Mko Armenian Humor 
Հայկո Մկո Հայկական Հումոր",youtube,False,{},{},False,True,True,processed,hd,2d,rectangular,none,,0,api,2026-08-01T13:53:28+00:00,
HlgdRBKwBM0,https://www.youtube.com/watch?v=HlgdRBKwBM0,https://www.youtube.com/watch?v=HlgdRBKwBM0&list=PLDDuEZQEC_uAuSrUXsFVBLNkPQY3BHzLQ&index=88&t=0s,Kargin Haghordum sketch 487 (Hayko Mko),KarginTV,UCEHF-l2v0qhi_IXzrfc3uZg,199,20121228,1046130,4550,,149.0,public,hy,"[""24""]","[""Kargin Haghordum"", ""Kargin haxordum"", ""Կարգին Հաղորդում"", ""Hayko Mko"", ""Armenian Humor"", ""Հայկո Մկո"", ""Հայկական Հումոր"", ""Hayko"", ""Mko"", ""Հյկո"", ""Մկո"", ""Kargin"", ""Կարգին"", ""Armenia Humor"", ""haykakan humor"", ""Armenian jokes"", ""HD"", ""humor"", ""Հումոր"", ""Kargin haxordum HD"", ""Kargin Haghordum HD"", ""Hayko Mko Kargin Haxordum"", ""jokes""]",,,,False,,,,"Կարգին Հաղորդում  
Hayko Mko Armenian Humor 
Հայկո Մկո Հայկական Հումոր",youtube,True,{},{},False,True,True,processed,hd,2d,rectangular,none,,0,api,2026-08-01T13:53:28+00:00,
DNGjblhdcNk,https://www.youtube.com/watch?v=DNGjblhdcNk,https://www.youtube.com/watch?v=DNGjblhdcNk&list=PLDDuEZQEC_uAuSrUXsFVBLNkPQY3BHzLQ&index=89&t=0s,Kargin Haghordum sketch 488 (Hayko Mko),KarginTV,UCEHF-l2v0qhi_IXzrfc3uZg,102,20121228,433280,1049,,30.0,public,hy,"[""24""]","[""Kargin Haghordum"", ""Kargin haxordum"", ""Կարգին Հաղորդում"", ""Hayko Mko"", ""Armenian Humor"", ""Հայկո Մկո"", ""Հայկական Հումոր"", ""Hayko"", ""Mko"", ""Հյկո"", ""Մկո"", ""Kargin"", ""Կարգին"", ""Armenia Humor"", ""haykakan humor"", ""Armenian jokes"", ""HD"", ""humor"", ""Հումոր"", ""Kargin haxordum HD"", ""Kargin Haghordum HD"", ""Hayko Mko Kargin Haxordum"", ""jokes""]",,,,False,,,,"Կարգին Հաղորդում  
Hayko Mko Armenian Humor 
Հայկո Մկո Հայկական Հումոր",youtube,True,{},{},False,True,True,processed,hd,2d,rectangular,none,,0,api,2026-08-01T13:53:28+00:00,
M1hWImC8Vl4,https://www.youtube.com/watch?v=M1hWImC8Vl4,https://www.youtube.com/watch?v=M1hWImC8Vl4&list=PLDDuEZQEC_uAuSrUXsFVBLNkPQY3BHzLQ&index=90&t=0s,Kargin Haghordum sketch 489 (Hayko Mko),KarginTV,UCEHF-l2v0qhi_IXzrfc3uZg,209,20121228,1009522,3668,,49.0,public,hy,"[""24""]","[""Kargin Haghordum"", ""Kargin haxordum"", ""Կարգին Հաղորդում"", ""Hayko Mko"", ""Armenian Humor"", ""Հայկո Մկո"", ""Հայկական Հումոր"", ""Hayko"", ""Mko"", ""Հյկո"", ""Մկո"", ""Kargin"", ""Կարգին"", ""Armenia Humor"", ""haykakan humor"", ""Armenian jokes"", ""HD"", ""humor"", ""Հումոր"", ""Kargin haxordum HD"", ""Kargin Haghordum HD"", ""Hayko Mko Kargin Haxordum"", ""jokes""]",,,,False,,,,"Կարգին Հաղորդում  
Hayko Mko Armenian Humor 
Հայկո Մկո Հայկական Հումոր",youtube,True,{},{},False,True,True,processed,hd,2d,rectangular,none,,0,api,2026-08-01T13:53:28+00:00,
9crBnxb6ZT4,https://www.youtube.com/watch?v=9crBnxb6ZT4,https://www.youtube.com/watch?v=9crBnxb6ZT4&list=PLDDuEZQEC_uAuSrUXsFVBLNkPQY3BHzLQ&index=94&t=0s,Kargin Haghordum sketch 493 (Hayko Mko),KarginTV,UCEHF-l2v0qhi_IXzrfc3uZg,174,20121228,1025230,4475,,100.0,public,hy,"[""24""]","[""Kargin Haghordum"", ""Kargin haxordum"", ""Կարգին Հաղորդում"", ""Hayko Mko"", ""Armenian Humor"", ""Հայկո Մկո"", ""Հայկական Հումոր"", ""Hayko"", ""Mko"", ""Հյկո"", ""Մկո"", ""Kargin"", ""Կարգին"", ""Armenia Humor"", ""haykakan humor"", ""Armenian jokes"", ""HD"", ""humor"", ""Հումոր"", ""Kargin haxordum HD"", ""Kargin Haghordum HD"", ""Hayko Mko Kargin Haxordum"", ""jokes""]",,,,False,,,,"Կարգին Հաղորդում  
Hayko Mko Armenian Humor 
Հայկո Մկո Հայկական Հումոր",youtube,True,{},{},False,True,True,processed,hd,2d,rectangular,none,,0,api,2026-08-01T13:53:28+00:00,
bvM_F52r37c,https://www.youtube.com/watch?v=bvM_F52r37c,https://www.youtube.com/watch?v=bvM_F52r37c&list=PLDDuEZQEC_uAuSrUXsFVBLNkPQY3BHzLQ&index=96&t=0s,Kargin Haghordum sketch 495 (Hayko Mko),KarginTV,UCEHF-l2v0qhi_IXzrfc3uZg,151,20121228,989267,4167,,55.0,public,hy,"[""24""]","[""Kargin Haghordum"", ""Kargin haxordum"", ""Կարգին Հաղորդում"", ""Hayko Mko"", ""Armenian Humor"", ""Հայկո Մկո"", ""Հայկական Հումոր"", ""Hayko"", ""Mko"", ""Հյկո"", ""Մկո"", ""Kargin"", ""Կարգին"", ""Armenia Humor"", ""haykakan humor"", ""Armenian jokes"", ""HD"", ""humor"", ""Հումոր"", ""Kargin haxordum HD"", ""Kargin Haghordum HD"", ""Hayko Mko Kargin Haxordum"", ""jokes""]",,,,False,,,,"Կարգին Հաղորդում  
Hayko Mko Armenian Humor 
Հայկո Մկո Հայկական Հումոր",youtube,False,{},{},False,True,True,processed,hd,2d,rectangular,none,,0,api,2026-08-01T13:53:28+00:00,
ra4-H-S5D_4,https://www.youtube.com/watch?v=ra4-H-S5D_4,https://www.youtube.com/watch?v=ra4-H-S5D_4&list=PLDDuEZQEC_uAuSrUXsFVBLNkPQY3BHzLQ&index=97&t=0s,Kargin Haghordum sketch 496 (Hayko Mko),KarginTV,UCEHF-l2v0qhi_IXzrfc3uZg,285,20121228,1822024,8932,,251.0,public,hy,"[""24""]","[""Kargin Haghordum"", ""Kargin haxordum"", ""Կարգին Հաղորդում"", ""Hayko Mko"", ""Armenian Humor"", ""Հայկո Մկո"", ""Հայկական Հումոր"", ""Hayko"", ""Mko"", ""Հյկո"", ""Մկո"", ""Kargin"", ""Կարգին"", ""Armenia Humor"", ""haykakan humor"", ""Armenian jokes"", ""HD"", ""humor"", ""Հումոր"", ""Kargin haxordum HD"", ""Kargin Haghordum HD"", ""Hayko Mko Kargin Haxordum"", ""jokes""]",,,,False,,,,"Կարգին Հաղորդում  
Hayko Mko Armenian Humor 
Հայկո Մկո Հայկական Հումոր",youtube,False,{},{},False,True,True,processed,hd,2d,rectangular,none,,0,api,2026-08-01T13:53:28+00:00,
qrl9Z8YD1SI,https://www.youtube.com/watch?v=qrl9Z8YD1SI,https://www.youtube.com/watch?v=qrl9Z8YD1SI&list=PLDDuEZQEC_uAuSrUXsFVBLNkPQY3BHzLQ&index=98&t=0s,Kargin Haghordum sketch 497 (Hayko Mko),KarginTV,UCEHF-l2v0qhi_IXzrfc3uZg,93,20121228,330492,1296,,17.0,public,hy,"[""24""]","[""Kargin Haghordum"", ""Kargin haxordum"", ""Կարգին Հաղորդում"", ""Hayko Mko"", ""Armenian Humor"", ""Հայկո Մկո"", ""Հայկական Հումոր"", ""Hayko"", ""Mko"", ""Հյկո"", ""Մկո"", ""Kargin"", ""Կարգին"", ""Armenia Humor"", ""haykakan humor"", ""Armenian jokes"", ""HD"", ""humor"", ""Հումոր"", ""Kargin haxordum HD"", ""Kargin Haghordum HD"", ""Hayko Mko Kargin Haxordum"", ""jokes""]",,,,False,,,,"Կարգին Հաղորդում  
Hayko Mko Armenian Humor 
Հայկո Մկո Հայկական Հումոր",youtube,True,{},{},False,True,True,processed,hd,2d,rectangular,none,,0,api,2026-08-01T13:53:28+00:00,
TIgUl9q5mLQ,https://www.youtube.com/watch?v=TIgUl9q5mLQ,https://www.youtube.com/watch?v=TIgUl9q5mLQ&list=PLDDuEZQEC_uAuSrUXsFVBLNkPQY3BHzLQ&index=99&t=0s,Kargin Haghordum sketch 498 (Hayko Mko),KarginTV,UCEHF-l2v0qhi_IXzrfc3uZg,104,20121228,500867,2313,,36.0,public,hy,"[""24""]","[""Kargin Haghordum"", ""Kargin haxordum"", ""Կարգին Հաղորդում"", ""Hayko Mko"", ""Armenian Humor"", ""Հայկո Մկո"", ""Հայկական Հումոր"", ""Hayko"", ""Mko"", ""Հյկո"", ""Մկո"", ""Kargin"", ""Կարգին"", ""Armenia Humor"", ""haykakan humor"", ""Armenian jokes"", ""HD"", ""humor"", ""Հումոր"", ""Kargin haxordum HD"", ""Kargin Haghordum HD"", ""Hayko Mko Kargin Haxordum"", ""jokes""]",,,,False,,,,"Կարգին Հաղորդում  
Hayko Mko Armenian Humor 
Հայկո Մկո Հայկական Հումոր",youtube,True,{},{},False,True,True,processed,hd,2d,rectangular,none,,0,api,2026-08-01T13:53:29+00:00,
vRC3QrYvYrI,https://www.youtube.com/watch?v=vRC3QrYvYrI,https://www.youtube.com/watch?v=vRC3QrYvYrI&list=PLDDuEZQEC_uAuSrUXsFVBLNkPQY3BHzLQ&index=100&t=0s,Kargin Haghordum sketch 499 (Hayko Mko),KarginTV,UCEHF-l2v0qhi_IXzrfc3uZg,180,20121228,457910,2693,,47.0,public,hy,"[""24""]","[""Kargin Haghordum"", ""Kargin haxordum"", ""Կարգին Հաղորդում"", ""Hayko Mko"", ""Armenian Humor"", ""Հայկո Մկո"", ""Հայկական Հումոր"", ""Hayko"", ""Mko"", ""Հյկո"", ""Մկո"", ""Kargin"", ""Կարգին"", ""Armenia Humor"", ""haykakan humor"", ""Armenian jokes"", ""HD"", ""humor"", ""Հումոր"", ""Kargin haxordum HD"", ""Kargin Haghordum HD"", ""Hayko Mko Kargin Haxordum"", ""jokes""]",,,,False,,,,"Կարգին Հաղորդում  
Hayko Mko Armenian Humor 
Հայկո Մկո Հայկական Հումոր",youtube,True,{},{},False,True,True,processed,hd,2d,rectangular,none,,0,api,2026-08-01T13:53:29+00:00,
yhXKkn32Tas,https://www.youtube.com/watch?v=yhXKkn32Tas,https://www.youtube.com/watch?v=yhXKkn32Tas&list=PLDDuEZQEC_uAuSrUXsFVBLNkPQY3BHzLQ&index=101&t=0s,Kargin Haghordum sketch 500 (Hayko Mko),KarginTV,UCEHF-l2v0qhi_IXzrfc3uZg,197,20121228,877701,5233,,113.0,public,hy,"[""24""]","[""Kargin Haghordum"", ""Kargin haxordum"", ""Կարգին Հաղորդում"", ""Hayko Mko"", ""Armenian Humor"", ""Հայկո Մկո"", ""Հայկական Հումոր"", ""Hayko"", ""Mko"", ""Հյկո"", ""Մկո"", ""Kargin"", ""Կարգին"", ""Armenia Humor"", ""haykakan humor"", ""Armenian jokes"", ""HD"", ""humor"", ""Հումոր"", ""Kargin haxordum HD"", ""Kargin Haghordum HD"", ""Hayko Mko Kargin Haxordum"", ""jokes""]",,,,False,,,,"Կարգին Հաղորդում  
Hayko Mko Armenian Humor 
Հայկո Մկո Հայկական Հումոր",youtube,True,{},{},False,True,True,processed,hd,2d,rectangular,none,,0,api,2026-08-01T13:53:29+00:00,
Rz_OeXNrwK8,https://www.youtube.com/watch?v=Rz_OeXNrwK8,https://www.youtube.com/watch?v=Rz_OeXNrwK8&list=PLDDuEZQEC_uAuSrUXsFVBLNkPQY3BHzLQ&index=142&t=0s,Kargin Haghordum sketch 541 (Hayko Mko),KarginTV,UCEHF-l2v0qhi_IXzrfc3uZg,213,20121228,665964,3595,,43.0,public,hy,"[""24""]","[""Kargin Haghordum"", ""Kargin haxordum"", ""Կարգին Հաղորդում"", ""Hayko Mko"", ""Armenian Humor"", ""Հայկո Մկո"", ""Հայկական Հումոր"", ""Hayko"", ""Mko"", ""Հյկո"", ""Մկո"", ""Kargin"", ""Կարգին"", ""Armenia Humor"", ""haykakan humor"", ""Armenian jokes"", ""HD"", ""humor"", ""Հումոր"", ""Kargin haxordum HD"", ""Kargin Haghordum HD"", ""Hayko Mko Kargin Haxordum"", ""jokes""]",,,,False,,,,"Կարգին Հաղորդում  
Hayko Mko Armenian Humor 
Հայկո Մկո Հայկական Հումոր",youtube,False,"{""blocked"": [""RU""]}",{},False,True,True,processed,hd,2d,rectangular,none,,0,api,2026-08-01T13:53:29+00:00,
rIjitrYUx1w,https://www.youtube.com/watch?v=rIjitrYUx1w,https://www.youtube.com/watch?v=rIjitrYUx1w&list=PLDDuEZQEC_uAuSrUXsFVBLNkPQY3BHzLQ&index=143&t=0s,Kargin Haghordum sketch 542 (Hayko Mko),KarginTV,UCEHF-l2v0qhi_IXzrfc3uZg,85,20121228,679133,1809,,32.0,public,hy,"[""24""]","[""Kargin Haghordum"", ""Kargin haxordum"", ""Կարգին Հաղորդում"", ""Hayko Mko"", ""Armenian Humor"", ""Հայկո Մկո"", ""Հայկական Հումոր"", ""Hayko"", ""Mko"", ""Հյկո"", ""Մկո"", ""Kargin"", ""Կարգին"", ""Armenia Humor"", ""haykakan humor"", ""Armenian jokes"", ""HD"", ""humor"", ""Հումոր"", ""Kargin haxordum HD"", ""Kargin Haghordum HD"", ""Hayko Mko Kargin Haxordum"", ""jokes""]",,,,False,,,,"Կարգին Հաղորդում  
Hayko Mko Armenian Humor 
Հայկո Մկո Հայկական Հումոր",youtube,True,{},{},False,True,True,processed,hd,2d,rectangular,none,,0,api,2026-08-01T13:53:29+00:00,
GKeu9-TH9mE,https://www.youtube.com/watch?v=GKeu9-TH9mE,https://www.youtube.com/watch?v=GKeu9-TH9mE&list=PLDDuEZQEC_uAuSrUXsFVBLNkPQY3BHzLQ&index=144&t=0s,Kargin Haghordum sketch 543 (Hayko Mko),KarginTV,UCEHF-l2v0qhi_IXzrfc3uZg,135,20121228,947775,3391,,60.0,public,hy,"[""24""]","[""Kargin Haghordum"", ""Kargin haxordum"", ""Կարգին Հաղորդում"", ""Hayko Mko"", ""Armenian Humor"", ""Հայկո Մկո"", ""Հայկական Հումոր"", ""Hayko"", ""Mko"", ""Հյկո"", ""Մկո"", ""Kargin"", ""Կարգին"", ""Armenia Humor"", ""haykakan humor"", ""Armenian jokes"", ""HD"", ""humor"", ""Հումոր"", ""Kargin haxordum HD"", ""Kargin Haghordum HD"", ""Hayko Mko Kargin Haxordum"", ""jokes""]",,,,False,,,,"Կարգին Հաղորդում  
Hayko Mko Armenian Humor 
Հայկո Մկո Հայկական Հումոր",youtube,False,"{""blocked"": [""RU""]}",{},False,True,True,processed,hd,2d,rectangular,none,,0,api,2026-08-01T13:53:29+00:00,
qbCuYAk4zQM,https://www.youtube.com/watch?v=qbCuYAk4zQM,https://www.youtube.com/watch?v=qbCuYAk4zQM&list=PLDDuEZQEC_uAuSrUXsFVBLNkPQY3BHzLQ&index=145&t=0s,Kargin Haghordum sketch 544 (Hayko Mko),KarginTV,UCEHF-l2v0qhi_IXzrfc3uZg,362,20121228,993488,4746,,81.0,public,hy,"[""24""]","[""Kargin Haghordum"", ""Kargin haxordum"", ""Կարգին Հաղորդում"", ""Hayko Mko"", ""Armenian Humor"", ""Հայկո Մկո"", ""Հայկական Հումոր"", ""Hayko"", ""Mko"", ""Հյկո"", ""Մկո"", ""Kargin"", ""Կարգին"", ""Armenia Humor"", ""haykakan humor"", ""Armenian jokes"", ""HD"", ""humor"", ""Հումոր"", ""Kargin haxordum HD"", ""Kargin Haghordum HD"", ""Hayko Mko Kargin Haxordum"", ""jokes""]",,,,False,,,,"Կարգին Հաղորդում  
Hayko Mko Armenian Humor 
Հայկո Մկո Հայկական Հումոր",youtube,False,{},{},False,True,True,processed,hd,2d,rectangular,none,,0,api,2026-08-01T13:53:29+00:00,
ha7-kzr1FLA,https://www.youtube.com/watch?v=ha7-kzr1FLA,https://www.youtube.com/watch?v=ha7-kzr1FLA&list=PLDDuEZQEC_uAuSrUXsFVBLNkPQY3BHzLQ&index=146&t=0s,Kargin Haghordum sketch 545 (Hayko Mko),KarginTV,UCEHF-l2v0qhi_IXzrfc3uZg,196,20121228,434092,2237,,59.0,public,hy,"[""24""]","[""Kargin Haghordum"", ""Kargin haxordum"", ""Կարգին Հաղորդում"", ""Hayko Mko"", ""Armenian Humor"", ""Հայկո Մկո"", ""Հայկական Հումոր"", ""Hayko"", ""Mko"", ""Հյկո"", ""Մկո"", ""Kargin"", ""Կարգին"", ""Armenia Humor"", ""haykakan humor"", ""Armenian jokes"", ""HD"", ""humor"", ""Հումոր"", ""Kargin haxordum HD"", ""Kargin Haghordum HD"", ""Hayko Mko Kargin Haxordum"", ""jokes""]",,,,False,,,,"Կարգին Հաղորդում  
Hayko Mko Armenian Humor 
Հայկո Մկո Հայկական Հումոր",youtube,False,{},{},False,True,True,processed,hd,2d,rectangular,none,,0,api,2026-08-01T13:53:29+00:00,
eiHo5qDQqiM,https://www.youtube.com/watch?v=eiHo5qDQqiM,https://www.youtube.com/watch?v=eiHo5qDQqiM&list=PLDDuEZQEC_uAuSrUXsFVBLNkPQY3BHzLQ&index=147&t=0s,Kargin Haghordum sketch 546 (Hayko Mko),KarginTV,UCEHF-l2v0qhi_IXzrfc3uZg,217,20121228,601683,2486,,76.0,public,hy,"[""24""]","[""Kargin Haghordum"", ""Kargin haxordum"", ""Կարգին Հաղորդում"", ""Hayko Mko"", ""Armenian Humor"", ""Հայկո Մկո"", ""Հայկական Հումոր"", ""Hayko"", ""Mko"", ""Հյկո"", ""Մկո"", ""Kargin"", ""Կարգին"", ""Armenia Humor"", ""haykakan humor"", ""Armenian jokes"", ""HD"", ""humor"", ""Հումոր"", ""Kargin haxordum HD"", ""Kargin Haghordum HD"", ""Hayko Mko Kargin Haxordum"", ""jokes""]",,,,False,,,,"Կարգին Հաղորդում  
Hayko Mko Armenian Humor 
Հայկո Մկո Հայկական Հումոր",youtube,True,{},{},False,True,True,processed,hd,2d,rectangular,none,,0,api,2026-08-01T13:53:29+00:00,
U9PQjYKETKs,https://www.youtube.com/watch?v=U9PQjYKETKs,https://www.youtube.com/watch?v=U9PQjYKETKs&list=PLDDuEZQEC_uAuSrUXsFVBLNkPQY3BHzLQ&index=148&t=0s,Kargin Haghordum sketch 547 (Hayko Mko),KarginTV,UCEHF-l2v0qhi_IXzrfc3uZg,206,20121228,888839,4100,,40.0,public,hy,"[""24""]","[""Kargin Haghordum"", ""Kargin haxordum"", ""Կարգին Հաղորդում"", ""Hayko Mko"", ""Armenian Humor"", ""Հայկո Մկո"", ""Հայկական Հումոր"", ""Hayko"", ""Mko"", ""Հյկո"", ""Մկո"", ""Kargin"", ""Կարգին"", ""Armenia Humor"", ""haykakan humor"", ""Armenian jokes"", ""HD"", ""humor"", ""Հումոր"", ""Kargin haxordum HD"", ""Kargin Haghordum HD"", ""Hayko Mko Kargin Haxordum"", ""jokes""]",,,,False,,,,"Կարգին Հաղորդում  
Hayko Mko Armenian Humor 
Հայկո Մկո Հայկական Հումոր",youtube,False,{},{},False,True,True,processed,hd,2d,rectangular,none,,0,api,2026-08-01T13:53:29+00:00,
6038Y198Rxg,https://www.youtube.com/watch?v=6038Y198Rxg,https://www.youtube.com/watch?v=6038Y198Rxg&list=PLDDuEZQEC_uAuSrUXsFVBLNkPQY3BHzLQ&index=149&t=0s,Kargin Haghordum sketch 548 (Hayko Mko),KarginTV,UCEHF-l2v0qhi_IXzrfc3uZg,91,20121228,317704,1516,,8.0,public,hy,"[""24""]","[""Kargin Haghordum"", ""Kargin haxordum"", ""Կարգին Հաղորդում"", ""Hayko Mko"", ""Armenian Humor"", ""Հայկո Մկո"", ""Հայկական Հումոր"", ""Hayko"", ""Mko"", ""Հյկո"", ""Մկո"", ""Kargin"", ""Կարգին"", ""Armenia Humor"", ""haykakan humor"", ""Armenian jokes"", ""HD"", ""humor"", ""Հումոր"", ""Kargin haxordum HD"", ""Kargin Haghordum HD"", ""Hayko Mko Kargin Haxordum"", ""jokes""]",,,,False,,,,"Կարգին Հաղորդում  
Hayko Mko Armenian Humor 
Հայկո Մկո Հայկական Հումոր",youtube,True,{},{},False,True,True,processed,hd,2d,rectangular,none,,0,api,2026-08-01T13:53:29+00:00,
7B4T8FLXXJs,https://www.youtube.com/watch?v=7B4T8FLXXJs,https://www.youtube.com/watch?v=7B4T8FLXXJs&list=PLDDuEZQEC_uAuSrUXsFVBLNkPQY3BHzLQ&index=150&t=0s,Kargin Haghordum sketch 549 (Hayko Mko),KarginTV,UCEHF-l2v0qhi_IXzrfc3uZg,179,20121228,540215,2279,,40.0,public,hy,"[""24""]","[""Kargin Haghordum"", ""Kargin haxordum"", ""Կարգին Հաղորդում"", ""Hayko Mko"", ""Armenian Humor"", ""Հայկո Մկո"", ""Հայկական Հումոր"", ""Hayko"", ""Mko"", ""Հյկո"", ""Մկո"", ""Kargin"", ""Կարգին"", ""Armenia Humor"", ""haykakan humor"", ""Armenian jokes"", ""HD"", ""humor"", ""Հումոր"", ""Kargin haxordum HD"", ""Kargin Haghordum HD"", ""Hayko Mko Kargin Haxordum"", ""jokes""]",,,,False,,,,"Կարգին Հաղորդում  
Hayko Mko Armenian Humor 
Հայկո Մկո Հայկական Հումոր",youtube,False,{},{},False,True,True,processed,hd,2d,rectangular,none,,0,api,2026-08-01T13:53:29+00:00,
TaKlYeV6i8c,https://www.youtube.com/watch?v=TaKlYeV6i8c,https://www.youtube.com/watch?v=TaKlYeV6i8c&list=PLDDuEZQEC_uAuSrUXsFVBLNkPQY3BHzLQ&index=151&t=0s,Kargin Haghordum sketch 550 (Hayko Mko),KarginTV,UCEHF-l2v0qhi_IXzrfc3uZg,112,20121228,859026,2458,,52.0,public,hy,"[""24""]","[""Kargin Haghordum"", ""Kargin haxordum"", ""Կարգին Հաղորդում"", ""Hayko Mko"", ""Armenian Humor"", ""Հայկո Մկո"", ""Հայկական Հումոր"", ""Hayko"", ""Mko"", ""Հյկո"", ""Մկո"", ""Kargin"", ""Կարգին"", ""Armenia Humor"", ""haykakan humor"", ""Armenian jokes"", ""HD"", ""humor"", ""Հումոր"", ""Kargin haxordum HD"", ""Kargin Haghordum HD"", ""Hayko Mko Kargin Haxordum"", ""jokes""]",,,,False,,,,"Կարգին Հաղորդում  
Hayko Mko Armenian Humor 
Հայկո Մկո Հայկական Հումոր",youtube,False,{},{},False,True,True,processed,hd,2d,rectangular,none,,0,api,2026-08-01T13:53:29+00:00,
0vhomjPY064,https://www.youtube.com/watch?v=0vhomjPY064,https://www.youtube.com/watch?v=0vhomjPY064&list=PLDDuEZQEC_uAuSrUXsFVBLNkPQY3BHzLQ&index=152&t=0s,Kargin Haghordum sketch 551 (Hayko Mko),KarginTV,UCEHF-l2v0qhi_IXzrfc3uZg,297,20121228,953395,4692,,59.0,public,hy,"[""24""]","[""Kargin Haghordum"", ""Kargin haxordum"", ""Կարգին Հաղորդում"", ""Hayko Mko"", ""Armenian Humor"", ""Հայկո Մկո"", ""Հայկական Հումոր"", ""Hayko"", ""Mko"", ""Հյկո"", ""Մկո"", ""Kargin"", ""Կարգին"", ""Armenia Humor"", ""haykakan humor"", ""Armenian jokes"", ""HD"", ""humor"", ""Հումոր"", ""Kargin haxordum HD"", ""Kargin Haghordum HD"", ""Hayko Mko Kargin Haxordum"", ""jokes""]",,,,False,,,,"Կարգին Հաղորդում  
Hayko Mko Armenian Humor 
Հայկո Մկո Հայկական Հումոր",youtube,True,{},{},False,True,True,processed,hd,2d,rectangular,none,,0,api,2026-08-01T13:53:29+00:00,
D1-SuteQWMs,https://www.youtube.com/watch?v=D1-SuteQWMs,https://www.youtube.com/watch?v=D1-SuteQWMs&list=PLDDuEZQEC_uAuSrUXsFVBLNkPQY3BHzLQ&index=153&t=0s,Kargin Haghordum sketch 552 (Hayko Mko),KarginTV,UCEHF-l2v0qhi_IXzrfc3uZg,120,20121228,184192,1374,,16.0,public,hy,"[""24""]","[""Kargin Haghordum"", ""Kargin haxordum"", ""Կարգին Հաղորդում"", ""Hayko Mko"", ""Armenian Humor"", ""Հայկո Մկո"", ""Հայկական Հումոր"", ""Hayko"", ""Mko"", ""Հյկո"", ""Մկո"", ""Kargin"", ""Կարգին"", ""Armenia Humor"", ""haykakan humor"", ""Armenian jokes"", ""HD"", ""humor"", ""Հումոր"", ""Kargin haxordum HD"", ""Kargin Haghordum HD"", ""Hayko Mko Kargin Haxordum"", ""jokes""]",,,,False,,,,"Կարգին Հաղորդում  
Hayko Mko Armenian Humor 
Հայկո Մկո Հայկական Հումոր",youtube,True,{},{},False,True,True,processed,hd,2d,rectangular,none,,0,api,2026-08-01T13:53:29+00:00,
GyOPHcnzy3M,https://www.youtube.com/watch?v=GyOPHcnzy3M,https://www.youtube.com/watch?v=GyOPHcnzy3M&list=PLDDuEZQEC_uAuSrUXsFVBLNkPQY3BHzLQ&index=154&t=0s,Kargin Haghordum sketch 553 (Hayko Mko),KarginTV,UCEHF-l2v0qhi_IXzrfc3uZg,256,20121228,705809,3488,,42.0,public,hy,"[""24""]","[""Kargin Haghordum"", ""Kargin haxordum"", ""Կարգին Հաղորդում"", ""Hayko Mko"", ""Armenian Humor"", ""Հայկո Մկո"", ""Հայկական Հումոր"", ""Hayko"", ""Mko"", ""Հյկո"", ""Մկո"", ""Kargin"", ""Կարգին"", ""Armenia Humor"", ""haykakan humor"", ""Armenian jokes"", ""HD"", ""humor"", ""Հումոր"", ""Kargin haxordum HD"", ""Kargin Haghordum HD"", ""Hayko Mko Kargin Haxordum"", ""jokes""]",,,,False,,,,"Կարգին Հաղորդում  
Hayko Mko Armenian Humor 
Հայկո Մկո Հայկական Հումոր",youtube,False,{},{},False,True,True,processed,hd,2d,rectangular,none,,0,api,2026-08-01T13:53:29+00:00,
2ZNH4fu4YoA,https://www.youtube.com/watch?v=2ZNH4fu4YoA,https://www.youtube.com/watch?v=2ZNH4fu4YoA&list=PLDDuEZQEC_uAuSrUXsFVBLNkPQY3BHzLQ&index=155&t=0s,Kargin Haghordum sketch 554 (Hayko Mko),KarginTV,UCEHF-l2v0qhi_IXzrfc3uZg,134,20121228,181472,1113,,18.0,public,hy,"[""24""]","[""Kargin Haghordum"", ""Kargin haxordum"", ""Կարգին Հաղորդում"", ""Hayko Mko"", ""Armenian Humor"", ""Հայկո Մկո"", ""Հայկական Հումոր"", ""Hayko"", ""Mko"", ""Հյկո"", ""Մկո"", ""Kargin"", ""Կարգին"", ""Armenia Humor"", ""haykakan humor"", ""Armenian jokes"", ""HD"", ""humor"", ""Հումոր"", ""Kargin haxordum HD"", ""Kargin Haghordum HD"", ""Hayko Mko Kargin Haxordum"", ""jokes""]",,,,False,,,,"Կարգին Հաղորդում  
Hayko Mko Armenian Humor 
Հայկո Մկո Հայկական Հումոր",youtube,True,{},{},False,True,True,processed,hd,2d,rectangular,none,,0,api,2026-08-01T13:53:29+00:00,
w1FPRUO_on4,https://www.youtube.com/watch?v=w1FPRUO_on4,https://www.youtube.com/watch?v=w1FPRUO_on4&list=PLDDuEZQEC_uAuSrUXsFVBLNkPQY3BHzLQ&index=156&t=0s,Kargin Haghordum sketch 555 (Hayko Mko),KarginTV,UCEHF-l2v0qhi_IXzrfc3uZg,95,20121228,589678,4009,,66.0,public,hy,"[""24""]","[""Kargin Haghordum"", ""Kargin haxordum"", ""Կարգին Հաղորդում"", ""Hayko Mko"", ""Armenian Humor"", ""Հայկո Մկո"", ""Հայկական Հումոր"", ""Hayko"", ""Mko"", ""Հյկո"", ""Մկո"", ""Kargin"", ""Կարգին"", ""Armenia Humor"", ""haykakan humor"", ""Armenian jokes"", ""HD"", ""humor"", ""Հումոր"", ""Kargin haxordum HD"", ""Kargin Haghordum HD"", ""Hayko Mko Kargin Haxordum"", ""jokes""]",,,,False,,,,"Կարգին Հաղորդում  
Hayko Mko Armenian Humor 
Հայկո Մկո Հայկական Հումոր",youtube,True,{},{},False,True,True,processed,hd,2d,rectangular,none,,0,api,2026-08-01T13:53:29+00:00,
31-baXiIagE,https://www.youtube.com/watch?v=31-baXiIagE,https://www.youtube.com/watch?v=31-baXiIagE&list=PLDDuEZQEC_uAuSrUXsFVBLNkPQY3BHzLQ&index=157&t=0s,Kargin Haghordum sketch 556 (Hayko Mko),KarginTV,UCEHF-l2v0qhi_IXzrfc3uZg,142,20121228,900874,3402,,88.0,public,hy,"[""24""]","[""Kargin Haghordum"", ""Kargin haxordum"", ""Կարգին Հաղորդում"", ""Hayko Mko"", ""Armenian Humor"", ""Հայկո Մկո"", ""Հայկական Հումոր"", ""Hayko"", ""Mko"", ""Հյկո"", ""Մկո"", ""Kargin"", ""Կարգին"", ""Armenia Humor"", ""haykakan humor"", ""Armenian jokes"", ""HD"", ""humor"", ""Հումոր"", ""Kargin haxordum HD"", ""Kargin Haghordum HD"", ""Hayko Mko Kargin Haxordum"", ""jokes""]",,,,False,,,,"Կարգին Հաղորդում  
Hayko Mko Armenian Humor 
Հայկո Մկո Հայկական Հումոր",youtube,False,{},{},False,True,True,processed,hd,2d,rectangular,none,,0,api,2026-08-01T13:53:29+00:00,
3lZpdy48GFI,https://www.youtube.com/watch?v=3lZpdy48GFI,https://www.youtube.com/watch?v=3lZpdy48GFI&list=PLDDuEZQEC_uAuSrUXsFVBLNkPQY3BHzLQ&index=158&t=0s,Kargin Haghordum sketch 557 (Hayko Mko),KarginTV,UCEHF-l2v0qhi_IXzrfc3uZg,208,20121228,462909,2702,,50.0,public,hy,"[""24""]","[""Kargin Haghordum"", ""Kargin haxordum"", ""Կարգին Հաղորդում"", ""Hayko Mko"", ""Armenian Humor"", ""Հայկո Մկո"", ""Հայկական Հումոր"", ""Hayko"", ""Mko"", ""Հյկո"", ""Մկո"", ""Kargin"", ""Կարգին"", ""Armenia Humor"", ""haykakan humor"", ""Armenian jokes"", ""HD"", ""humor"", ""Հումոր"", ""Kargin haxordum HD"", ""Kargin Haghordum HD"", ""Hayko Mko Kargin Haxordum"", ""jokes""]",,,,False,,,,"Կարգին Հաղորդում  
Hayko Mko Armenian Humor 
Հայկո Մկո Հայկական Հումոր",youtube,True,{},{},False,True,True,processed,hd,2d,rectangular,none,,0,api,2026-08-01T13:53:29+00:00,
LTjzI3_hPaY,https://www.youtube.com/watch?v=LTjzI3_hPaY,https://www.youtube.com/watch?v=LTjzI3_hPaY&list=PLDDuEZQEC_uAuSrUXsFVBLNkPQY3BHzLQ&index=159&t=0s,Kargin Haghordum sketch 558 (Hayko Mko),KarginTV,UCEHF-l2v0qhi_IXzrfc3uZg,98,20121228,539338,2616,,57.0,public,hy,"[""24""]","[""Kargin Haghordum"", ""Kargin haxordum"", ""Կարգին Հաղորդում"", ""Hayko Mko"", ""Armenian Humor"", ""Հայկո Մկո"", ""Հայկական Հումոր"", ""Hayko"", ""Mko"", ""Հյկո"", ""Մկո"", ""Kargin"", ""Կարգին"", ""Armenia Humor"", ""haykakan humor"", ""Armenian jokes"", ""HD"", ""humor"", ""Հումոր"", ""Kargin haxordum HD"", ""Kargin Haghordum HD"", ""Hayko Mko Kargin Haxordum"", ""jokes""]",,,,False,,,,"Կարգին Հաղորդում  
Hayko Mko Armenian Humor 
Հայկո Մկո Հայկական Հումոր",youtube,False,"{""blocked"": [""RU""]}",{},False,True,True,processed,hd,2d,rectangular,none,,0,api,2026-08-01T13:53:29+00:00,
OA0SBQc8LcY,https://www.youtube.com/watch?v=OA0SBQc8LcY,https://www.youtube.com/watch?v=OA0SBQc8LcY&list=PLDDuEZQEC_uAuSrUXsFVBLNkPQY3BHzLQ&index=160&t=0s,Kargin Haghordum sketch 559 (Hayko Mko),KarginTV,UCEHF-l2v0qhi_IXzrfc3uZg,129,20121228,322689,1775,,19.0,public,hy,"[""24""]","[""Kargin Haghordum"", ""Kargin haxordum"", ""Կարգին Հաղորդում"", ""Hayko Mko"", ""Armenian Humor"", ""Հայկո Մկո"", ""Հայկական Հումոր"", ""Hayko"", ""Mko"", ""Հյկո"", ""Մկո"", ""Kargin"", ""Կարգին"", ""Armenia Humor"", ""haykakan humor"", ""Armenian jokes"", ""HD"", ""humor"", ""Հումոր"", ""Kargin haxordum HD"", ""Kargin Haghordum HD"", ""Hayko Mko Kargin Haxordum"", ""jokes""]",,,,False,,,,"Կարգին Հաղորդում  
Hayko Mko Armenian Humor 
Հայկո Մկո Հայկական Հումոր",youtube,False,{},{},False,True,True,processed,hd,2d,rectangular,none,,0,api,2026-08-01T13:53:29+00:00,
QMH1oz2EoVg,https://www.youtube.com/watch?v=QMH1oz2EoVg,https://www.youtube.com/watch?v=QMH1oz2EoVg&list=PLDDuEZQEC_uAuSrUXsFVBLNkPQY3BHzLQ&index=182&t=0s,Kargin Haghordum sketch 581 (Hayko Mko),KarginTV,UCEHF-l2v0qhi_IXzrfc3uZg,213,20121229,605518,3551,,31.0,public,hy,"[""24""]","[""Kargin Haghordum"", ""Kargin haxordum"", ""Կարգին Հաղորդում"", ""Hayko Mko"", ""Armenian Humor"", ""Հայկո Մկո"", ""Հայկական Հումոր"", ""Hayko"", ""Mko"", ""Հյկո"", ""Մկո"", ""Kargin"", ""Կարգին"", ""Armenia Humor"", ""haykakan humor"", ""Armenian jokes"", ""HD"", ""humor"", ""Հումոր"", ""Kargin haxordum HD"", ""Kargin Haghordum HD"", ""Hayko Mko Kargin Haxordum"", ""jokes""]",,,,False,,,,"Կարգին Հաղորդում  
Hayko Mko Armenian Humor 
Հայկո Մկո Հայկական Հումոր",youtube,False,{},{},False,True,True,processed,hd,2d,rectangular,none,,0,api,2026-08-01T13:53:29+00:00,
UsrYsIlRla8,https://www.youtube.com/watch?v=UsrYsIlRla8,https://www.youtube.com/watch?v=UsrYsIlRla8&list=PLDDuEZQEC_uAuSrUXsFVBLNkPQY3BHzLQ&index=183&t=0s,Kargin Haghordum sketch 582 (Hayko Mko),KarginTV,UCEHF-l2v0qhi_IXzrfc3uZg,187,20121229,5998658,10678,,276.0,public,hy,"[""24""]","[""Kargin Haghordum"", ""Kargin haxordum"", ""Կարգին Հաղորդում"", ""Hayko Mko"", ""Armenian Humor"", ""Հայկո Մկո"", ""Հայկական Հումոր"", ""Hayko"", ""Mko"", ""Հյկո"", ""Մկո"", ""Kargin"", ""Կարգին"", ""Armenia Humor"", ""haykakan humor"", ""Armenian jokes"", ""HD"", ""humor"", ""Հումոր"", ""Kargin haxordum HD"", ""Kargin Haghordum HD"", ""Hayko Mko Kargin Haxordum"", ""jokes""]",,,,False,,,,"Կարգին Հաղորդում  
Hayko Mko Armenian Humor 
Հայկո Մկո Հայկական Հումոր",youtube,True,{},{},False,True,True,processed,hd,2d,rectangular,none,,0,api,2026-08-01T13:53:29+00:00,
YoGuj76WvJI,https://www.youtube.com/watch?v=YoGuj76WvJI,https://www.youtube.com/watch?v=YoGuj76WvJI&list=PLDDuEZQEC_uAuSrUXsFVBLNkPQY3BHzLQ&index=184&t=0s,Kargin Haghordum sketch 583 (Hayko Mko),KarginTV,UCEHF-l2v0qhi_IXzrfc3uZg,167,20121229,137458,420,,13.0,public,hy,"[""24""]","[""Kargin Haghordum"", ""Kargin haxordum"", ""Կարգին Հաղորդում"", ""Hayko Mko"", ""Armenian Humor"", ""Հայկո Մկո"", ""Հայկական Հումոր"", ""Hayko"", ""Mko"", ""Հյկո"", ""Մկո"", ""Kargin"", ""Կարգին"", ""Armenia Humor"", ""haykakan humor"", ""Armenian jokes"", ""HD"", ""humor"", ""Հումոր"", ""Kargin haxordum HD"", ""Kargin Haghordum HD"", ""Hayko Mko Kargin Haxordum"", ""jokes""]",,,,False,,,,"Կարգին Հաղորդում  
Hayko Mko Armenian Humor 
Հայկո Մկո Հայկական Հումոր",youtube,True,{},{},False,True,True,processed,hd,2d,rectangular,none,,0,api,2026-08-01T13:53:29+00:00,
yDCiy6d_AoI,https://www.youtube.com/watch?v=yDCiy6d_AoI,https://www.youtube.com/watch?v=yDCiy6d_AoI&list=PLDDuEZQEC_uAuSrUXsFVBLNkPQY3BHzLQ&index=185&t=0s,Kargin Haghordum sketch 584 (Hayko Mko),KarginTV,UCEHF-l2v0qhi_IXzrfc3uZg,281,20121229,423511,1567,,24.0,public,hy,"[""24""]","[""Kargin Haghordum"", ""Kargin haxordum"", ""Կարգին Հաղորդում"", ""Hayko Mko"", ""Armenian Humor"", ""Հայկո Մկո"", ""Հայկական Հումոր"", ""Hayko"", ""Mko"", ""Հյկո"", ""Մկո"", ""Kargin"", ""Կարգին"", ""Armenia Humor"", ""haykakan humor"", ""Armenian jokes"", ""HD"", ""humor"", ""Հումոր"", ""Kargin haxordum HD"", ""Kargin Haghordum HD"", ""Hayko Mko Kargin Haxordum"", ""jokes""]",,,,False,,,,"Կարգին Հաղորդում  
Hayko Mko Armenian Humor 
Հայկո Մկո Հայկական Հումոր",youtube,False,{},{},False,True,True,processed,hd,2d,rectangular,none,,0,api,2026-08-01T13:53:29+00:00,
9K9gMmUjG88,https://www.youtube.com/watch?v=9K9gMmUjG88,https://www.youtube.com/watch?v=9K9gMmUjG88&list=PLDDuEZQEC_uAuSrUXsFVBLNkPQY3BHzLQ&index=186&t=0s,Kargin Haghordum sketch 585 (Hayko Mko),KarginTV,UCEHF-l2v0qhi_IXzrfc3uZg,132,20121229,755738,3353,,35.0,public,hy,"[""24""]","[""Kargin Haghordum"", ""Kargin haxordum"", ""Կարգին Հաղորդում"", ""Hayko Mko"", ""Armenian Humor"", ""Հայկո Մկո"", ""Հայկական Հումոր"", ""Hayko"", ""Mko"", ""Հյկո"", ""Մկո"", ""Kargin"", ""Կարգին"", ""Armenia Humor"", ""haykakan humor"", ""Armenian jokes"", ""HD"", ""humor"", ""Հումոր"", ""Kargin haxordum HD"", ""Kargin Haghordum HD"", ""Hayko Mko Kargin Haxordum"", ""jokes""]",,,,False,,,,"Կարգին Հաղորդում  
Hayko Mko Armenian Humor 
Հայկո Մկո Հայկական Հումոր",youtube,True,{},{},False,True,True,processed,hd,2d,rectangular,none,,0,api,2026-08-01T13:53:29+00:00,
SG5_AtifkaE,https://www.youtube.com/watch?v=SG5_AtifkaE,https://www.youtube.com/watch?v=SG5_AtifkaE&list=PLDDuEZQEC_uAuSrUXsFVBLNkPQY3BHzLQ&index=187&t=0s,Kargin Haghordum sketch 586 (Hayko Mko),KarginTV,UCEHF-l2v0qhi_IXzrfc3uZg,106,20121229,398192,1868,,41.0,public,hy,"[""24""]","[""Kargin Haghordum"", ""Kargin haxordum"", ""Կարգին Հաղորդում"", ""Hayko Mko"", ""Armenian Humor"", ""Հայկո Մկո"", ""Հայկական Հումոր"", ""Hayko"", ""Mko"", ""Հյկո"", ""Մկո"", ""Kargin"", ""Կարգին"", ""Armenia Humor"", ""haykakan humor"", ""Armenian jokes"", ""HD"", ""humor"", ""Հումոր"", ""Kargin haxordum HD"", ""Kargin Haghordum HD"", ""Hayko Mko Kargin Haxordum"", ""jokes""]",,,,False,,,,"Կարգին Հաղորդում  
Hayko Mko Armenian Humor 
Հայկո Մկո Հայկական Հումոր",youtube,False,{},{},False,True,True,processed,hd,2d,rectangular,none,,0,api,2026-08-01T13:53:29+00:00,
g8o0K9ajzsQ,https://www.youtube.com/watch?v=g8o0K9ajzsQ,https://www.youtube.com/watch?v=g8o0K9ajzsQ&list=PLDDuEZQEC_uAuSrUXsFVBLNkPQY3BHzLQ&index=188&t=0s,Kargin Haghordum sketch 587 (Hayko Mko),KarginTV,UCEHF-l2v0qhi_IXzrfc3uZg,277,20121229,1077467,6729,,114.0,public,hy,"[""24""]","[""Kargin Haghordum"", ""Kargin haxordum"", ""Կարգին Հաղորդում"", ""Hayko Mko"", ""Armenian Humor"", ""Հայկո Մկո"", ""Հայկական Հումոր"", ""Hayko"", ""Mko"", ""Հյկո"", ""Մկո"", ""Kargin"", ""Կարգին"", ""Armenia Humor"", ""haykakan humor"", ""Armenian jokes"", ""HD"", ""humor"", ""Հումոր"", ""Kargin haxordum HD"", ""Kargin Haghordum HD"", ""Hayko Mko Kargin Haxordum"", ""jokes""]",,,,False,,,,"Կարգին Հաղորդում  
Hayko Mko Armenian Humor 
Հայկո Մկո Հայկական Հումոր",youtube,False,{},{},False,True,True,processed,hd,2d,rectangular,none,,0,api,2026-08-01T13:53:29+00:00,
YGHF0z6vcfg,https://www.youtube.com/watch?v=YGHF0z6vcfg,https://www.youtube.com/watch?v=YGHF0z6vcfg&list=PLDDuEZQEC_uAuSrUXsFVBLNkPQY3BHzLQ&index=189&t=0s,Kargin Haghordum sketch 588 (Hayko Mko),KarginTV,UCEHF-l2v0qhi_IXzrfc3uZg,175,20121229,1400901,6574,,100.0,public,hy,"[""24""]","[""Kargin Haghordum"", ""Kargin haxordum"", ""Կարգին Հաղորդում"", ""Hayko Mko"", ""Armenian Humor"", ""Հայկո Մկո"", ""Հայկական Հումոր"", ""Hayko"", ""Mko"", ""Հյկո"", ""Մկո"", ""Kargin"", ""Կարգին"", ""Armenia Humor"", ""haykakan humor"", ""Armenian jokes"", ""HD"", ""humor"", ""Հումոր"", ""Kargin haxordum HD"", ""Kargin Haghordum HD"", ""Hayko Mko Kargin Haxordum"", ""jokes""]",,,,False,,,,"Կարգին Հաղորդում  
Hayko Mko Armenian Humor 
Հայկո Մկո Հայկական Հումոր",youtube,False,{},{},False,True,True,processed,hd,2d,rectangular,none,,0,api,2026-08-01T13:53:29+00:00,
oewiZYAGujY,https://www.youtube.com/watch?v=oewiZYAGujY,https://www.youtube.com/watch?v=oewiZYAGujY&list=PLDDuEZQEC_uAuSrUXsFVBLNkPQY3BHzLQ&index=190&t=0s,Kargin Haghordum sketch 589 (Hayko Mko),KarginTV,UCEHF-l2v0qhi_IXzrfc3uZg,166,20121229,212918,1478,,28.0,public,hy,"[""24""]","[""Kargin Haghordum"", ""Kargin haxordum"", ""Կարգին Հաղորդում"", ""Hayko Mko"", ""Armenian Humor"", ""Հայկո Մկո"", ""Հայկական Հումոր"", ""Hayko"", ""Mko"", ""Հյկո"", ""Մկո"", ""Kargin"", ""Կարգին"", ""Armenia Humor"", ""haykakan humor"", ""Armenian jokes"", ""HD"", ""humor"", ""Հումոր"", ""Kargin haxordum HD"", ""Kargin Haghordum HD"", ""Hayko Mko Kargin Haxordum"", ""jokes""]",,,,False,,,,"Կարգին Հաղորդում  
Hayko Mko Armenian Humor 
Հայկո Մկո Հայկական Հումոր",youtube,False,{},{},False,True,True,processed,hd,2d,rectangular,none,hy,0,api,2026-08-01T13:53:29+00:00,
JfDA604ztNw,https://www.youtube.com/watch?v=JfDA604ztNw,https://www.youtube.com/watch?v=JfDA604ztNw&list=PLDDuEZQEC_uAuSrUXsFVBLNkPQY3BHzLQ&index=191&t=0s,Kargin Haghordum sketch 590 (Hayko Mko),KarginTV,UCEHF-l2v0qhi_IXzrfc3uZg,134,20121229,148722,972,,10.0,public,hy,"[""24""]","[""Kargin Haghordum"", ""Kargin haxordum"", ""Կարգին Հաղորդում"", ""Hayko Mko"", ""Armenian Humor"", ""Հայկո Մկո"", ""Հայկական Հումոր"", ""Hayko"", ""Mko"", ""Հյկո"", ""Մկո"", ""Kargin"", ""Կարգին"", ""Armenia Humor"", ""haykakan humor"", ""Armenian jokes"", ""HD"", ""humor"", ""Հումոր"", ""Kargin haxordum HD"", ""Kargin Haghordum HD"", ""Hayko Mko Kargin Haxordum"", ""jokes""]",,,,False,,,,"Կարգին Հաղորդում  
Hayko Mko Armenian Humor 
Հայկո Մկո Հայկական Հումոր",youtube,False,{},{},False,True,True,processed,hd,2d,rectangular,none,,0,api,2026-08-01T13:53:29+00:00,
BKzC7Ph5FxM,https://www.youtube.com/watch?v=BKzC7Ph5FxM,https://www.youtube.com/watch?v=BKzC7Ph5FxM&list=PLDDuEZQEC_uAuSrUXsFVBLNkPQY3BHzLQ&index=192&t=0s,Kargin Haghordum sketch 591 (Hayko Mko),KarginTV,UCEHF-l2v0qhi_IXzrfc3uZg,116,20121229,562211,2229,,18.0,public,hy,"[""24""]","[""Kargin Haghordum"", ""Kargin haxordum"", ""Կարգին Հաղորդում"", ""Hayko Mko"", ""Armenian Humor"", ""Հայկո Մկո"", ""Հայկական Հումոր"", ""Hayko"", ""Mko"", ""Հյկո"", ""Մկո"", ""Kargin"", ""Կարգին"", ""Armenia Humor"", ""haykakan humor"", ""Armenian jokes"", ""HD"", ""humor"", ""Հումոր"", ""Kargin haxordum HD"", ""Kargin Haghordum HD"", ""Hayko Mko Kargin Haxordum"", ""jokes""]",,,,False,,,,"Կարգին Հաղորդում  
Hayko Mko Armenian Humor 
Հայկո Մկո Հայկական Հումոր",youtube,False,{},{},False,True,True,processed,hd,2d,rectangular,none,,0,api,2026-08-01T13:53:29+00:00,
XVCfkSZnTLE,https://www.youtube.com/watch?v=XVCfkSZnTLE,https://www.youtube.com/watch?v=XVCfkSZnTLE&list=PLDDuEZQEC_uAuSrUXsFVBLNkPQY3BHzLQ&index=193&t=0s,Kargin Haghordum sketch 592 (Hayko Mko),KarginTV,UCEHF-l2v0qhi_IXzrfc3uZg,237,20121229,980877,3440,,77.0,public,hy,"[""24""]","[""Kargin Haghordum"", ""Kargin haxordum"", ""Կարգին Հաղորդում"", ""Hayko Mko"", ""Armenian Humor"", ""Հայկո Մկո"", ""Հայկական Հումոր"", ""Hayko"", ""Mko"", ""Հյկո"", ""Մկո"", ""Kargin"", ""Կարգին"", ""Armenia Humor"", ""haykakan humor"", ""Armenian jokes"", ""HD"", ""humor"", ""Հումոր"", ""Kargin haxordum HD"", ""Kargin Haghordum HD"", ""Hayko Mko Kargin Haxordum"", ""jokes""]",,,,False,,,,"Կարգին Հաղորդում  
Hayko Mko Armenian Humor 
Հայկո Մկո Հայկական Հումոր",youtube,True,{},{},False,True,True,processed,hd,2d,rectangular,none,,0,api,2026-08-01T13:53:29+00:00,
oLDjVa73B4o,https://www.youtube.com/watch?v=oLDjVa73B4o,https://www.youtube.com/watch?v=oLDjVa73B4o&list=PLDDuEZQEC_uAuSrUXsFVBLNkPQY3BHzLQ&index=194&t=0s,Kargin Haghordum sketch 593 (Hayko Mko),KarginTV,UCEHF-l2v0qhi_IXzrfc3uZg,145,20121229,279075,2528,,50.0,public,hy,"[""24""]","[""Kargin Haghordum"", ""Kargin haxordum"", ""Կարգին Հաղորդում"", ""Hayko Mko"", ""Armenian Humor"", ""Հայկո Մկո"", ""Հայկական Հումոր"", ""Hayko"", ""Mko"", ""Հյկո"", ""Մկո"", ""Kargin"", ""Կարգին"", ""Armenia Humor"", ""haykakan humor"", ""Armenian jokes"", ""HD"", ""humor"", ""Հումոր"", ""Kargin haxordum HD"", ""Kargin Haghordum HD"", ""Hayko Mko Kargin Haxordum"", ""jokes""]",,,,False,,,,"Կարգին Հաղորդում  
Hayko Mko Armenian Humor 
Հայկո Մկո Հայկական Հումոր",youtube,True,{},{},False,True,True,processed,hd,2d,rectangular,none,,0,api,2026-08-01T13:53:29+00:00,
XTx8271LtQo,https://www.youtube.com/watch?v=XTx8271LtQo,https://www.youtube.com/watch?v=XTx8271LtQo&list=PLDDuEZQEC_uAuSrUXsFVBLNkPQY3BHzLQ&index=195&t=0s,Kargin Haghordum sketch 594 (Hayko Mko),KarginTV,UCEHF-l2v0qhi_IXzrfc3uZg,132,20121229,729281,4311,,66.0,public,hy,"[""24""]","[""Kargin Haghordum"", ""Kargin haxordum"", ""Կարգին Հաղորդում"", ""Hayko Mko"", ""Armenian Humor"", ""Հայկո Մկո"", ""Հայկական Հումոր"", ""Hayko"", ""Mko"", ""Հյկո"", ""Մկո"", ""Kargin"", ""Կարգին"", ""Armenia Humor"", ""haykakan humor"", ""Armenian jokes"", ""HD"", ""humor"", ""Հումոր"", ""Kargin haxordum HD"", ""Kargin Haghordum HD"", ""Hayko Mko Kargin Haxordum"", ""jokes""]",,,,False,,,,"Կարգին Հաղորդում  
Hayko Mko Armenian Humor 
Հայկո Մկո Հայկական Հումոր",youtube,True,{},{},False,True,True,processed,hd,2d,rectangular,none,,0,api,2026-08-01T13:53:29+00:00,
hxad0XaMleI,https://www.youtube.com/watch?v=hxad0XaMleI,https://www.youtube.com/watch?v=hxad0XaMleI&list=PLDDuEZQEC_uAuSrUXsFVBLNkPQY3BHzLQ&index=196&t=0s,Kargin Haghordum sketch 595 (Hayko Mko),KarginTV,UCEHF-l2v0qhi_IXzrfc3uZg,217,20121229,1189579,7006,,254.0,public,hy,"[""24""]","[""Kargin Haghordum"", ""Kargin haxordum"", ""Կարգին Հաղորդում"", ""Hayko Mko"", ""Armenian Humor"", ""Հայկո Մկո"", ""Հայկական Հումոր"", ""Hayko"", ""Mko"", ""Հյկո"", ""Մկո"", ""Kargin"", ""Կարգին"", ""Armenia Humor"", ""haykakan humor"", ""Armenian jokes"", ""HD"", ""humor"", ""Հումոր"", ""Kargin haxordum HD"", ""Kargin Haghordum HD"", ""Hayko Mko Kargin Haxordum"", ""jokes""]",,,,False,,,,"Կարգին Հաղորդում  
Hayko Mko Armenian Humor 
Հայկո Մկո Հայկական Հումոր",youtube,False,{},{},False,True,True,processed,hd,2d,rectangular,none,,0,api,2026-08-01T13:53:29+00:00,
2ORSbLAP2hY,https://www.youtube.com/watch?v=2ORSbLAP2hY,https://www.youtube.com/watch?v=2ORSbLAP2hY&list=PLDDuEZQEC_uAuSrUXsFVBLNkPQY3BHzLQ&index=197&t=0s,Kargin Haghordum sketch 596 (Hayko Mko),KarginTV,UCEHF-l2v0qhi_IXzrfc3uZg,90,20121229,217328,1248,,16.0,public,hy,"[""24""]","[""Kargin Haghordum"", ""Kargin haxordum"", ""Կարգին Հաղորդում"", ""Hayko Mko"", ""Armenian Humor"", ""Հայկո Մկո"", ""Հայկական Հումոր"", ""Hayko"", ""Mko"", ""Հյկո"", ""Մկո"", ""Kargin"", ""Կարգին"", ""Armenia Humor"", ""haykakan humor"", ""Armenian jokes"", ""HD"", ""humor"", ""Հումոր"", ""Kargin haxordum HD"", ""Kargin Haghordum HD"", ""Hayko Mko Kargin Haxordum"", ""jokes""]",,,,False,,,,"Կարգին Հաղորդում  
Hayko Mko Armenian Humor 
Հայկո Մկո Հայկական Հումոր",youtube,True,{},{},False,True,True,processed,hd,2d,rectangular,none,,0,api,2026-08-01T13:53:29+00:00,
Pc5yHdc127k,https://www.youtube.com/watch?v=Pc5yHdc127k,https://www.youtube.com/watch?v=Pc5yHdc127k&list=PLDDuEZQEC_uAuSrUXsFVBLNkPQY3BHzLQ&index=198&t=0s,Kargin Haghordum sketch 597 (Hayko Mko),KarginTV,UCEHF-l2v0qhi_IXzrfc3uZg,150,20121229,269135,1684,,22.0,public,hy,"[""24""]","[""Kargin Haghordum"", ""Kargin haxordum"", ""Կարգին Հաղորդում"", ""Hayko Mko"", ""Armenian Humor"", ""Հայկո Մկո"", ""Հայկական Հումոր"", ""Hayko"", ""Mko"", ""Հյկո"", ""Մկո"", ""Kargin"", ""Կարգին"", ""Armenia Humor"", ""haykakan humor"", ""Armenian jokes"", ""HD"", ""humor"", ""Հումոր"", ""Kargin haxordum HD"", ""Kargin Haghordum HD"", ""Hayko Mko Kargin Haxordum"", ""jokes""]",,,,False,,,,"Կարգին Հաղորդում  
Hayko Mko Armenian Humor 
Հայկո Մկո Հայկական Հումոր",youtube,False,{},{},False,True,True,processed,hd,2d,rectangular,none,,0,api,2026-08-01T13:53:29+00:00,
N6GbyLhKZ70,https://www.youtube.com/watch?v=N6GbyLhKZ70,https://www.youtube.com/watch?v=N6GbyLhKZ70&list=PLDDuEZQEC_uAuSrUXsFVBLNkPQY3BHzLQ&index=199&t=0s,Kargin Haghordum sketch 598 (Hayko Mko),KarginTV,UCEHF-l2v0qhi_IXzrfc3uZg,101,20121229,1996187,5719,,102.0,public,hy,"[""24""]","[""Kargin Haghordum"", ""Kargin haxordum"", ""Կարգին Հաղորդում"", ""Hayko Mko"", ""Armenian Humor"", ""Հայկո Մկո"", ""Հայկական Հումոր"", ""Hayko"", ""Mko"", ""Հյկո"", ""Մկո"", ""Kargin"", ""Կարգին"", ""Armenia Humor"", ""haykakan humor"", ""Armenian jokes"", ""HD"", ""humor"", ""Հումոր"", ""Kargin haxordum HD"", ""Kargin Haghordum HD"", ""Hayko Mko Kargin Haxordum"", ""jokes""]",,,,False,,,,"Կարգին Հաղորդում  
Hayko Mko Armenian Humor 
Հայկո Մկո Հայկական Հումոր",youtube,True,{},{},False,True,True,processed,hd,2d,rectangular,none,,0,api,2026-08-01T13:53:29+00:00,
xFKrPTRGLjU,https://www.youtube.com/watch?v=xFKrPTRGLjU,https://www.youtube.com/watch?v=xFKrPTRGLjU&list=PLDDuEZQEC_uAuSrUXsFVBLNkPQY3BHzLQ&index=200&t=0s,Kargin Haghordum sketch 599 (Hayko Mko),KarginTV,UCEHF-l2v0qhi_IXzrfc3uZg,120,20121229,827619,3838,,52.0,public,hy,"[""24""]","[""Kargin Haghordum"", ""Kargin haxordum"", ""Կարգին Հաղորդում"", ""Hayko Mko"", ""Armenian Humor"", ""Հայկո Մկո"", ""Հայկական Հումոր"", ""Hayko"", ""Mko"", ""Հյկո"", ""Մկո"", ""Kargin"", ""Կարգին"", ""Armenia Humor"", ""haykakan humor"", ""Armenian jokes"", ""HD"", ""humor"", ""Հումոր"", ""Kargin haxordum HD"", ""Kargin Haghordum HD"", ""Hayko Mko Kargin Haxordum"", ""jokes""]",,,,False,,,,"Կարգին Հաղորդում  
Hayko Mko Armenian Humor 
Հայկո Մկո Հայկական Հումոր",youtube,False,{},{},False,True,True,processed,hd,2d,rectangular,none,,0,api,2026-08-01T13:53:29+00:00,
dfwG8k21KPM,https://www.youtube.com/watch?v=dfwG8k21KPM,https://www.youtube.com/watch?v=dfwG8k21KPM&list=PLDDuEZQEC_uAuSrUXsFVBLNkPQY3BHzLQ&index=201&t=0s,Kargin Haghordum sketch 600 (Hayko Mko),KarginTV,UCEHF-l2v0qhi_IXzrfc3uZg,134,20121229,479118,2033,,23.0,public,hy,"[""24""]","[""Kargin Haghordum"", ""Kargin haxordum"", ""Կարգին Հաղորդում"", ""Hayko Mko"", ""Armenian Humor"", ""Հայկո Մկո"", ""Հայկական Հումոր"", ""Hayko"", ""Mko"", ""Հյկո"", ""Մկո"", ""Kargin"", ""Կարգին"", ""Armenia Humor"", ""haykakan humor"", ""Armenian jokes"", ""HD"", ""humor"", ""Հումոր"", ""Kargin haxordum HD"", ""Kargin Haghordum HD"", ""Hayko Mko Kargin Haxordum"", ""jokes""]",,,,False,,,,"Կարգին Հաղորդում  
Hayko Mko Armenian Humor 
Հայկո Մկո Հայկական Հումոր",youtube,True,{},{},False,True,True,processed,hd,2d,rectangular,none,,0,api,2026-08-01T13:53:29+00:00,
eGBMeksUdew,https://www.youtube.com/watch?v=eGBMeksUdew,https://www.youtube.com/watch?v=eGBMeksUdew&list=PLDDuEZQEC_uDcYhabzxMCFCs3vGGSGVX4&index=22&t=0s,Kargin Haghordum sketch 221 (Hayko Mko),KarginTV,UCEHF-l2v0qhi_IXzrfc3uZg,111,20121227,634543,2029,,29.0,public,hy,"[""24""]","[""Kargin Haghordum"", ""Kargin haxordum"", ""Կարգին Հաղորդում"", ""Hayko Mko"", ""Armenian Humor"", ""Հայկո Մկո"", ""Հայկական Հումոր"", ""Hayko"", ""Mko"", ""Հյկո"", ""Մկո"", ""Kargin"", ""Կարգին"", ""Armenia Humor"", ""haykakan humor"", ""Armenian jokes"", ""HD"", ""humor"", ""Հումոր"", ""Kargin haxordum HD"", ""Kargin Haghordum HD"", ""Hayko Mko Kargin Haxordum"", ""jokes""]",,,,False,,,,"Կարգին Հաղորդում  
Hayko Mko Armenian Humor 
Հայկո Մկո Հայկական Հումոր",youtube,False,{},{},False,True,True,processed,hd,2d,rectangular,none,,0,api,2026-08-01T13:53:29+00:00,
L3dPl0iBJ3g,https://www.youtube.com/watch?v=L3dPl0iBJ3g,https://www.youtube.com/watch?v=L3dPl0iBJ3g&list=PLDDuEZQEC_uDcYhabzxMCFCs3vGGSGVX4&index=23&t=0s,Kargin Haghordum sketch 222 (Hayko Mko),KarginTV,UCEHF-l2v0qhi_IXzrfc3uZg,116,20121227,589549,1922,,30.0,public,hy,"[""24""]","[""Kargin Haghordum"", ""Kargin haxordum"", ""Կարգին Հաղորդում"", ""Hayko Mko"", ""Armenian Humor"", ""Հայկո Մկո"", ""Հայկական Հումոր"", ""Hayko"", ""Mko"", ""Հյկո"", ""Մկո"", ""Kargin"", ""Կարգին"", ""Armenia Humor"", ""haykakan humor"", ""Armenian jokes"", ""HD"", ""humor"", ""Հումոր"", ""Kargin haxordum HD"", ""Kargin Haghordum HD"", ""Hayko Mko Kargin Haxordum"", ""jokes""]",,,,False,,,,"Կարգին Հաղորդում  
Hayko Mko Armenian Humor 
Հայկո Մկո Հայկական Հումոր",youtube,True,{},{},False,True,True,processed,hd,2d,rectangular,none,,0,api,2026-08-01T13:53:29+00:00,
zSpHDA3CpKw,https://www.youtube.com/watch?v=zSpHDA3CpKw,https://www.youtube.com/watch?v=zSpHDA3CpKw&list=PLDDuEZQEC_uDcYhabzxMCFCs3vGGSGVX4&index=24&t=0s,Kargin Haghordum sketch 223 (Hayko Mko),KarginTV,UCEHF-l2v0qhi_IXzrfc3uZg,157,20121227,1968359,6116,,104.0,public,hy,"[""24""]","[""Kargin Haghordum"", ""Kargin haxordum"", ""Կարգին Հաղորդում"", ""Hayko Mko"", ""Armenian Humor"", ""Հայկո Մկո"", ""Հայկական Հումոր"", ""Hayko"", ""Mko"", ""Հյկո"", ""Մկո"", ""Kargin"", ""Կարգին"", ""Armenia Humor"", ""haykakan humor"", ""Armenian jokes"", ""HD"", ""humor"", ""Հումոր"", ""Kargin haxordum HD"", ""Kargin Haghordum HD"", ""Hayko Mko Kargin Haxordum"", ""jokes""]",,,,False,,,,"Կարգին Հաղորդում  
Hayko Mko Armenian Humor 
Հայկո Մկո Հայկական Հումոր",youtube,True,{},{},False,True,True,processed,hd,2d,rectangular,none,,0,api,2026-08-01T13:53:29+00:00,
h01gWxW9VsU,https://www.youtube.com/watch?v=h01gWxW9VsU,https://www.youtube.com/watch?v=h01gWxW9VsU&list=PLDDuEZQEC_uDcYhabzxMCFCs3vGGSGVX4&index=42&t=0s,Kargin Haghordum sketch 241 (Hayko Mko),KarginTV,UCEHF-l2v0qhi_IXzrfc3uZg,157,20121228,1165486,8038,,94.0,public,hy,"[""24""]","[""Kargin Haghordum"", ""Kargin haxordum"", ""Կարգին Հաղորդում"", ""Hayko Mko"", ""Armenian Humor"", ""Հայկո Մկո"", ""Հայկական Հումոր"", ""Hayko"", ""Mko"", ""Հյկո"", ""Մկո"", ""Kargin"", ""Կարգին"", ""Armenia Humor"", ""haykakan humor"", ""Armenian jokes"", ""HD"", ""humor"", ""Հումոր"", ""Kargin haxordum HD"", ""Kargin Haghordum HD"", ""Hayko Mko Kargin Haxordum"", ""jokes""]",,,,False,,,,"Կարգին Հաղորդում  
Hayko Mko Armenian Humor 
Հայկո Մկո Հայկական Հումոր",youtube,False,{},{},False,True,True,processed,hd,2d,rectangular,none,,0,api,2026-08-01T13:53:29+00:00,
fRBQxWaVbpc,https://www.youtube.com/watch?v=fRBQxWaVbpc,https://www.youtube.com/watch?v=fRBQxWaVbpc&list=PLDDuEZQEC_uDcYhabzxMCFCs3vGGSGVX4&index=43&t=0s,Kargin Haghordum sketch 242 (Hayko Mko),KarginTV,UCEHF-l2v0qhi_IXzrfc3uZg,118,20121228,787102,4329,,38.0,public,hy,"[""24""]","[""Kargin Haghordum"", ""Kargin haxordum"", ""Կարգին Հաղորդում"", ""Hayko Mko"", ""Armenian Humor"", ""Հայկո Մկո"", ""Հայկական Հումոր"", ""Hayko"", ""Mko"", ""Հյկո"", ""Մկո"", ""Kargin"", ""Կարգին"", ""Armenia Humor"", ""haykakan humor"", ""Armenian jokes"", ""HD"", ""humor"", ""Հումոր"", ""Kargin haxordum HD"", ""Kargin Haghordum HD"", ""Hayko Mko Kargin Haxordum"", ""jokes""]",,,,False,,,,"Կարգին Հաղորդում  
Hayko Mko Armenian Humor 
Հայկո Մկո Հայկական Հումոր",youtube,True,{},{},False,True,True,processed,hd,2d,rectangular,none,,0,api,2026-08-01T13:53:29+00:00,
Ms5nwhVCWoI,https://www.youtube.com/watch?v=Ms5nwhVCWoI,https://www.youtube.com/watch?v=Ms5nwhVCWoI&list=PLDDuEZQEC_uDcYhabzxMCFCs3vGGSGVX4&index=44&t=0s,Kargin Haghordum sketch 243 (Hayko Mko),KarginTV,UCEHF-l2v0qhi_IXzrfc3uZg,167,20121228,481525,2045,,12.0,public,hy,"[""24""]","[""Kargin Haghordum"", ""Kargin haxordum"", ""Կարգին Հաղորդում"", ""Hayko Mko"", ""Armenian Humor"", ""Հայկո Մկո"", ""Հայկական Հումոր"", ""Hayko"", ""Mko"", ""Հյկո"", ""Մկո"", ""Kargin"", ""Կարգին"", ""Armenia Humor"", ""haykakan humor"", ""Armenian jokes"", ""HD"", ""humor"", ""Հումոր"", ""Kargin haxordum HD"", ""Kargin Haghordum HD"", ""Hayko Mko Kargin Haxordum"", ""jokes""]",,,,False,,,,"Կարգին Հաղորդում  
Hayko Mko Armenian Humor 
Հայկո Մկո Հայկական Հումոր",youtube,False,"{""blocked"": [""RU""]}",{},False,True,True,processed,hd,2d,rectangular,none,,0,api,2026-08-01T13:53:29+00:00,
lAeG87Rui7M,https://www.youtube.com/watch?v=lAeG87Rui7M,https://www.youtube.com/watch?v=lAeG87Rui7M&list=PLDDuEZQEC_uDcYhabzxMCFCs3vGGSGVX4&index=45&t=0s,Kargin Haghordum sketch 244 (Hayko Mko),KarginTV,UCEHF-l2v0qhi_IXzrfc3uZg,63,20121228,330707,1191,,12.0,public,hy,"[""24""]","[""Kargin Haghordum"", ""Kargin haxordum"", ""Կարգին Հաղորդում"", ""Hayko Mko"", ""Armenian Humor"", ""Հայկո Մկո"", ""Հայկական Հումոր"", ""Hayko"", ""Mko"", ""Հյկո"", ""Մկո"", ""Kargin"", ""Կարգին"", ""Armenia Humor"", ""haykakan humor"", ""Armenian jokes"", ""HD"", ""humor"", ""Հումոր"", ""Kargin haxordum HD"", ""Kargin Haghordum HD"", ""Hayko Mko Kargin Haxordum"", ""jokes""]",,,,False,,,,"Կարգին Հաղորդում  
Hayko Mko Armenian Humor 
Հայկո Մկո Հայկական Հումոր",youtube,True,{},{},False,True,True,processed,hd,2d,rectangular,none,,0,api,2026-08-01T13:53:29+00:00,
4ho-TLZy3xM,https://www.youtube.com/watch?v=4ho-TLZy3xM,https://www.youtube.com/watch?v=4ho-TLZy3xM&list=PLDDuEZQEC_uDcYhabzxMCFCs3vGGSGVX4&index=46&t=0s,Kargin Haghordum sketch 245 (Hayko Mko),KarginTV,UCEHF-l2v0qhi_IXzrfc3uZg,138,20121228,343092,1455,,29.0,public,hy,"[""24""]","[""Kargin Haghordum"", ""Kargin haxordum"", ""Կարգին Հաղորդում"", ""Hayko Mko"", ""Armenian Humor"", ""Հայկո Մկո"", ""Հայկական Հումոր"", ""Hayko"", ""Mko"", ""Հյկո"", ""Մկո"", ""Kargin"", ""Կարգին"", ""Armenia Humor"", ""haykakan humor"", ""Armenian jokes"", ""HD"", ""humor"", ""Հումոր"", ""Kargin haxordum HD"", ""Kargin Haghordum HD"", ""Hayko Mko Kargin Haxordum"", ""jokes""]",,,,False,,,,"Կարգին Հաղորդում  
Hayko Mko Armenian Humor 
Հայկո Մկո Հայկական Հումոր",youtube,True,{},{},False,True,True,processed,hd,2d,rectangular,none,,0,api,2026-08-01T13:53:29+00:00,
nGjL-1Me690,https://www.youtube.com/watch?v=nGjL-1Me690,https://www.youtube.com/watch?v=nGjL-1Me690&list=PLDDuEZQEC_uDcYhabzxMCFCs3vGGSGVX4&index=47&t=0s,Kargin Haghordum sketch 246 (Hayko Mko),KarginTV,UCEHF-l2v0qhi_IXzrfc3uZg,249,20121228,347882,2045,,37.0,public,hy,"[""24""]","[""Kargin Haghordum"", ""Kargin haxordum"", ""Կարգին Հաղորդում"", ""Hayko Mko"", ""Armenian Humor"", ""Հայկո Մկո"", ""Հայկական Հումոր"", ""Hayko"", ""Mko"", ""Հյկո"", ""Մկո"", ""Kargin"", ""Կարգին"", ""Armenia Humor"", ""haykakan humor"", ""Armenian jokes"", ""HD"", ""humor"", ""Հումոր"", ""Kargin haxordum HD"", ""Kargin Haghordum HD"", ""Hayko Mko Kargin Haxordum"", ""jokes""]",,,,False,,,,"Կարգին Հաղորդում  
Hayko Mko Armenian Humor 
Հայկո Մկո Հայկական Հումոր",youtube,True,{},{},False,True,True,processed,hd,2d,rectangular,none,,0,api,2026-08-01T13:53:30+00:00,
NLoJXXo_cSw,https://www.youtube.com/watch?v=NLoJXXo_cSw,https://www.youtube.com/watch?v=NLoJXXo_cSw&list=PLDDuEZQEC_uDcYhabzxMCFCs3vGGSGVX4&index=48&t=0s,Kargin Haghordum sketch 247 (Hayko Mko),KarginTV,UCEHF-l2v0qhi_IXzrfc3uZg,179,20121228,479653,3038,,50.0,public,hy,"[""24""]","[""Kargin Haghordum"", ""Kargin haxordum"", ""Կարգին Հաղորդում"", ""Hayko Mko"", ""Armenian Humor"", ""Հայկո Մկո"", ""Հայկական Հումոր"", ""Hayko"", ""Mko"", ""Հյկո"", ""Մկո"", ""Kargin"", ""Կարգին"", ""Armenia Humor"", ""haykakan humor"", ""Armenian jokes"", ""HD"", ""humor"", ""Հումոր"", ""Kargin haxordum HD"", ""Kargin Haghordum HD"", ""Hayko Mko Kargin Haxordum"", ""jokes""]",,,,False,,,,"Կարգին Հաղորդում  
Hayko Mko Armenian Humor 
Հայկո Մկո Հայկական Հումոր",youtube,False,{},{},False,True,True,processed,hd,2d,rectangular,none,,0,api,2026-08-01T13:53:30+00:00,
dkq3yuvyeTs,https://www.youtube.com/watch?v=dkq3yuvyeTs,https://www.youtube.com/watch?v=dkq3yuvyeTs&list=PLDDuEZQEC_uDcYhabzxMCFCs3vGGSGVX4&index=49&t=0s,Kargin Haghordum sketch 248 (Hayko Mko),KarginTV,UCEHF-l2v0qhi_IXzrfc3uZg,136,20121228,620513,4445,,81.0,public,hy,"[""24""]","[""Kargin Haghordum"", ""Kargin haxordum"", ""Կարգին Հաղորդում"", ""Hayko Mko"", ""Armenian Humor"", ""Հայկո Մկո"", ""Հայկական Հումոր"", ""Hayko"", ""Mko"", ""Հյկո"", ""Մկո"", ""Kargin"", ""Կարգին"", ""Armenia Humor"", ""haykakan humor"", ""Armenian jokes"", ""HD"", ""humor"", ""Հումոր"", ""Kargin haxordum HD"", ""Kargin Haghordum HD"", ""Hayko Mko Kargin Haxordum"", ""jokes""]",,,,False,,,,"Կարգին Հաղորդում  
Hayko Mko Armenian Humor 
Հայկո Մկո Հայկական Հումոր",youtube,True,{},{},False,True,True,processed,hd,2d,rectangular,none,,0,api,2026-08-01T13:53:30+00:00,
vwaCjXU4Neg,https://www.youtube.com/watch?v=vwaCjXU4Neg,https://www.youtube.com/watch?v=vwaCjXU4Neg&list=PLDDuEZQEC_uDcYhabzxMCFCs3vGGSGVX4&index=50&t=0s,Kargin Haghordum sketch 249 (Hayko Mko),KarginTV,UCEHF-l2v0qhi_IXzrfc3uZg,102,20121228,292728,1739,,22.0,public,hy,"[""24""]","[""Kargin Haghordum"", ""Kargin haxordum"", ""Կարգին Հաղորդում"", ""Hayko Mko"", ""Armenian Humor"", ""Հայկո Մկո"", ""Հայկական Հումոր"", ""Hayko"", ""Mko"", ""Հյկո"", ""Մկո"", ""Kargin"", ""Կարգին"", ""Armenia Humor"", ""haykakan humor"", ""Armenian jokes"", ""HD"", ""humor"", ""Հումոր"", ""Kargin haxordum HD"", ""Kargin Haghordum HD"", ""Hayko Mko Kargin Haxordum"", ""jokes""]",,,,False,,,,"Կարգին Հաղորդում  
Hayko Mko Armenian Humor 
Հայկո Մկո Հայկական Հումոր",youtube,True,{},{},False,True,True,processed,hd,2d,rectangular,none,,0,api,2026-08-01T13:53:30+00:00,
ZFZSmw37k54,https://www.youtube.com/watch?v=ZFZSmw37k54,https://www.youtube.com/watch?v=ZFZSmw37k54&list=PLDDuEZQEC_uDcYhabzxMCFCs3vGGSGVX4&index=51&t=0s,Kargin Haghordum sketch 250 (Hayko Mko),KarginTV,UCEHF-l2v0qhi_IXzrfc3uZg,234,20121228,1231968,4328,,93.0,public,hy,"[""24""]","[""Kargin Haghordum"", ""Kargin haxordum"", ""Կարգին Հաղորդում"", ""Hayko Mko"", ""Armenian Humor"", ""Հայկո Մկո"", ""Հայկական Հումոր"", ""Hayko"", ""Mko"", ""Հյկո"", ""Մկո"", ""Kargin"", ""Կարգին"", ""Armenia Humor"", ""haykakan humor"", ""Armenian jokes"", ""HD"", ""humor"", ""Հումոր"", ""Kargin haxordum HD"", ""Kargin Haghordum HD"", ""Hayko Mko Kargin Haxordum"", ""jokes""]",,,,False,,,,"Կարգին Հաղորդում  
Hayko Mko Armenian Humor 
Հայկո Մկո Հայկական Հումոր",youtube,False,{},{},False,True,True,processed,hd,2d,rectangular,none,,0,api,2026-08-01T13:53:30+00:00,
ROhyVWLJYbU,https://www.youtube.com/watch?v=ROhyVWLJYbU,https://www.youtube.com/watch?v=ROhyVWLJYbU&list=PLDDuEZQEC_uDcYhabzxMCFCs3vGGSGVX4&index=52&t=0s,Kargin Haghordum sketch 251 (Hayko Mko),KarginTV,UCEHF-l2v0qhi_IXzrfc3uZg,87,20121228,500137,2748,,22.0,public,hy,"[""24""]","[""Kargin Haghordum"", ""Kargin haxordum"", ""Կարգին Հաղորդում"", ""Hayko Mko"", ""Armenian Humor"", ""Հայկո Մկո"", ""Հայկական Հումոր"", ""Hayko"", ""Mko"", ""Հյկո"", ""Մկո"", ""Kargin"", ""Կարգին"", ""Armenia Humor"", ""haykakan humor"", ""Armenian jokes"", ""HD"", ""humor"", ""Հումոր"", ""Kargin haxordum HD"", ""Kargin Haghordum HD"", ""Hayko Mko Kargin Haxordum"", ""jokes""]",,,,False,,,,"Կարգին Հաղորդում  
Hayko Mko Armenian Humor 
Հայկո Մկո Հայկական Հումոր",youtube,True,{},{},False,True,True,processed,hd,2d,rectangular,none,,0,api,2026-08-01T13:53:30+00:00,
4g1UEAON4-0,https://www.youtube.com/watch?v=4g1UEAON4-0,https://www.youtube.com/watch?v=4g1UEAON4-0&list=PLDDuEZQEC_uDcYhabzxMCFCs3vGGSGVX4&index=53&t=0s,Kargin Haghordum sketch 252 (Hayko Mko),KarginTV,UCEHF-l2v0qhi_IXzrfc3uZg,305,20121228,1917936,9349,,208.0,public,hy,"[""24""]","[""Kargin Haghordum"", ""Kargin haxordum"", ""Կարգին Հաղորդում"", ""Hayko Mko"", ""Armenian Humor"", ""Հայկո Մկո"", ""Հայկական Հումոր"", ""Hayko"", ""Mko"", ""Հյկո"", ""Մկո"", ""Kargin"", ""Կարգին"", ""Armenia Humor"", ""haykakan humor"", ""Armenian jokes"", ""HD"", ""humor"", ""Հումոր"", ""Kargin haxordum HD"", ""Kargin Haghordum HD"", ""Hayko Mko Kargin Haxordum"", ""jokes""]",,,,False,,,,"Կարգին Հաղորդում  
Hayko Mko Armenian Humor 
Հայկո Մկո Հայկական Հումոր",youtube,True,{},{},False,True,True,processed,hd,2d,rectangular,none,,0,api,2026-08-01T13:53:30+00:00,
gPuUvFuvaUw,https://www.youtube.com/watch?v=gPuUvFuvaUw,https://www.youtube.com/watch?v=gPuUvFuvaUw&list=PLDDuEZQEC_uDcYhabzxMCFCs3vGGSGVX4&index=54&t=0s,Kargin Haghordum sketch 253 (Hayko Mko),KarginTV,UCEHF-l2v0qhi_IXzrfc3uZg,147,20121228,1020467,6509,,76.0,public,hy,"[""24""]","[""Kargin Haghordum"", ""Kargin haxordum"", ""Կարգին Հաղորդում"", ""Hayko Mko"", ""Armenian Humor"", ""Հայկո Մկո"", ""Հայկական Հումոր"", ""Hayko"", ""Mko"", ""Հյկո"", ""Մկո"", ""Kargin"", ""Կարգին"", ""Armenia Humor"", ""haykakan humor"", ""Armenian jokes"", ""HD"", ""humor"", ""Հումոր"", ""Kargin haxordum HD"", ""Kargin Haghordum HD"", ""Hayko Mko Kargin Haxordum"", ""jokes""]",,,,False,,,,"Կարգին Հաղորդում  
Hayko Mko Armenian Humor 
Հայկո Մկո Հայկական Հումոր",youtube,True,{},{},False,True,True,processed,hd,2d,rectangular,none,,0,api,2026-08-01T13:53:30+00:00,
8FNynS9GoAs,https://www.youtube.com/watch?v=8FNynS9GoAs,https://www.youtube.com/watch?v=8FNynS9GoAs&list=PLDDuEZQEC_uDcYhabzxMCFCs3vGGSGVX4&index=55&t=0s,Kargin Haghordum - GAIshnik (Hayko Mko),KarginTV,UCEHF-l2v0qhi_IXzrfc3uZg,143,20121228,835710,3688,,33.0,public,hy,"[""24""]","[""Kargin Haghordum"", ""Kargin haxordum"", ""Կարգին Հաղորդում"", ""Hayko Mko"", ""Armenian Humor"", ""Հայկո Մկո"", ""Հայկական Հումոր"", ""Hayko"", ""Mko"", ""Հյկո"", ""Մկո"", ""Kargin"", ""Կարգին"", ""Armenia Humor"", ""haykakan humor"", ""Armenian jokes"", ""HD"", ""humor"", ""Հումոր"", ""Kargin haxordum HD"", ""Kargin Haghordum HD"", ""Hayko Mko Kargin Haxordum"", ""jokes""]",,,,False,,,,"Կարգին Հաղորդում  
Hayko Mko Armenian Humor 
Հայկո Մկո Հայկական Հումոր",youtube,True,{},{},False,True,True,processed,hd,2d,rectangular,none,,0,api,2026-08-01T13:53:30+00:00,
A8_n7aME-yM,https://www.youtube.com/watch?v=A8_n7aME-yM,https://www.youtube.com/watch?v=A8_n7aME-yM&list=PLDDuEZQEC_uDcYhabzxMCFCs3vGGSGVX4&index=56&t=0s,Kargin Haghordum - Football (Hayko Mko),KarginTV,UCEHF-l2v0qhi_IXzrfc3uZg,156,20121228,542495,3463,,71.0,public,hy,"[""24""]","[""Kargin Haghordum"", ""Kargin haxordum"", ""Կարգին Հաղորդում"", ""Hayko Mko"", ""Armenian Humor"", ""Հայկո Մկո"", ""Հայկական Հումոր"", ""Hayko"", ""Mko"", ""Հյկո"", ""Մկո"", ""Kargin"", ""Կարգին"", ""Armenia Humor"", ""haykakan humor"", ""Armenian jokes"", ""HD"", ""humor"", ""Հումոր"", ""Kargin haxordum HD"", ""Kargin Haghordum HD"", ""Hayko Mko Kargin Haxordum"", ""jokes""]",,,,False,,,,"Կարգին Հաղորդում  
Hayko Mko Armenian Humor 
Հայկո Մկո Հայկական Հումոր",youtube,True,{},{},False,True,True,processed,hd,2d,rectangular,none,,0,api,2026-08-01T13:53:30+00:00,
9fCZPyVaTgI,https://www.youtube.com/watch?v=9fCZPyVaTgI,https://www.youtube.com/watch?v=9fCZPyVaTgI&list=PLDDuEZQEC_uDcYhabzxMCFCs3vGGSGVX4&index=57&t=0s,Kargin Haghordum sketch 256 (Hayko Mko),KarginTV,UCEHF-l2v0qhi_IXzrfc3uZg,107,20121228,282572,1960,,21.0,public,hy,"[""24""]","[""Kargin Haghordum"", ""Kargin haxordum"", ""Կարգին Հաղորդում"", ""Hayko Mko"", ""Armenian Humor"", ""Հայկո Մկո"", ""Հայկական Հումոր"", ""Hayko"", ""Mko"", ""Հյկո"", ""Մկո"", ""Kargin"", ""Կարգին"", ""Armenia Humor"", ""haykakan humor"", ""Armenian jokes"", ""HD"", ""humor"", ""Հումոր"", ""Kargin haxordum HD"", ""Kargin Haghordum HD"", ""Hayko Mko Kargin Haxordum"", ""jokes""]",,,,False,,,,"Կարգին Հաղորդում  
Hayko Mko Armenian Humor 
Հայկո Մկո Հայկական Հումոր",youtube,True,{},{},False,True,True,processed,hd,2d,rectangular,none,,0,api,2026-08-01T13:53:30+00:00,
ebNV8X33pB0,https://www.youtube.com/watch?v=ebNV8X33pB0,https://www.youtube.com/watch?v=ebNV8X33pB0&list=PLDDuEZQEC_uDcYhabzxMCFCs3vGGSGVX4&index=58&t=0s,Kargin Haghordum sketch 257 (Hayko Mko),KarginTV,UCEHF-l2v0qhi_IXzrfc3uZg,152,20121228,56078,235,,6.0,public,hy,"[""24""]","[""Kargin Haghordum"", ""Kargin haxordum"", ""Կարգին Հաղորդում"", ""Hayko Mko"", ""Armenian Humor"", ""Հայկո Մկո"", ""Հայկական Հումոր"", ""Hayko"", ""Mko"", ""Հյկո"", ""Մկո"", ""Kargin"", ""Կարգին"", ""Armenia Humor"", ""haykakan humor"", ""Armenian jokes"", ""HD"", ""humor"", ""Հումոր"", ""Kargin haxordum HD"", ""Kargin Haghordum HD"", ""Hayko Mko Kargin Haxordum"", ""jokes""]",,,,False,,,,"Կարգին Հաղորդում  
Hayko Mko Armenian Humor 
Հայկո Մկո Հայկական Հումոր",youtube,True,{},{},False,True,True,processed,hd,2d,rectangular,none,,0,api,2026-08-01T13:53:30+00:00,
PU3ourr4rKA,https://www.youtube.com/watch?v=PU3ourr4rKA,https://www.youtube.com/watch?v=PU3ourr4rKA&list=PLDDuEZQEC_uDcYhabzxMCFCs3vGGSGVX4&index=59&t=0s,Kargin Haghordum sketch 258 (Hayko Mko),KarginTV,UCEHF-l2v0qhi_IXzrfc3uZg,137,20121228,1132175,3961,,45.0,public,hy,"[""24""]","[""Kargin Haghordum"", ""Kargin haxordum"", ""Կարգին Հաղորդում"", ""Hayko Mko"", ""Armenian Humor"", ""Հայկո Մկո"", ""Հայկական Հումոր"", ""Hayko"", ""Mko"", ""Հյկո"", ""Մկո"", ""Kargin"", ""Կարգին"", ""Armenia Humor"", ""haykakan humor"", ""Armenian jokes"", ""HD"", ""humor"", ""Հումոր"", ""Kargin haxordum HD"", ""Kargin Haghordum HD"", ""Hayko Mko Kargin Haxordum"", ""jokes""]",,,,False,,,,"Կարգին Հաղորդում  
Hayko Mko Armenian Humor 
Հայկո Մկո Հայկական Հումոր",youtube,True,{},{},False,True,True,processed,hd,2d,rectangular,none,,0,api,2026-08-01T13:53:30+00:00,
uavewh7X7vk,https://www.youtube.com/watch?v=uavewh7X7vk,https://www.youtube.com/watch?v=uavewh7X7vk&list=PLDDuEZQEC_uDcYhabzxMCFCs3vGGSGVX4&index=60&t=0s,Kargin Haghordum sketch 259 (Hayko Mko),KarginTV,UCEHF-l2v0qhi_IXzrfc3uZg,134,20121228,449755,2423,,24.0,public,hy,"[""24""]","[""Kargin Haghordum"", ""Kargin haxordum"", ""Կարգին Հաղորդում"", ""Hayko Mko"", ""Armenian Humor"", ""Հայկո Մկո"", ""Հայկական Հումոր"", ""Hayko"", ""Mko"", ""Հյկո"", ""Մկո"", ""Kargin"", ""Կարգին"", ""Armenia Humor"", ""haykakan humor"", ""Armenian jokes"", ""HD"", ""humor"", ""Հումոր"", ""Kargin haxordum HD"", ""Kargin Haghordum HD"", ""Hayko Mko Kargin Haxordum"", ""jokes""]",,,,False,,,,"Կարգին Հաղորդում  
Hayko Mko Armenian Humor 
Հայկո Մկո Հայկական Հումոր",youtube,True,{},{},False,True,True,processed,hd,2d,rectangular,none,,0,api,2026-08-01T13:53:30+00:00,
fNXg8Cs7ifY,https://www.youtube.com/watch?v=fNXg8Cs7ifY,https://www.youtube.com/watch?v=fNXg8Cs7ifY&list=PLDDuEZQEC_uDcYhabzxMCFCs3vGGSGVX4&index=61&t=0s,Kargin Haghordum sketch 260 (Hayko Mko),KarginTV,UCEHF-l2v0qhi_IXzrfc3uZg,198,20121228,628038,3978,,89.0,public,hy,"[""24""]","[""Kargin Haghordum"", ""Kargin haxordum"", ""Կարգին Հաղորդում"", ""Hayko Mko"", ""Armenian Humor"", ""Հայկո Մկո"", ""Հայկական Հումոր"", ""Hayko"", ""Mko"", ""Հյկո"", ""Մկո"", ""Kargin"", ""Կարգին"", ""Armenia Humor"", ""haykakan humor"", ""Armenian jokes"", ""HD"", ""humor"", ""Հումոր"", ""Kargin haxordum HD"", ""Kargin Haghordum HD"", ""Hayko Mko Kargin Haxordum"", ""jokes""]",,,,False,,,,"Կարգին Հաղորդում  
Hayko Mko Armenian Humor 
Հայկո Մկո Հայկական Հումոր",youtube,True,{},{},False,True,True,processed,hd,2d,rectangular,none,,0,api,2026-08-01T13:53:30+00:00,
rErcpknoD_4,https://www.youtube.com/watch?v=rErcpknoD_4,https://www.youtube.com/watch?v=rErcpknoD_4&list=PLDDuEZQEC_uDcYhabzxMCFCs3vGGSGVX4&index=62&t=0s,Kargin Haghordum sketch 261 (Hayko Mko),KarginTV,UCEHF-l2v0qhi_IXzrfc3uZg,208,20121228,1257683,5589,,145.0,public,hy,"[""24""]","[""Kargin Haghordum"", ""Kargin haxordum"", ""Կարգին Հաղորդում"", ""Hayko Mko"", ""Armenian Humor"", ""Հայկո Մկո"", ""Հայկական Հումոր"", ""Hayko"", ""Mko"", ""Հյկո"", ""Մկո"", ""Kargin"", ""Կարգին"", ""Armenia Humor"", ""haykakan humor"", ""Armenian jokes"", ""HD"", ""humor"", ""Հումոր"", ""Kargin haxordum HD"", ""Kargin Haghordum HD"", ""Hayko Mko Kargin Haxordum"", ""jokes""]",,,,False,,,,"Կարգին Հաղորդում  
Hayko Mko Armenian Humor 
Հայկո Մկո Հայկական Հումոր",youtube,False,"{""blocked"": [""RU""]}",{},False,True,True,processed,hd,2d,rectangular,none,,0,api,2026-08-01T13:53:30+00:00,
-jCLqYZVTFQ,https://www.youtube.com/watch?v=-jCLqYZVTFQ,https://www.youtube.com/watch?v=-jCLqYZVTFQ&list=PLDDuEZQEC_uDcYhabzxMCFCs3vGGSGVX4&index=63&t=0s,Kargin Haghordum sketch 262 (Hayko Mko),KarginTV,UCEHF-l2v0qhi_IXzrfc3uZg,221,20121228,637163,3346,,79.0,public,hy,"[""24""]","[""Kargin Haghordum"", ""Kargin haxordum"", ""Կարգին Հաղորդում"", ""Hayko Mko"", ""Armenian Humor"", ""Հայկո Մկո"", ""Հայկական Հումոր"", ""Hayko"", ""Mko"", ""Հյկո"", ""Մկո"", ""Kargin"", ""Կարգին"", ""Armenia Humor"", ""haykakan humor"", ""Armenian jokes"", ""HD"", ""humor"", ""Հումոր"", ""Kargin haxordum HD"", ""Kargin Haghordum HD"", ""Hayko Mko Kargin Haxordum"", ""jokes""]",,,,False,,,,"Կարգին Հաղորդում  
Hayko Mko Armenian Humor 
Հայկո Մկո Հայկական Հումոր",youtube,False,{},{},False,True,True,processed,hd,2d,rectangular,none,,0,api,2026-08-01T13:53:30+00:00,
vDjc8pWoNnw,https://www.youtube.com/watch?v=vDjc8pWoNnw,https://www.youtube.com/watch?v=vDjc8pWoNnw&list=PLDDuEZQEC_uDcYhabzxMCFCs3vGGSGVX4&index=64&t=0s,Kargin Haghordum sketch 263 (Hayko Mko),KarginTV,UCEHF-l2v0qhi_IXzrfc3uZg,151,20121228,240373,1317,,33.0,public,hy,"[""24""]","[""Kargin Haghordum"", ""Kargin haxordum"", ""Կարգին Հաղորդում"", ""Hayko Mko"", ""Armenian Humor"", ""Հայկո Մկո"", ""Հայկական Հումոր"", ""Hayko"", ""Mko"", ""Հյկո"", ""Մկո"", ""Kargin"", ""Կարգին"", ""Armenia Humor"", ""haykakan humor"", ""Armenian jokes"", ""HD"", ""humor"", ""Հումոր"", ""Kargin haxordum HD"", ""Kargin Haghordum HD"", ""Hayko Mko Kargin Haxordum"", ""jokes""]",,,,False,,,,"Կարգին Հաղորդում  
Hayko Mko Armenian Humor 
Հայկո Մկո Հայկական Հումոր",youtube,True,{},{},False,True,True,processed,hd,2d,rectangular,none,,0,api,2026-08-01T13:53:30+00:00,
KK74n_-aNMc,https://www.youtube.com/watch?v=KK74n_-aNMc,https://www.youtube.com/watch?v=KK74n_-aNMc&list=PLDDuEZQEC_uDcYhabzxMCFCs3vGGSGVX4&index=65&t=0s,Kargin Haghordum - Viselskiy (Hayko Mko),KarginTV,UCEHF-l2v0qhi_IXzrfc3uZg,121,20121228,791774,2830,,51.0,public,hy,"[""24""]","[""Kargin Haghordum"", ""Kargin haxordum"", ""Կարգին Հաղորդում"", ""Hayko Mko"", ""Armenian Humor"", ""Հայկո Մկո"", ""Հայկական Հումոր"", ""Hayko"", ""Mko"", ""Հյկո"", ""Մկո"", ""Kargin"", ""Կարգին"", ""Armenia Humor"", ""haykakan humor"", ""Armenian jokes"", ""HD"", ""humor"", ""Հումոր"", ""Kargin haxordum HD"", ""Kargin Haghordum HD"", ""Hayko Mko Kargin Haxordum"", ""jokes""]",,,,False,,,,"Կարգին Հաղորդում  
Hayko Mko Armenian Humor 
Հայկո Մկո Հայկական Հումոր",youtube,True,{},{},False,True,True,processed,hd,2d,rectangular,none,,0,api,2026-08-01T13:53:30+00:00,
GYewdqQfAws,https://www.youtube.com/watch?v=GYewdqQfAws,https://www.youtube.com/watch?v=GYewdqQfAws&list=PLDDuEZQEC_uDcYhabzxMCFCs3vGGSGVX4&index=66&t=0s,Kargin Haghordum sketch 265 (Hayko Mko),KarginTV,UCEHF-l2v0qhi_IXzrfc3uZg,62,20121228,279449,1369,,15.0,public,hy,"[""24""]","[""Kargin Haghordum"", ""Kargin haxordum"", ""Կարգին Հաղորդում"", ""Hayko Mko"", ""Armenian Humor"", ""Հայկո Մկո"", ""Հայկական Հումոր"", ""Hayko"", ""Mko"", ""Հյկո"", ""Մկո"", ""Kargin"", ""Կարգին"", ""Armenia Humor"", ""haykakan humor"", ""Armenian jokes"", ""HD"", ""humor"", ""Հումոր"", ""Kargin haxordum HD"", ""Kargin Haghordum HD"", ""Hayko Mko Kargin Haxordum"", ""jokes""]",,,,False,,,,"Կարգին Հաղորդում  
Hayko Mko Armenian Humor 
Հայկո Մկո Հայկական Հումոր",youtube,True,{},{},False,True,True,processed,hd,2d,rectangular,none,,0,api,2026-08-01T13:53:30+00:00,
82r9vHp8k0Y,https://www.youtube.com/watch?v=82r9vHp8k0Y,https://www.youtube.com/watch?v=82r9vHp8k0Y&list=PLDDuEZQEC_uDcYhabzxMCFCs3vGGSGVX4&index=67&t=0s,Kargin Haghordum sketch 266 (Hayko Mko),KarginTV,UCEHF-l2v0qhi_IXzrfc3uZg,173,20121228,1255276,6049,,64.0,public,hy,"[""24""]","[""Kargin Haghordum"", ""Kargin haxordum"", ""Կարգին Հաղորդում"", ""Hayko Mko"", ""Armenian Humor"", ""Հայկո Մկո"", ""Հայկական Հումոր"", ""Hayko"", ""Mko"", ""Հյկո"", ""Մկո"", ""Kargin"", ""Կարգին"", ""Armenia Humor"", ""haykakan humor"", ""Armenian jokes"", ""HD"", ""humor"", ""Հումոր"", ""Kargin haxordum HD"", ""Kargin Haghordum HD"", ""Hayko Mko Kargin Haxordum"", ""jokes""]",,,,False,,,,"Կարգին Հաղորդում  
Hayko Mko Armenian Humor 
Հայկո Մկո Հայկական Հումոր",youtube,True,{},{},False,True,True,processed,hd,2d,rectangular,none,,0,api,2026-08-01T13:53:30+00:00,
BCDNaGGDjAY,https://www.youtube.com/watch?v=BCDNaGGDjAY,https://www.youtube.com/watch?v=BCDNaGGDjAY&list=PLDDuEZQEC_uDcYhabzxMCFCs3vGGSGVX4&index=68&t=0s,Kargin Haghordum - Hetapndum (Hayko Mko),KarginTV,UCEHF-l2v0qhi_IXzrfc3uZg,133,20121228,733764,3371,,35.0,public,hy,"[""24""]","[""Kargin Haghordum"", ""Kargin haxordum"", ""Կարգին Հաղորդում"", ""Hayko Mko"", ""Armenian Humor"", ""Հայկո Մկո"", ""Հայկական Հումոր"", ""Hayko"", ""Mko"", ""Հյկո"", ""Մկո"", ""Kargin"", ""Կարգին"", ""Armenia Humor"", ""haykakan humor"", ""Armenian jokes"", ""HD"", ""humor"", ""Հումոր"", ""Kargin haxordum HD"", ""Kargin Haghordum HD"", ""Hayko Mko Kargin Haxordum"", ""jokes""]",,,,False,,,,"Կարգին Հաղորդում  
Hayko Mko Armenian Humor 
Հայկո Մկո Հայկական Հումոր",youtube,True,{},{},False,True,True,processed,hd,2d,rectangular,none,,0,api,2026-08-01T13:53:30+00:00,
UhyVa3nczbg,https://www.youtube.com/watch?v=UhyVa3nczbg,https://www.youtube.com/watch?v=UhyVa3nczbg&list=PLDDuEZQEC_uDcYhabzxMCFCs3vGGSGVX4&index=69&t=0s,Kargin Haghordum sketch 268 (Hayko Mko),KarginTV,UCEHF-l2v0qhi_IXzrfc3uZg,149,20121228,484626,2857,,28.0,public,hy,"[""24""]","[""Kargin Haghordum"", ""Kargin haxordum"", ""Կարգին Հաղորդում"", ""Hayko Mko"", ""Armenian Humor"", ""Հայկո Մկո"", ""Հայկական Հումոր"", ""Hayko"", ""Mko"", ""Հյկո"", ""Մկո"", ""Kargin"", ""Կարգին"", ""Armenia Humor"", ""haykakan humor"", ""Armenian jokes"", ""HD"", ""humor"", ""Հումոր"", ""Kargin haxordum HD"", ""Kargin Haghordum HD"", ""Hayko Mko Kargin Haxordum"", ""jokes""]",,,,False,,,,"Կարգին Հաղորդում  
Hayko Mko Armenian Humor 
Հայկո Մկո Հայկական Հումոր",youtube,True,{},{},False,True,True,processed,hd,2d,rectangular,none,,0,api,2026-08-01T13:53:30+00:00,
IsgF4_C3xjY,https://www.youtube.com/watch?v=IsgF4_C3xjY,https://www.youtube.com/watch?v=IsgF4_C3xjY&list=PLDDuEZQEC_uDcYhabzxMCFCs3vGGSGVX4&index=70&t=0s,Kargin Haghordum sketch 269 (Hayko Mko),KarginTV,UCEHF-l2v0qhi_IXzrfc3uZg,144,20121228,661377,2871,,27.0,public,hy,"[""24""]","[""Kargin Haghordum"", ""Kargin haxordum"", ""Կարգին Հաղորդում"", ""Hayko Mko"", ""Armenian Humor"", ""Հայկո Մկո"", ""Հայկական Հումոր"", ""Hayko"", ""Mko"", ""Հյկո"", ""Մկո"", ""Kargin"", ""Կարգին"", ""Armenia Humor"", ""haykakan humor"", ""Armenian jokes"", ""HD"", ""humor"", ""Հումոր"", ""Kargin haxordum HD"", ""Kargin Haghordum HD"", ""Hayko Mko Kargin Haxordum"", ""jokes""]",,,,False,,,,"Կարգին Հաղորդում  
Hayko Mko Armenian Humor 
Հայկո Մկո Հայկական Հումոր",youtube,True,{},{},False,True,True,processed,hd,2d,rectangular,none,,0,api,2026-08-01T13:53:30+00:00,
KhxmtcSkGsY,https://www.youtube.com/watch?v=KhxmtcSkGsY,https://www.youtube.com/watch?v=KhxmtcSkGsY&list=PLDDuEZQEC_uDcYhabzxMCFCs3vGGSGVX4&index=71&t=0s,Kargin Haghordum sketch 270 (Hayko Mko),KarginTV,UCEHF-l2v0qhi_IXzrfc3uZg,41,20121228,451148,1579,,6.0,public,hy,"[""24""]","[""Kargin Haghordum"", ""Kargin haxordum"", ""Կարգին Հաղորդում"", ""Hayko Mko"", ""Armenian Humor"", ""Հայկո Մկո"", ""Հայկական Հումոր"", ""Hayko"", ""Mko"", ""Հյկո"", ""Մկո"", ""Kargin"", ""Կարգին"", ""Armenia Humor"", ""haykakan humor"", ""Armenian jokes"", ""HD"", ""humor"", ""Հումոր"", ""Kargin haxordum HD"", ""Kargin Haghordum HD"", ""Hayko Mko Kargin Haxordum"", ""jokes""]",,,,False,,,,"Կարգին Հաղորդում  
Hayko Mko Armenian Humor 
Հայկո Մկո Հայկական Հումոր",youtube,True,{},{},False,True,True,processed,hd,2d,rectangular,none,,0,api,2026-08-01T13:53:30+00:00,
bHv-5tqagpU,https://www.youtube.com/watch?v=bHv-5tqagpU,https://www.youtube.com/watch?v=bHv-5tqagpU&list=PLDDuEZQEC_uDcYhabzxMCFCs3vGGSGVX4&index=72&t=0s,Kargin Haghordum sketch 271 (Hayko Mko),KarginTV,UCEHF-l2v0qhi_IXzrfc3uZg,115,20121228,265349,1684,,18.0,public,hy,"[""24""]","[""Kargin Haghordum"", ""Kargin haxordum"", ""Կարգին Հաղորդում"", ""Hayko Mko"", ""Armenian Humor"", ""Հայկո Մկո"", ""Հայկական Հումոր"", ""Hayko"", ""Mko"", ""Հյկո"", ""Մկո"", ""Kargin"", ""Կարգին"", ""Armenia Humor"", ""haykakan humor"", ""Armenian jokes"", ""HD"", ""humor"", ""Հումոր"", ""Kargin haxordum HD"", ""Kargin Haghordum HD"", ""Hayko Mko Kargin Haxordum"", ""jokes""]",,,,False,,,,"Կարգին Հաղորդում  
Hayko Mko Armenian Humor 
Հայկո Մկո Հայկական Հումոր",youtube,False,{},{},False,True,True,processed,hd,2d,rectangular,none,,0,api,2026-08-01T13:53:30+00:00,
y1yeDFDTxy4,https://www.youtube.com/watch?v=y1yeDFDTxy4,https://www.youtube.com/watch?v=y1yeDFDTxy4&list=PLDDuEZQEC_uDcYhabzxMCFCs3vGGSGVX4&index=73&t=0s,Kargin Haghordum sketch 272 (Hayko Mko),KarginTV,UCEHF-l2v0qhi_IXzrfc3uZg,212,20121228,1222680,7229,,72.0,public,hy,"[""24""]","[""Kargin Haghordum"", ""Kargin haxordum"", ""Կարգին Հաղորդում"", ""Hayko Mko"", ""Armenian Humor"", ""Հայկո Մկո"", ""Հայկական Հումոր"", ""Hayko"", ""Mko"", ""Հյկո"", ""Մկո"", ""Kargin"", ""Կարգին"", ""Armenia Humor"", ""haykakan humor"", ""Armenian jokes"", ""HD"", ""humor"", ""Հումոր"", ""Kargin haxordum HD"", ""Kargin Haghordum HD"", ""Hayko Mko Kargin Haxordum"", ""jokes""]",,,,False,,,,"Կարգին Հաղորդում  
Hayko Mko Armenian Humor 
Հայկո Մկո Հայկական Հումոր",youtube,False,{},{},False,True,True,processed,hd,2d,rectangular,none,,0,api,2026-08-01T13:53:30+00:00,
MBVthmBUQVg,https://www.youtube.com/watch?v=MBVthmBUQVg,https://www.youtube.com/watch?v=MBVthmBUQVg&list=PLDDuEZQEC_uDcYhabzxMCFCs3vGGSGVX4&index=74&t=0s,Kargin Haghordum sketch 273 (Hayko Mko),KarginTV,UCEHF-l2v0qhi_IXzrfc3uZg,270,20121228,461251,3284,,84.0,public,hy,"[""24""]","[""Kargin Haghordum"", ""Kargin haxordum"", ""Կարգին Հաղորդում"", ""Hayko Mko"", ""Armenian Humor"", ""Հայկո Մկո"", ""Հայկական Հումոր"", ""Hayko"", ""Mko"", ""Հյկո"", ""Մկո"", ""Kargin"", ""Կարգին"", ""Armenia Humor"", ""haykakan humor"", ""Armenian jokes"", ""HD"", ""humor"", ""Հումոր"", ""Kargin haxordum HD"", ""Kargin Haghordum HD"", ""Hayko Mko Kargin Haxordum"", ""jokes""]",,,,False,,,,"Կարգին Հաղորդում  
Hayko Mko Armenian Humor 
Հայկո Մկո Հայկական Հումոր",youtube,False,{},{},False,True,True,processed,hd,2d,rectangular,none,,0,api,2026-08-01T13:53:30+00:00,
28WMu33SaYY,https://www.youtube.com/watch?v=28WMu33SaYY,https://www.youtube.com/watch?v=28WMu33SaYY&list=PLDDuEZQEC_uDcYhabzxMCFCs3vGGSGVX4&index=75&t=0s,Kargin Haghordum sketch 274 (Hayko Mko),KarginTV,UCEHF-l2v0qhi_IXzrfc3uZg,132,20121228,569280,1947,,48.0,public,hy,"[""24""]","[""Kargin Haghordum"", ""Kargin haxordum"", ""Կարգին Հաղորդում"", ""Hayko Mko"", ""Armenian Humor"", ""Հայկո Մկո"", ""Հայկական Հումոր"", ""Hayko"", ""Mko"", ""Հյկո"", ""Մկո"", ""Kargin"", ""Կարգին"", ""Armenia Humor"", ""haykakan humor"", ""Armenian jokes"", ""HD"", ""humor"", ""Հումոր"", ""Kargin haxordum HD"", ""Kargin Haghordum HD"", ""Hayko Mko Kargin Haxordum"", ""jokes""]",,,,False,,,,"Կարգին Հաղորդում  
Hayko Mko Armenian Humor 
Հայկո Մկո Հայկական Հումոր",youtube,True,{},{},False,True,True,processed,hd,2d,rectangular,none,,0,api,2026-08-01T13:53:30+00:00,
VZcxFrT4BKk,https://www.youtube.com/watch?v=VZcxFrT4BKk,https://www.youtube.com/watch?v=VZcxFrT4BKk&list=PLDDuEZQEC_uAuSrUXsFVBLNkPQY3BHzLQ&index=170&t=0s,Kargin Haghordum sketch 569 (Hayko Mko),KarginTV,UCEHF-l2v0qhi_IXzrfc3uZg,210,20121228,468378,2202,,49.0,public,hy,"[""24""]","[""Kargin Haghordum"", ""Kargin haxordum"", ""Կարգին Հաղորդում"", ""Hayko Mko"", ""Armenian Humor"", ""Հայկո Մկո"", ""Հայկական Հումոր"", ""Hayko"", ""Mko"", ""Հյկո"", ""Մկո"", ""Kargin"", ""Կարգին"", ""Armenia Humor"", ""haykakan humor"", ""Armenian jokes"", ""HD"", ""humor"", ""Հումոր"", ""Kargin haxordum HD"", ""Kargin Haghordum HD"", ""Hayko Mko Kargin Haxordum"", ""jokes""]",,,,False,,,,"Կարգին Հաղորդում  
Hayko Mko Armenian Humor 
Հայկո Մկո Հայկական Հումոր",youtube,False,{},{},False,True,True,processed,hd,2d,rectangular,none,,0,api,2026-08-01T13:53:38+00:00,
2gZ-NK4GJZY,https://www.youtube.com/watch?v=2gZ-NK4GJZY,https://www.youtube.com/watch?v=2gZ-NK4GJZY&list=PLC4FFB3F0AFB8146C&index=9&t=0s,Kargin Haghordum - Sex mashni mech (Hayko Mko),KarginTV,UCEHF-l2v0qhi_IXzrfc3uZg,87,20120615,720301,1316,,25.0,public,hy,"[""24""]","[""Kargin Haghordum"", ""Kargin haxordum"", ""Կարգին Հաղորդում"", ""Hayko Mko"", ""Armenian Humor"", ""Հայկո Մկո"", ""Հայկական Հումոր"", ""Hayko"", ""Mko"", ""Հյկո"", ""Մկո"", ""Kargin"", ""Կարգին"", ""Armenia Humor"", ""haykakan humor"", ""Armenian jokes"", ""HD"", ""humor"", ""Հումոր"", ""Kargin haxordum HD"", ""Kargin Haghordum HD"", ""Hayko Mko Kargin Haxordum"", ""jokes""]",,,,False,,,,"Կարգին Հաղորդում
Hayko Mko Armenian Humor
Հայկո Մկո Հայկական Հումոր",youtube,False,{},{},False,True,True,processed,sd,2d,rectangular,none,,0,api,2026-08-01T13:53:47+00:00,
5RRWJBCoZ-E,https://www.youtube.com/watch?v=5RRWJBCoZ-E,https://www.youtube.com/watch?v=5RRWJBCoZ-E&list=PLDDuEZQEC_uAuSrUXsFVBLNkPQY3BHzLQ&index=14&t=0s,Kargin Haghordum sketch 413 (Hayko Mko),KarginTV,UCEHF-l2v0qhi_IXzrfc3uZg,255,20121228,676440,1742,,49.0,public,hy,"[""24""]","[""Kargin Haghordum"", ""Kargin haxordum"", ""Կարգին Հաղորդում"", ""Hayko Mko"", ""Armenian Humor"", ""Հայկո Մկո"", ""Հայկական Հումոր"", ""Hayko"", ""Mko"", ""Հյկո"", ""Մկո"", ""Kargin"", ""Կարգին"", ""Armenia Humor"", ""haykakan humor"", ""Armenian jokes"", ""HD"", ""humor"", ""Հումոր"", ""Kargin haxordum HD"", ""Kargin Haghordum HD"", ""Hayko Mko Kargin Haxordum"", ""jokes""]",,,,False,,,,"Կարգին Հաղորդում  
Hayko Mko Armenian Humor 
Հայկո Մկո Հայկական Հումոր",youtube,False,{},{},False,True,True,processed,hd,2d,rectangular,none,,0,api,2026-08-01T13:53:47+00:00,
6ugcn6nGbek,https://www.youtube.com/watch?v=6ugcn6nGbek,https://www.youtube.com/watch?v=6ugcn6nGbek&list=PLDDuEZQEC_uAuSrUXsFVBLNkPQY3BHzLQ&index=12&t=0s,Kargin Haghordum sketch 411 (Hayko Mko),KarginTV,UCEHF-l2v0qhi_IXzrfc3uZg,269,20121228,607283,2176,,39.0,public,hy,"[""24""]","[""Kargin Haghordum"", ""Kargin haxordum"", ""Կարգին Հաղորդում"", ""Hayko Mko"", ""Armenian Humor"", ""Հայկո Մկո"", ""Հայկական Հումոր"", ""Hayko"", ""Mko"", ""Հյկո"", ""Մկո"", ""Kargin"", ""Կարգին"", ""Armenia Humor"", ""haykakan humor"", ""Armenian jokes"", ""HD"", ""humor"", ""Հումոր"", ""Kargin haxordum HD"", ""Kargin Haghordum HD"", ""Hayko Mko Kargin Haxordum"", ""jokes""]",,,,False,,,,"Կարգին Հաղորդում  
Hayko Mko Armenian Humor 
Հայկո Մկո Հայկական Հումոր",youtube,False,"{""blocked"": [""RU""]}",{},False,True,True,processed,hd,2d,rectangular,none,,0,api,2026-08-01T13:53:47+00:00,
aUAgkYQ9usg,https://www.youtube.com/watch?v=aUAgkYQ9usg,https://www.youtube.com/watch?v=aUAgkYQ9usg&list=PLDDuEZQEC_uAuSrUXsFVBLNkPQY3BHzLQ&index=161&t=0s,Kargin Haghordum sketch 560 (Hayko Mko),KarginTV,UCEHF-l2v0qhi_IXzrfc3uZg,121,20121228,479353,2466,,82.0,public,hy,"[""24""]","[""Kargin Haghordum"", ""Kargin haxordum"", ""Կարգին Հաղորդում"", ""Hayko Mko"", ""Armenian Humor"", ""Հայկո Մկո"", ""Հայկական Հումոր"", ""Hayko"", ""Mko"", ""Հյկո"", ""Մկո"", ""Kargin"", ""Կարգին"", ""Armenia Humor"", ""haykakan humor"", ""Armenian jokes"", ""HD"", ""humor"", ""Հումոր"", ""Kargin haxordum HD"", ""Kargin Haghordum HD"", ""Hayko Mko Kargin Haxordum"", ""jokes""]",,,,False,,,,"Կարգին Հաղորդում  
Hayko Mko Armenian Humor 
Հայկո Մկո Հայկական Հումոր",youtube,True,{},{},False,True,True,processed,hd,2d,rectangular,none,,0,api,2026-08-01T13:53:47+00:00,
lp8MI6ZnwhM,https://www.youtube.com/watch?v=lp8MI6ZnwhM,https://www.youtube.com/watch?v=lp8MI6ZnwhM&list=PLC4FFB3F0AFB8146C&index=195&t=0s,Kargin Haghordum sketch 192 (Hayko Mko),KarginTV,UCEHF-l2v0qhi_IXzrfc3uZg,85,20121227,137998,745,,11.0,public,hy,"[""24""]","[""Kargin Haghordum"", ""Kargin haxordum"", ""Կարգին Հաղորդում"", ""Hayko Mko"", ""Armenian Humor"", ""Հայկո Մկո"", ""Հայկական Հումոր"", ""Hayko"", ""Mko"", ""Հյկո"", ""Մկո"", ""Kargin"", ""Կարգին"", ""Armenia Humor"", ""haykakan humor"", ""Armenian jokes"", ""HD"", ""humor"", ""Հումոր"", ""Kargin haxordum HD"", ""Kargin Haghordum HD"", ""Hayko Mko Kargin Haxordum"", ""jokes""]",,,,False,,,,"Կարգին Հաղորդում  
Hayko Mko Armenian Humor 
Հայկո Մկո Հայկական Հումոր",youtube,True,{},{},False,True,True,processed,hd,2d,rectangular,none,,0,api,2026-08-01T13:53:48+00:00,
yFLpnsZX3OI,https://www.youtube.com/watch?v=yFLpnsZX3OI,https://www.youtube.com/watch?v=yFLpnsZX3OI&list=PLDDuEZQEC_uAuSrUXsFVBLNkPQY3BHzLQ&index=5&t=0s,Kargin Haghordum sketch 404 (Hayko Mko),KarginTV,UCEHF-l2v0qhi_IXzrfc3uZg,150,20121228,533270,1642,,29.0,public,hy,"[""24""]","[""Kargin Haghordum"", ""Kargin haxordum"", ""Կարգին Հաղորդում"", ""Hayko Mko"", ""Armenian Humor"", ""Հայկո Մկո"", ""Հայկական Հումոր"", ""Hayko"", ""Mko"", ""Հյկո"", ""Մկո"", ""Kargin"", ""Կարգին"", ""Armenia Humor"", ""haykakan humor"", ""Armenian jokes"", ""HD"", ""humor"", ""Հումոր"", ""Kargin haxordum HD"", ""Kargin Haghordum HD"", ""Hayko Mko Kargin Haxordum"", ""jokes""]",,,,False,,,,"Կարգին Հաղորդում  
Hayko Mko Armenian Humor 
Հայկո Մկո Հայկական Հումոր",youtube,True,{},{},False,True,True,processed,hd,2d,rectangular,none,,0,api,2026-08-01T13:53:48+00:00,
hp0U2719O0A,https://www.youtube.com/watch?v=hp0U2719O0A,https://www.youtube.com/watch?v=hp0U2719O0A,Kargin Haghordum sketch 672 (Hayko Mko),KarginTV,UCEHF-l2v0qhi_IXzrfc3uZg,176,20130411,455591,1773,,24.0,public,hy,"[""24""]","[""Kargin Haghordum"", ""Kargin haxordum"", ""Կարգին Հաղորդում"", ""Hayko Mko"", ""Armenian Humor"", ""Հայկո Մկո"", ""Հայկական Հումոր"", ""Hayko"", ""Mko"", ""Հյկո"", ""Մկո"", ""Kargin"", ""Կարգին"", ""Armenia Humor"", ""haykakan humor"", ""Armenian jokes"", ""HD"", ""humor"", ""Հումոր"", ""Kargin haxordum HD"", ""Kargin Haghordum HD"", ""Hayko Mko Kargin Haxordum"", ""jokes""]",,,,False,,,,"Կարգին Հաղորդում  
Hayko Mko Armenian Humor 
Հայկո Մկո Հայկական Հումոր",youtube,True,{},{},False,True,True,processed,hd,2d,rectangular,none,,0,api,2026-08-01T13:53:34+00:00,
